Index,demand
0,0.08052047
1,0.05454351
2,0.05598923
3,0.06191684
4,0.05880548
5,0.06853427
6,0.05756748
7,0.06321785
8,0.05784195
9,0.06694195
10,0.06204987
11,0.26710194
12,0.27980548
13,0.060919184
14,0.062038735
15,0.057692666
16,0.06843547
17,0.05985685
18,0.056300517
19,0.06556623
20,0.06452745
21,0.055994764
22,0.059876893
23,0.06434037
24,0.5606101
25,0.06489873
26,0.07140733
27,0.05884811
28,0.062554196
29,0.06501663
30,0.06397381
31,0.061393674
32,0.0730616
33,0.06122448
34,0.2615018
35,0.59393615
36,0.066783495
37,0.0634666
38,0.061953265
39,0.05532241
40,0.055136185
41,0.05898228
42,0.06638962
43,0.057363685
44,0.0589154
45,0.067664035
46,0.07545157
47,0.58420604
48,0.06489372
49,0.052132554
50,0.26127765
51,0.05916379
52,0.056649707
53,0.06694195
54,0.06533493
55,0.06763678
56,0.05498208
57,0.05673258
58,0.052132554
59,0.06316067
60,0.06299045
61,0.0634666
62,0.05771943
63,0.061639167
64,0.0593445
65,0.60905904
66,0.060698014
67,0.06295468
68,0.0730616
69,0.054826315
70,0.07231405
71,0.058456577
72,0.0615749
73,0.064226225
74,0.05365574
75,0.055842794
76,0.061769325
77,0.060105477
78,0.0639306
79,0.06348123
80,0.06285065
81,0.06244841
82,0.058952812
83,0.057587016
84,0.06821775
85,0.061958753
86,0.057569336
87,0.6098602
88,0.07060863
89,0.06402381
90,0.06022028
91,0.058389913
92,0.0630822
93,0.058545016
94,0.052453253
95,0.071212746
96,0.07545157
97,0.069964536
98,0.061864942
99,0.06795001
100,0.06489372
101,0.05598923
102,0.059450727
103,0.04080924
104,0.07150312
105,0.060110472
106,0.055842794
107,0.059341203
108,0.54324985
109,0.0564256
110,0.06819849
111,0.06400008
112,0.06424334
113,0.055136185
114,0.057723016
115,0.059098158
116,0.06516543
117,0.059795815
118,0.059865266
119,0.058653288
120,0.060616832
121,0.067910396
122,0.054826315
123,0.058325455
124,0.06191684
125,0.058586493
126,0.058673073
127,0.27650377
128,0.062518954
129,0.059857514
130,0.057725593
131,0.060563974
132,0.05821269
133,0.04967022
134,0.0559861
135,0.06299045
136,0.0582989
137,0.06266786
138,0.28071204
139,0.055994764
140,0.061834447
141,0.06746466
142,0.062554196
143,0.06345426
144,0.05630233
145,0.0679833
146,0.057639387
147,0.060666144
148,0.057684414
149,0.06638962
150,0.0587966
151,0.055910137
152,0.061834447
153,0.0602032
154,0.06131746
155,0.05771943
156,0.266965
157,0.06285971
158,0.059466936
159,0.06703917
160,0.061256737
161,0.058551237
162,0.061505638
163,0.06418751
164,0.60940194
165,0.066512346
166,0.05919306
167,0.061909307
168,0.06181414
169,0.052623197
170,0.07031068
171,0.058963712
172,0.06180852
173,0.05753725
174,0.058456577
175,0.06763678
176,0.05630233
177,0.06094468
178,0.056825116
179,0.0626713
180,0.062638156
181,0.27782512
182,0.47389698
183,0.06635297
184,0.06843547
185,0.060330886
186,0.06273604
187,0.059061304
188,0.060666144
189,0.061834447
190,0.051564652
191,0.058586493
192,0.061256737
193,0.052663818
194,0.057533
195,0.058701005
196,0.057587016
197,0.057723016
198,0.062282212
199,0.05584362
200,0.07042704
201,0.06292356
202,0.06502057
203,0.06770358
204,0.067339346
205,0.053965602
206,0.06145053
207,0.05778263
208,0.058456756
209,0.06839136
210,0.054238543
211,0.05805839
212,0.059068747
213,0.06180852
214,0.058653288
215,0.0561904
216,0.05919203
217,0.06191684
218,0.056270257
219,0.056937303
220,0.0605958
221,0.064492926
222,0.06172208
223,0.0680889
224,0.061480902
225,0.06259898
226,0.058467694
227,0.060486145
228,0.05773141
229,0.06773887
230,0.05833537
231,0.060024504
232,0.05772917
233,0.059876893
234,0.27228045
235,0.061402135
236,0.05673258
237,0.059641127
238,0.060698014
239,0.061722737
240,0.055536345
241,0.06522144
242,0.060919184
243,0.26637214
244,0.05630872
245,0.068095535
246,0.061769325
247,0.058819134
248,0.061565746
249,0.05884811
250,0.06635297
251,0.06555119
252,0.059068747
253,0.06609516
254,0.06288201
255,0.061769325
256,0.062238704
257,0.05454351
258,0.1088115
259,0.057723016
260,0.05821269
261,0.26220936
262,0.062422566
263,0.49867538
264,0.06366372
265,0.062638156
266,0.061864942
267,0.05784195
268,0.0578071
269,0.058638737
270,0.26837522
271,0.061289098
272,0.5720609
273,0.061109897
274,0.07465563
275,0.054127347
276,0.06422016
277,0.06461535
278,0.059997093
279,0.061091255
280,0.07072499
281,0.28197685
282,0.0679833
283,0.061289098
284,0.058524225
285,0.062186174
286,0.060321517
287,0.2656255
288,0.06340041
289,0.08440741
290,0.05899044
291,0.06238709
292,0.555858
293,0.06403809
294,0.06230358
295,0.26700482
296,0.28198817
297,0.062282212
298,0.063003436
299,0.0639419
300,0.06203266
301,0.058294177
302,0.27244106
303,0.05410953
304,0.059094146
305,0.29638413
306,0.26397824
307,0.067910396
308,0.26702547
309,0.5819433
310,0.06191684
311,0.05365574
312,0.053537168
313,0.05353637
314,0.058157448
315,0.056754973
316,0.55462104
317,0.06031092
318,0.06489372
319,0.55304
320,0.059466936
321,0.05772917
322,0.27653733
323,0.05630872
324,0.058462266
325,0.059641127
326,0.055241667
327,0.057728216
328,0.059608296
329,0.06556623
330,0.062422566
331,0.06821775
332,0.057382606
333,0.26182187
334,0.26220936
335,0.063145965
336,0.062172573
337,0.26659736
338,0.2749753
339,0.062638156
340,0.4979903
341,0.5429685
342,0.26493657
343,0.060563974
344,0.06853427
345,0.061601475
346,0.05598923
347,0.06526026
348,0.062422566
349,0.06489169
350,0.058407392
351,0.062217455
352,0.06452745
353,0.08440741
354,0.05355641
355,0.0634666
356,0.0609406
357,0.058673073
358,0.059094146
359,0.059098158
360,0.059255328
361,0.061171792
362,0.27606502
363,0.060024504
364,0.056248516
365,0.56379706
366,0.51838905
367,0.54530394
368,0.057415087
369,0.062289562
370,0.061909307
371,0.060195263
372,0.26719192
373,0.05919306
374,0.06461535
375,0.06489169
376,0.06344074
377,0.058819134
378,0.06106333
379,0.05771415
380,0.065800466
381,0.26397824
382,0.05875054
383,0.06203266
384,0.060547944
385,0.06397381
386,0.06843547
387,0.07704014
388,0.067037456
389,0.05919306
390,0.059098158
391,0.06229012
392,0.06466463
393,0.07545157
394,0.5701004
395,0.5864911
396,0.5722471
397,0.062554196
398,0.0697078
399,0.05536923
400,0.059179787
401,0.2675217
402,0.06555119
403,0.06174477
404,0.058462266
405,0.071135804
406,0.059997093
407,0.26805228
408,0.06272574
409,0.55861497
410,0.2668277
411,0.0626821
412,0.05652333
413,0.067910396
414,0.054435022
415,0.06351448
416,0.05504351
417,0.06226543
418,0.059094146
419,0.06614692
420,0.056494057
421,0.057663344
422,0.059865266
423,0.06469067
424,0.53416723
425,0.58235115
426,0.57717735
427,0.07150312
428,0.05793249
429,0.2730775
430,0.05875054
431,0.06547722
432,0.05532241
433,0.064226225
434,0.061393674
435,0.053924236
436,0.059990317
437,0.05773141
438,0.55705744
439,0.6331551
440,0.069511294
441,0.05916379
442,0.058389913
443,0.2757891
444,0.06107525
445,0.2693494
446,0.06131015
447,0.07226805
448,0.060024504
449,0.057379354
450,0.052623197
451,0.059992637
452,0.060158726
453,0.26768705
454,0.55593187
455,0.06288475
456,0.06074837
457,0.062050007
458,0.27555516
459,0.06627473
460,0.26941636
461,0.06627473
462,0.06556623
463,0.05805988
464,0.064492926
465,0.060919184
466,0.058456756
467,0.063145965
468,0.28031522
469,0.56300205
470,0.52686465
471,0.53049093
472,0.065330766
473,0.058819134
474,0.3032068
475,0.5472615
476,0.05753725
477,0.07513271
478,0.065330766
479,0.065547794
480,0.27423996
481,0.06322546
482,0.056130953
483,0.27319255
484,0.2688907
485,0.24181898
486,0.5179976
487,0.063702576
488,0.06254656
489,0.066547245
490,0.2700567
491,0.0615749
492,0.065083295
493,0.532129
494,0.07026475
495,0.0589154
496,0.061091255
497,0.05227204
498,0.059212282
499,0.26397824
500,0.52188665
501,0.5219638
502,0.5452898
503,0.55396277
504,0.058673073
505,0.06384692
506,0.2595914
507,0.05919203
508,0.06299045
509,0.060024504
510,0.058608938
511,0.06295468
512,0.06273986
513,0.060621325
514,0.6325085
515,0.060178775
516,0.095909506
517,0.052663818
518,0.059397627
519,0.05907987
520,0.051614877
521,0.05648802
522,0.052778415
523,0.057725593
524,0.061769325
525,0.05898228
526,0.06626938
527,0.061091255
528,0.062391907
529,0.5962559
530,0.50762665
531,0.5274079
532,0.511771
533,0.60753024
534,0.06048847
535,0.059608296
536,0.057457943
537,0.05673258
538,0.06181414
539,0.057639387
540,0.05898228
541,0.05454351
542,0.05778263
543,0.060616832
544,0.059466936
545,0.052453253
546,0.06443662
547,0.059356797
548,0.06434037
549,0.052353542
550,0.057363685
551,0.05672343
552,0.063155
553,0.07465563
554,0.06601374
555,0.061957974
556,0.05947742
557,0.26673707
558,0.6178321
559,0.60417366
560,0.53537494
561,0.6806296
562,0.6056679
563,0.059098158
564,0.060195263
565,0.063747354
566,0.057639387
567,0.06830361
568,0.07031068
569,0.05941722
570,0.55436814
571,0.062638156
572,0.059990317
573,0.05962544
574,0.06533493
575,0.060669575
576,0.06320638
577,0.05630233
578,0.07140733
579,0.057382606
580,0.061722737
581,0.059916794
582,0.064941235
583,0.05598923
584,0.06322546
585,0.60471016
586,0.59042215
587,0.27851835
588,0.5730523
589,0.5429685
590,0.60089767
591,0.0691974
592,0.057728216
593,0.067007616
594,0.065152675
595,0.060195263
596,0.05784195
597,0.06288201
598,0.054769076
599,0.5334973
600,0.061068922
601,0.27389815
602,0.057327177
603,0.06276138
604,0.059179787
605,0.06127885
606,0.27650377
607,0.05646077
608,0.06244841
609,0.06204987
610,0.06154317
611,0.557161
612,0.5546956
613,0.26580644
614,0.06130594
615,0.57769173
616,0.056649707
617,0.069851294
618,0.06491315
619,0.0626713
620,0.06273604
621,0.05916379
622,0.25311542
623,0.06274409
624,0.27548015
625,0.059916794
626,0.06320638
627,0.06131746
628,0.05450852
629,0.060393155
630,0.059134834
631,0.053924236
632,0.055549126
633,0.27745405
634,0.28114876
635,0.06323959
636,0.054970242
637,0.062038735
638,0.06047312
639,0.050740495
640,0.062101077
641,0.06556623
642,0.27216846
643,0.057587016
644,0.056754973
645,0.09518938
646,0.075799376
647,0.05987951
648,0.05753725
649,0.052631713
650,0.054435022
651,0.061565746
652,0.06204911
653,0.063031994
654,0.06384692
655,0.06148436
656,0.06229012
657,0.05984336
658,0.56181043
659,0.59406334
660,0.05888172
661,0.062903196
662,0.061898645
663,0.059183735
664,0.06509695
665,0.06006334
666,0.057728216
667,0.060710736
668,0.052623197
669,0.05941722
670,0.058157448
671,0.0594004
672,0.062856786
673,0.05898228
674,0.25390556
675,0.06763678
676,0.059450727
677,0.058586374
678,0.062152978
679,0.060842626
680,0.27367762
681,0.066547245
682,0.06191684
683,0.071212746
684,0.0601032
685,0.06702318
686,0.062089063
687,0.061984885
688,0.064870454
689,0.057723016
690,0.060117792
691,0.05825593
692,0.26831967
693,0.06770358
694,0.06560807
695,0.28198817
696,0.06469067
697,0.06555119
698,0.057591535
699,0.06126876
700,0.062038735
701,0.58690107
702,0.060493547
703,0.05403417
704,0.05598923
705,0.06830361
706,0.062518954
707,0.064492926
708,0.06272574
709,0.06228891
710,0.055547837
711,0.06614692
712,0.055537973
713,0.05862694
714,0.065100804
715,0.061256737
716,0.06480067
717,0.06206608
718,0.057773337
719,0.052631713
720,0.06285971
721,0.059450727
722,0.072131686
723,0.2693166
724,0.5526421
725,0.2626332
726,0.06614692
727,0.04080924
728,0.06226543
729,0.052453253
730,0.060666144
731,0.05899044
732,0.62158054
733,0.06556623
734,0.05833537
735,0.058586374
736,0.06030879
737,0.07513271
738,0.072131686
739,0.51809937
740,0.057457943
741,0.058718577
742,0.06885481
743,0.06228891
744,0.05862694
745,0.0748693
746,0.067007616
747,0.06461535
748,0.061480902
749,0.056249008
750,0.06839136
751,0.057587016
752,0.05406824
753,0.059666187
754,0.065152675
755,0.06174477
756,0.067339346
757,0.064126745
758,0.06354336
759,0.058605917
760,0.06450424
761,0.07465563
762,0.06030879
763,0.6042596
764,0.05980265
765,0.063702576
766,0.09334644
767,0.057684414
768,0.054127347
769,0.0615854
770,0.06627816
771,0.059341203
772,0.057681695
773,0.060746014
774,0.066187814
775,0.05862694
776,0.2702803
777,0.05898228
778,0.064492926
779,0.058819134
780,0.268239
781,0.0595358
782,0.06174477
783,0.05504351
784,0.06017127
785,0.067066364
786,0.2667103
787,0.06424334
788,0.05962544
789,0.060754903
790,0.062089063
791,0.058294177
792,0.06424334
793,0.065100804
794,0.061256737
795,0.075799376
796,0.05919203
797,0.07226371
798,0.2663772
799,0.062101077
800,0.062089063
801,0.05875054
802,0.058862153
803,0.06204987
804,0.067910396
805,0.06126876
806,0.061091255
807,0.056130953
808,0.059795815
809,0.06154317
810,0.062362768
811,0.07060863
812,0.06489372
813,0.06839136
814,0.06036463
815,0.057327177
816,0.06581711
817,0.056825116
818,0.05833537
819,0.06122448
820,0.05835717
821,0.060065106
822,0.06274409
823,0.061289098
824,0.054769076
825,0.06418751
826,0.062149808
827,0.07465563
828,0.056130953
829,0.059098158
830,0.057663344
831,0.056599606
832,0.05715125
833,0.071135804
834,0.058586493
835,0.062172573
836,0.059061304
837,0.05862694
838,0.063820705
839,0.06364298
840,0.058783446
841,0.065250464
842,0.060493547
843,0.058456577
844,0.059916794
845,0.058993895
846,0.058389913
847,0.05805988
848,0.061415117
849,0.060698014
850,0.060486145
851,0.06074837
852,0.052663818
853,0.059006985
854,0.07035397
855,0.07226805
856,0.061601475
857,0.05536923
858,0.06403809
859,0.06560807
860,0.04080924
861,0.0634666
862,0.058993492
863,0.06230358
864,0.050740495
865,0.062554196
866,0.060660567
867,0.07042704
868,0.058545016
869,0.052132554
870,0.06795001
871,0.06469067
872,0.06596356
873,0.06333896
874,0.058653288
875,0.06480067
876,0.06469067
877,0.06131746
878,0.060849193
879,0.059343085
880,0.06279462
881,0.05962544
882,0.06106333
883,0.058801353
884,0.062089063
885,0.05980265
886,0.054019038
887,0.06234202
888,0.063049614
889,0.057830412
890,0.06507296
891,0.060742695
892,0.060983244
893,0.07332085
894,0.062397726
895,0.06317862
896,0.060710106
897,0.06457715
898,0.05830551
899,0.06009497
900,0.060074862
901,0.05877599
902,0.2813266
903,0.059099946
904,0.05830551
905,0.062390096
906,0.049884897
907,0.43020403
908,0.057958763
909,0.06395177
910,0.057883255
911,0.060027644
912,0.06687731
913,0.27170637
914,0.058383483
915,0.6233138
916,0.059036385
917,0.059464548
918,0.058842465
919,0.05795316
920,0.07332085
921,0.06152436
922,0.061970502
923,0.06271994
924,0.057802785
925,0.060220983
926,0.063723646
927,0.5965975
928,0.06247539
929,0.07978087
930,0.061638597
931,0.061542235
932,0.054935053
933,0.06309113
934,0.05666743
935,0.059676036
936,0.07261247
937,0.058383483
938,0.47079778
939,0.05915006
940,0.06424888
941,0.2739602
942,0.06077856
943,0.45194563
944,0.058737267
945,0.0579973
946,0.063380174
947,0.059345342
948,0.0647667
949,0.06588588
950,0.059135664
951,0.06350617
952,0.05537908
953,0.057774562
954,0.057557717
955,0.05769479
956,0.26619306
957,0.05800226
958,0.063790806
959,0.05892525
960,0.06310838
961,0.061970867
962,0.05708535
963,0.05067228
964,0.060074862
965,0.06198584
966,0.053751048
967,0.06215965
968,0.062017113
969,0.055852644
970,0.053105373
971,0.060426187
972,0.059120804
973,0.06501484
974,0.27014133
975,0.06031343
976,0.060265187
977,0.05726144
978,0.26707298
979,0.06568764
980,0.062390096
981,0.061952956
982,0.0635745
983,0.059466917
984,0.06602198
985,0.070045575
986,0.058543917
987,0.2634616
988,0.27631837
989,0.060265187
990,0.063975245
991,0.06410563
992,0.06009497
993,0.07016833
994,0.0603715
995,0.05590606
996,0.059530362
997,0.06495235
998,0.059003778
999,0.063028425
1000,0.053751048
1001,0.5587031
1002,0.056160416
1003,0.055852644
1004,0.061138466
1005,0.062243365
1006,0.05841535
1007,0.06237407
1008,0.06380285
1009,0.060716137
1010,0.061550807
1011,0.053460985
1012,0.062912814
1013,0.05887373
1014,0.05710693
1015,0.059036385
1016,0.0643292
1017,0.05940396
1018,0.05696965
1019,0.06195827
1020,0.060290582
1021,0.26698905
1022,0.059232246
1023,0.061638597
1024,0.06937269
1025,0.060511447
1026,0.06383916
1027,0.05919377
1028,0.06818796
1029,0.064507805
1030,0.061095472
1031,0.057017747
1032,0.28060892
1033,0.05543266
1034,0.05834905
1035,0.06778428
1036,0.056486227
1037,0.059160553
1038,0.06159807
1039,0.071198605
1040,0.075085744
1041,0.056646418
1042,0.06023725
1043,0.059621096
1044,0.0582286
1045,0.060426187
1046,0.059515897
1047,0.059162807
1048,0.27092433
1049,0.2774108
1050,0.25710654
1051,0.05676773
1052,0.06300515
1053,0.06336051
1054,0.061970867
1055,0.058961324
1056,0.06153101
1057,0.06337069
1058,0.52691376
1059,0.06086217
1060,0.069273286
1061,0.0603715
1062,0.06473349
1063,0.06777043
1064,0.06759457
1065,0.063311666
1066,0.059599746
1067,0.054721996
1068,0.06237407
1069,0.0598125
1070,0.06501171
1071,0.0574447
1072,0.0603715
1073,0.07332085
1074,0.05945406
1075,0.060274888
1076,0.05932545
1077,0.052837875
1078,0.5778914
1079,0.05523583
1080,0.06215965
1081,0.058682326
1082,0.06473349
1083,0.061907455
1084,0.0617914
1085,0.061638597
1086,0.06065387
1087,0.055561952
1088,0.048398163
1089,0.06337069
1090,0.06501171
1091,0.058957696
1092,0.056258857
1093,0.060070015
1094,0.050210405
1095,0.062012814
1096,0.05919377
1097,0.06686144
1098,0.055852644
1099,0.06319228
1100,0.06380285
1101,0.06209742
1102,0.0617617
1103,0.056486227
1104,0.06215423
1105,0.06081156
1106,0.057941753
1107,0.07948017
1108,0.06090195
1109,0.06336051
1110,0.059466917
1111,0.05432379
1112,0.060635187
1113,0.055019774
1114,0.0650363
1115,0.06473349
1116,0.058868002
1117,0.061134387
1118,0.059437964
1119,0.06627933
1120,0.061356127
1121,0.06457715
1122,0.062389553
1123,0.060716137
1124,0.05877315
1125,0.06856729
1126,0.058687303
1127,0.05910559
1128,0.06777043
1129,0.056947257
1130,0.06280416
1131,0.06247539
1132,0.059676036
1133,0.060839813
1134,0.069452785
1135,0.5587397
1136,0.058092967
1137,0.06065387
1138,0.059160553
1139,0.06237407
1140,0.056947257
1141,0.060717337
1142,0.07102341
1143,0.06320339
1144,0.06041058
1145,0.25743306
1146,0.05887373
1147,0.065450445
1148,0.06532767
1149,0.069324
1150,0.061138466
1151,0.061996084
1152,0.056486227
1153,0.06659003
1154,0.057203896
1155,0.06652657
1156,0.058570817
1157,0.057971224
1158,0.06174473
1159,0.5930311
1160,0.05837317
1161,0.07676341
1162,0.27184737
1163,0.0589207
1164,0.2587696
1165,0.26190603
1166,0.053987253
1167,0.060529623
1168,0.055019774
1169,0.0589207
1170,0.27088737
1171,0.057203896
1172,0.27189863
1173,0.06408011
1174,0.05834905
1175,0.057688896
1176,0.062397726
1177,0.057421222
1178,0.061638597
1179,0.05843917
1180,0.06059647
1181,0.055019774
1182,0.064519286
1183,0.07367564
1184,0.056523398
1185,0.05727349
1186,0.05571876
1187,0.057883255
1188,0.3027487
1189,0.26833382
1190,0.058511343
1191,0.06359587
1192,0.059855532
1193,0.05708535
1194,0.061088044
1195,0.5452634
1196,0.052837875
1197,0.053460985
1198,0.25831622
1199,0.2731993
1200,0.06111585
1201,0.060132556
1202,0.059268933
1203,0.05864844
1204,0.061453097
1205,0.059721015
1206,0.056219775
1207,0.06325281
1208,0.26574478
1209,0.26341394
1210,0.06325281
1211,0.27003828
1212,0.56024903
1213,0.056043565
1214,0.070659176
1215,0.05902783
1216,0.06279789
1217,0.059621096
1218,0.05295213
1219,0.59865135
1220,0.07003002
1221,0.058604583
1222,0.4893218
1223,0.062245574
1224,0.061350662
1225,0.26550755
1226,0.059599746
1227,0.06336051
1228,0.060082033
1229,0.061170384
1230,0.06164142
1231,0.058687303
1232,0.06383916
1233,0.05907783
1234,0.062834375
1235,0.06554315
1236,0.061616365
1237,0.0682332
1238,0.26913986
1239,0.49568412
1240,0.27849504
1241,0.05543266
1242,0.26553634
1243,0.26152027
1244,0.06829955
1245,0.5423295
1246,0.8814126
1247,0.25743306
1248,0.06486236
1249,0.059101187
1250,0.06266543
1251,0.06658668
1252,0.07839127
1253,0.06329426
1254,0.07102341
1255,0.06347278
1256,0.057802785
1257,0.055852644
1258,0.063975245
1259,0.059160553
1260,0.06436108
1261,0.055709593
1262,0.061415657
1263,0.063408844
1264,0.06041058
1265,0.061345465
1266,0.056587003
1267,0.26629415
1268,0.057773735
1269,0.05415726
1270,0.5797144
1271,0.56078297
1272,0.56800795
1273,0.05726144
1274,0.06687731
1275,0.059922952
1276,0.05578361
1277,0.2762211
1278,0.06159807
1279,0.060674053
1280,0.059599746
1281,0.061209768
1282,0.05737449
1283,0.06367347
1284,0.061345465
1285,0.05571876
1286,0.27265215
1287,0.06102432
1288,0.06111115
1289,0.06086542
1290,0.09170823
1291,0.06328887
1292,0.06701281
1293,0.06280416
1294,0.06086542
1295,0.059855532
1296,0.06237407
1297,0.0575679
1298,0.0617914
1299,0.56008404
1300,0.60764045
1301,0.543244
1302,0.062067755
1303,0.0635745
1304,0.0650363
1305,0.27251512
1306,0.050210405
1307,0.056258857
1308,0.062390096
1309,0.053751048
1310,0.05710693
1311,0.059264444
1312,0.061356127
1313,0.27003828
1314,0.061616365
1315,0.56756186
1316,0.25774384
1317,0.057039794
1318,0.06748161
1319,0.062017113
1320,0.07060556
1321,0.06189092
1322,0.06222323
1323,0.057017747
1324,0.061220866
1325,0.06344377
1326,0.061096013
1327,0.060839813
1328,0.058214694
1329,0.06726755
1330,0.4976424
1331,0.51810557
1332,0.5483449
1333,0.061345465
1334,0.26878822
1335,0.26470694
1336,0.056042276
1337,0.06748161
1338,0.059160553
1339,0.058127973
1340,0.057688896
1341,0.063620694
1342,0.574191
1343,0.51072496
1344,0.056366578
1345,0.0635745
1346,0.057954054
1347,0.06694715
1348,0.061233282
1349,0.55344534
1350,0.0582286
1351,0.058534242
1352,0.06325454
1353,0.058506675
1354,0.06484017
1355,0.05906636
1356,0.5376198
1357,0.5195522
1358,0.043135077
1359,0.06887464
1360,0.062006146
1361,0.07134048
1362,0.062042244
1363,0.06031343
1364,0.061638597
1365,0.06131148
1366,0.056938108
1367,0.06856729
1368,0.052270886
1369,0.060530722
1370,0.057784013
1371,0.06319228
1372,0.55708104
1373,0.5555205
1374,0.48214954
1375,0.26654014
1376,0.050210405
1377,0.059160553
1378,0.259348
1379,0.5275277
1380,0.05940396
1381,0.06350454
1382,0.060082033
1383,0.052377477
1384,0.06830169
1385,0.26497042
1386,0.056587003
1387,0.26120776
1388,0.26194113
1389,0.27320057
1390,0.51077956
1391,0.061096013
1392,0.060070015
1393,0.057708263
1394,0.05907783
1395,0.062067755
1396,0.06285246
1397,0.6257785
1398,0.06174473
1399,0.049884897
1400,0.05968423
1401,0.060918782
1402,0.056597363
1403,0.5482557
1404,0.26194113
1405,0.5099592
1406,0.55366457
1407,0.05795316
1408,0.2669793
1409,0.2712345
1410,0.055396535
1411,0.0714565
1412,0.060290582
1413,0.059721015
1414,0.27703413
1415,0.26190603
1416,0.0640101
1417,0.4730155
1418,0.2741257
1419,0.12958692
1420,0.056366578
1421,0.056531064
1422,0.06325281
1423,0.062003188
1424,0.06081156
1425,0.052837875
1426,0.058868002
1427,0.06402809
1428,0.06261717
1429,0.06627933
1430,0.057688896
1431,0.06558988
1432,0.5574923
1433,0.5487925
1434,0.6417396
1435,0.5178694
1436,0.49147516
1437,0.06131148
1438,0.06778428
1439,0.059101187
1440,0.06869148
1441,0.057988014
1442,0.055852644
1443,0.06312018
1444,0.059816957
1445,0.06285246
1446,0.070780806
1447,0.05553795
1448,0.059954103
1449,0.054342024
1450,0.060716137
1451,0.050142523
1452,0.061952956
1453,0.059140097
1454,0.061938066
1455,0.06498601
1456,0.05459253
1457,0.058145713
1458,0.06291615
1459,0.27386186
1460,0.25127244
1461,0.63071793
1462,0.5080553
1463,0.55533344
1464,0.71197
1465,0.061670244
1466,0.05834905
1467,0.06605216
1468,0.059220225
1469,0.06131148
1470,0.06956135
1471,0.060274888
1472,0.56859905
1473,0.059845652
1474,0.063208796
1475,0.059893463
1476,0.063723646
1477,0.055835903
1478,0.06405661
1479,0.066134945
1480,0.088797964
1481,0.070780806
1482,0.064657405
1483,0.056520704
1484,0.061550807
1485,0.49917558
1486,0.48608863
1487,0.27166295
1488,0.5460565
1489,0.5469222
1490,0.6525231
1491,0.059101187
1492,0.06481937
1493,0.057557717
1494,0.06956135
1495,0.06931227
1496,0.06252843
1497,0.064230956
1498,0.06283764
1499,0.56195223
1500,0.063975245
1501,0.5504015
1502,0.060710106
1503,0.088797964
1504,0.056646418
1505,0.062851466
1506,0.06554315
1507,0.059984546
1508,0.06215965
1509,0.25833485
1510,0.49025756
1511,0.49453813
1512,0.5869091
1513,0.06568764
1514,0.6103646
1515,0.059462797
1516,0.06268576
1517,0.057830412
1518,0.068497665
1519,0.058868002
1520,0.068497665
1521,0.26925737
1522,0.055459514
1523,0.26071894
1524,0.058383483
1525,0.06031343
1526,0.063380174
1527,0.05932545
1528,0.06031343
1529,0.057017747
1530,0.0625313
1531,0.06726755
1532,0.27766
1533,0.058076885
1534,0.06192327
1535,0.059462942
1536,0.06065387
1537,0.06210634
1538,0.061024312
1539,0.059120804
1540,0.06117218
1541,0.26733702
1542,0.06164142
1543,0.05179269
1544,0.06031343
1545,0.06532767
1546,0.062834375
1547,0.061907455
1548,0.05501787
1549,0.06031343
1550,0.061541706
1551,0.055933755
1552,0.06622598
1553,0.064657405
1554,0.060684085
1555,0.053244777
1556,0.59112006
1557,0.2741257
1558,0.057941753
1559,0.06192327
1560,0.057688896
1561,0.061970502
1562,0.06607871
1563,0.088797964
1564,0.06457715
1565,0.052270886
1566,0.07134048
1567,0.065285824
1568,0.060416438
1569,0.056947257
1570,0.060290582
1571,0.26497042
1572,0.05415726
1573,0.08167775
1574,0.05881315
1575,0.06153101
1576,0.059328716
1577,0.25743306
1578,0.06386396
1579,0.06086542
1580,0.05553795
1581,0.05887186
1582,0.06090195
1583,0.063359044
1584,0.054342024
1585,0.060410902
1586,0.06605216
1587,0.058930125
1588,0.06627933
1589,0.058570817
1590,0.06281614
1591,0.06210634
1592,0.049282137
1593,0.055704337
1594,0.06484017
1595,0.06300515
1596,0.063028425
1597,0.07332085
1598,0.058506675
1599,0.2716077
1600,0.058737267
1601,0.05915006
1602,0.061871644
1603,0.059816957
1604,0.066118605
1605,0.06486236
1606,0.06408011
1607,0.06856729
1608,0.06078969
1609,0.05834905
1610,0.06189092
1611,0.06025337
1612,0.065450445
1613,0.26460543
1614,0.061638597
1615,0.06473349
1616,0.0625313
1617,0.05759459
1618,0.057148296
1619,0.06025337
1620,0.054541517
1621,0.069789395
1622,0.2752991
1623,0.5599357
1624,0.053786956
1625,0.07332085
1626,0.060274888
1627,0.061114337
1628,0.05738542
1629,0.057708263
1630,0.06073302
1631,0.06252843
1632,0.57145184
1633,0.055704337
1634,0.062017113
1635,0.069789395
1636,0.055504844
1637,0.058534242
1638,0.08167775
1639,0.56179726
1640,0.062017113
1641,0.063208796
1642,0.06242004
1643,0.061248578
1644,0.057971224
1645,0.058682326
1646,0.057148296
1647,0.0698816
1648,0.054342024
1649,0.055216722
1650,0.05446909
1651,0.061344195
1652,0.06501171
1653,0.057184212
1654,0.06247539
1655,0.06210634
1656,0.06000103
1657,0.063790806
1658,0.07839127
1659,0.06221861
1660,0.059721015
1661,0.055835903
1662,0.060856514
1663,0.5609025
1664,0.06077856
1665,0.057393186
1666,0.061952956
1667,0.0579973
1668,0.056947153
1669,0.06098715
1670,0.063049614
1671,0.26808658
1672,0.05984184
1673,0.05727349
1674,0.061345465
1675,0.057631437
1676,0.05633806
1677,0.11102526
1678,0.27130193
1679,0.05924763
1680,0.060511447
1681,0.06237407
1682,0.5781754
1683,0.07141883
1684,0.06210634
1685,0.070045575
1686,0.066807106
1687,0.06493351
1688,0.06210007
1689,0.0575679
1690,0.057784013
1691,0.057148296
1692,0.059585482
1693,0.05295213
1694,0.0582286
1695,0.07005778
1696,0.26071894
1697,0.058087245
1698,0.061088044
1699,0.059328716
1700,0.06291615
1701,0.06701281
1702,0.05841535
1703,0.059975155
1704,0.26935428
1705,0.058145713
1706,0.06652657
1707,0.060290582
1708,0.054983754
1709,0.06274012
1710,0.056947257
1711,0.06495235
1712,0.06750031
1713,0.066807106
1714,0.06335359
1715,0.061996084
1716,0.06777043
1717,0.061550807
1718,0.063620694
1719,0.06280416
1720,0.058076885
1721,0.06627933
1722,0.0635745
1723,0.05841535
1724,0.056486227
1725,0.05459253
1726,0.069452785
1727,0.06079053
1728,0.059845652
1729,0.061138466
1730,0.063267544
1731,0.059984546
1732,0.063507885
1733,0.06607871
1734,0.05382885
1735,0.06386396
1736,0.061638597
1737,0.058682326
1738,0.06010168
1739,0.062295176
1740,0.05866723
1741,0.060220983
1742,0.064507805
1743,0.08046451
1744,0.07134048
1745,0.060674053
1746,0.042821877
1747,0.062482785
1748,0.06381521
1749,0.059464548
1750,0.06426872
1751,0.060674053
1752,0.060818598
1753,0.07141883
1754,0.05877599
1755,0.06159807
1756,0.057203896
1757,0.06386327
1758,0.06310838
1759,0.059816957
1760,0.088797964
1761,0.06532753
1762,0.067228235
1763,0.06410563
1764,0.05382885
1765,0.06489473
1766,0.050383516
1767,0.061970867
1768,0.06777043
1769,0.050383516
1770,0.059077483
1771,0.05857199
1772,0.055852644
1773,0.06175507
1774,0.052993093
1775,0.05415726
1776,0.056523398
1777,0.057941753
1778,0.06368099
1779,0.060265187
1780,0.061091192
1781,0.05877599
1782,0.07261247
1783,0.054913867
1784,0.05767053
1785,0.06584407
1786,0.059462942
1787,0.060971927
1788,0.06189092
1789,0.058383483
1790,0.063790806
1791,0.062491942
1792,0.059328716
1793,0.054955397
1794,0.06266543
1795,0.05553795
1796,0.07469755
1797,0.058534242
1798,0.061345465
1799,0.06605216
1800,0.056646418
1801,0.053681348
1802,0.06203292
1803,0.06644193
1804,0.06569452
1805,0.05556391
1806,0.10523625
1807,0.06426827
1808,0.064662926
1809,0.059556913
1810,0.061433278
1811,0.055072352
1812,0.05949871
1813,0.053806566
1814,0.05397548
1815,0.06380744
1816,0.26958057
1817,0.28968242
1818,0.059891313
1819,0.061283574
1820,0.061782517
1821,0.06320073
1822,0.05917379
1823,0.06259146
1824,0.061439548
1825,0.060666595
1826,0.05766029
1827,0.050917126
1828,0.6541373
1829,0.06198374
1830,0.05703636
1831,0.05965414
1832,0.06214512
1833,0.06912836
1834,0.0636709
1835,0.05601113
1836,0.064078234
1837,0.05642648
1838,0.0623373
1839,0.070633635
1840,0.062648036
1841,0.06359728
1842,0.2662705
1843,0.5981811
1844,0.054721586
1845,0.05621523
1846,0.05490535
1847,0.054570246
1848,0.050506204
1849,0.057416044
1850,0.07297371
1851,0.06362445
1852,0.5968289
1853,0.059729666
1854,0.050831627
1855,0.5802877
1856,0.056179993
1857,0.5933638
1858,0.061531488
1859,0.06126701
1860,0.06269036
1861,0.066880375
1862,0.056179993
1863,0.059631165
1864,0.06620608
1865,0.057567023
1866,0.058703132
1867,0.059162457
1868,0.060209632
1869,0.06140619
1870,0.27054745
1871,0.059042353
1872,0.060035888
1873,0.060415316
1874,0.07161466
1875,0.056959707
1876,0.06799576
1877,0.058726292
1878,0.053806566
1879,0.06405658
1880,0.059322968
1881,0.061155133
1882,0.059952557
1883,0.06009762
1884,0.05779587
1885,0.059686676
1886,0.065746605
1887,0.05964825
1888,0.060667865
1889,0.61293185
1890,0.058820803
1891,0.06269036
1892,0.05691195
1893,0.064177826
1894,0.0623373
1895,0.060796212
1896,0.05835899
1897,0.05601113
1898,0.064070426
1899,0.06269849
1900,0.26312703
1901,0.05853697
1902,0.06467155
1903,0.07276512
1904,0.060557306
1905,0.062463958
1906,0.056257658
1907,0.06715159
1908,0.061629493
1909,0.064078234
1910,0.061797768
1911,0.054448403
1912,0.55398875
1913,0.05728936
1914,0.064070426
1915,0.061155133
1916,0.062317252
1917,0.0640719
1918,0.058299717
1919,0.061694615
1920,0.05601113
1921,0.056257658
1922,0.061146762
1923,0.06525009
1924,0.0577283
1925,0.06657109
1926,0.06399427
1927,0.05402399
1928,0.056745443
1929,0.06657109
1930,0.26668873
1931,0.045175623
1932,0.059322968
1933,0.062452152
1934,0.06256339
1935,0.064222954
1936,0.057726815
1937,0.058820803
1938,0.0634518
1939,0.06753055
1940,0.05874291
1941,0.65827286
1942,0.059729666
1943,0.0636709
1944,0.061155133
1945,0.061961133
1946,0.060592704
1947,0.062317252
1948,0.056959707
1949,0.062125202
1950,0.05917379
1951,0.059764713
1952,0.061031427
1953,0.0630417
1954,0.056696612
1955,0.060932744
1956,0.05692487
1957,0.26806706
1958,0.058946848
1959,0.062463958
1960,0.06986027
1961,0.05913892
1962,0.058703132
1963,0.05975897
1964,0.058482595
1965,0.06117074
1966,0.06717973
1967,0.55473256
1968,0.3036632
1969,0.061283574
1970,0.07098631
1971,0.06022638
1972,0.061572246
1973,0.07276512
1974,0.05779587
1975,0.05217772
1976,0.05927876
1977,0.058169816
1978,0.06056698
1979,0.055926163
1980,0.06678452
1981,0.063179895
1982,0.04959988
1983,0.06690387
1984,0.062706
1985,0.266817
1986,0.26077703
1987,0.078377254
1988,0.078377254
1989,0.06467155
1990,0.057416044
1991,0.05642648
1992,0.06511146
1993,0.06419768
1994,0.058716763
1995,0.057014957
1996,0.065746605
1997,0.062580734
1998,0.061317097
1999,0.067164004
2000,0.0632689
2001,0.05198834
2002,0.06412435
2003,0.062624544
2004,0.06711764
2005,0.058075897
2006,0.05835899
2007,0.060209632
2008,0.057567023
2009,0.067498356
2010,0.056172315
2011,0.056872323
2012,0.058716763
2013,0.061093397
2014,0.27281225
2015,0.06198374
2016,0.064022996
2017,0.05965414
2018,0.064078234
2019,0.0630417
2020,0.053036705
2021,0.0728438
2022,0.057862427
2023,0.061283574
2024,0.058038373
2025,0.06118718
2026,0.060967278
2027,0.06511146
2028,0.062782206
2029,0.05198834
2030,0.058703132
2031,0.0549366
2032,0.063251786
2033,0.06140619
2034,0.06179098
2035,0.065858856
2036,0.0672425
2037,0.07161305
2038,0.07276512
2039,0.05217772
2040,0.5364451
2041,0.06857192
2042,0.061924644
2043,0.058721807
2044,0.058419857
2045,0.057930876
2046,0.061146762
2047,0.06399458
2048,0.060866013
2049,0.059623
2050,0.7069645
2051,0.059782203
2052,0.06214519
2053,0.05760368
2054,0.05646585
2055,0.057086535
2056,0.059782203
2057,0.06456627
2058,0.06307419
2059,0.06720168
2060,0.065012865
2061,0.06259146
2062,0.05869669
2063,0.4901808
2064,0.09973964
2065,0.06421914
2066,0.06168306
2067,0.062472153
2068,0.27556676
2069,0.25405514
2070,0.05760368
2071,0.06073232
2072,0.050689265
2073,0.06642147
2074,0.055527072
2075,0.057787523
2076,0.27977055
2077,0.06269036
2078,0.062205646
2079,0.06011797
2080,0.057862427
2081,0.057920694
2082,0.060494494
2083,0.07417522
2084,0.06117074
2085,0.064031646
2086,0.05496113
2087,0.06549171
2088,0.064177826
2089,0.059225347
2090,0.06467155
2091,0.06005201
2092,0.3292823
2093,0.055072352
2094,0.05877111
2095,0.061572246
2096,0.058368362
2097,0.060398567
2098,0.57989603
2099,0.064659946
2100,0.06837407
2101,0.27281225
2102,0.27977055
2103,0.055527072
2104,0.057920694
2105,0.06177623
2106,0.059106257
2107,0.06370905
2108,0.062706
2109,0.05975897
2110,0.06566134
2111,0.058368362
2112,0.25963503
2113,0.06717973
2114,0.060651015
2115,0.05571922
2116,0.26236758
2117,0.058716763
2118,0.06384183
2119,0.06481701
2120,0.06177819
2121,0.064047195
2122,0.5250731
2123,0.059952557
2124,0.062297113
2125,0.061517224
2126,0.5857921
2127,0.06481701
2128,0.2592407
2129,0.05703636
2130,0.062949
2131,0.07959836
2132,0.057263125
2133,0.05949871
2134,0.06526942
2135,0.06214512
2136,0.059515648
2137,0.2646328
2138,0.06399427
2139,0.059119686
2140,0.5031305
2141,0.057906393
2142,0.059015166
2143,0.266817
2144,0.061910037
2145,0.057168834
2146,0.49698275
2147,0.58399487
2148,0.27208242
2149,0.057920694
2150,0.061726548
2151,0.06143074
2152,0.061726548
2153,0.06250857
2154,0.058187105
2155,0.059138406
2156,0.07228941
2157,0.060154628
2158,0.062053893
2159,0.06506986
2160,0.061952475
2161,0.05946364
2162,0.059322968
2163,0.058716763
2164,0.06366861
2165,0.05601113
2166,0.30560926
2167,0.27142638
2168,0.055072352
2169,0.06063015
2170,0.2731927
2171,0.061074555
2172,0.0642176
2173,0.5867556
2174,0.6004421
2175,0.59505844
2176,0.061283574
2177,0.05588344
2178,0.06711764
2179,0.05692487
2180,0.28452846
2181,0.060209632
2182,0.06312626
2183,0.058076397
2184,0.058415905
2185,0.05964825
2186,0.06290812
2187,0.06399427
2188,0.2589937
2189,0.059305996
2190,0.05685802
2191,0.06387338
2192,0.05620925
2193,0.09142327
2194,0.049648587
2195,0.069709964
2196,0.067287505
2197,0.061755072
2198,0.06289036
2199,0.05621523
2200,0.05703943
2201,0.562674
2202,0.5991218
2203,0.55588055
2204,0.06936788
2205,0.06387338
2206,0.06405658
2207,0.062209792
2208,0.063665934
2209,0.059631165
2210,0.07276512
2211,0.061375767
2212,0.060521558
2213,0.057381015
2214,0.061650272
2215,0.06091355
2216,0.26649207
2217,0.064336866
2218,0.5817875
2219,0.29239637
2220,0.2936454
2221,0.07034956
2222,0.05956663
2223,0.058009326
2224,0.060332257
2225,0.061797768
2226,0.062110607
2227,0.058753006
2228,0.05619749
2229,0.06411503
2230,0.07417522
2231,0.05217382
2232,0.06269036
2233,0.5441201
2234,0.6164044
2235,0.574841
2236,0.07323479
2237,0.062949
2238,0.2924298
2239,0.061287038
2240,0.059505936
2241,0.062386893
2242,0.061074555
2243,0.06913967
2244,0.058946848
2245,0.05636892
2246,0.06453758
2247,0.5639555
2248,0.5601627
2249,0.066812016
2250,0.058830477
2251,0.05615081
2252,0.06643161
2253,0.069219105
2254,0.60828716
2255,0.06450456
2256,0.06332967
2257,0.06320073
2258,0.059225347
2259,0.05949871
2260,0.061248574
2261,0.07003011
2262,0.26186496
2263,0.58007985
2264,0.26649207
2265,0.06388918
2266,0.058368362
2267,0.06256339
2268,0.060452443
2269,0.058419857
2270,0.067287505
2271,0.065224424
2272,0.057920694
2273,0.061531488
2274,0.0571046
2275,0.059728082
2276,0.068188176
2277,0.060206372
2278,0.27505204
2279,0.56682944
2280,0.2645489
2281,0.26203653
2282,0.063918225
2283,0.2832522
2284,0.06056698
2285,0.5106442
2286,0.06365028
2287,0.06306383
2288,0.06168151
2289,0.05620925
2290,0.058859464
2291,0.064119644
2292,0.058482595
2293,0.05619749
2294,0.6505376
2295,0.27452865
2296,0.57501763
2297,0.06912836
2298,0.06405658
2299,0.061797768
2300,0.064336866
2301,0.05766029
2302,0.5744719
2303,0.060744274
2304,0.058415905
2305,0.06264994
2306,0.06177819
2307,0.060035888
2308,0.7094263
2309,0.7610224
2310,0.62297976
2311,0.58745146
2312,0.061348647
2313,0.057299178
2314,0.26441413
2315,0.061531488
2316,0.063665934
2317,0.070445195
2318,0.060932744
2319,0.26972702
2320,0.25817052
2321,0.063537896
2322,0.67948043
2323,0.2665107
2324,0.05636892
2325,0.05984198
2326,0.051770404
2327,0.058474086
2328,0.053483795
2329,0.062109623
2330,0.062164016
2331,0.058647156
2332,0.06264994
2333,0.061287038
2334,0.06500709
2335,0.05915996
2336,0.49619797
2337,0.61802846
2338,0.7343344
2339,0.27801436
2340,0.5712871
2341,0.062317252
2342,0.062271703
2343,0.068961434
2344,0.06720168
2345,0.0623373
2346,0.059506327
2347,0.060398567
2348,0.06332939
2349,0.07323479
2350,0.05946364
2351,0.059350237
2352,0.06847949
2353,0.064336866
2354,0.060884185
2355,0.05964825
2356,0.06231942
2357,0.05946364
2358,0.060566902
2359,0.065354235
2360,0.058164258
2361,0.059623
2362,0.2936454
2363,0.27142638
2364,0.48310247
2365,0.6105593
2366,0.5997515
2367,0.7790076
2368,0.058820803
2369,0.057726815
2370,0.059728082
2371,0.05397548
2372,0.05764904
2373,0.06405658
2374,0.060242098
2375,0.065794975
2376,0.5682519
2377,0.057726815
2378,0.057787523
2379,0.07034956
2380,0.07144585
2381,0.056841392
2382,0.06662136
2383,0.078377254
2384,0.058753006
2385,0.05634227
2386,0.060592704
2387,0.062706
2388,0.061755072
2389,0.060653146
2390,0.60903895
2391,0.66399634
2392,0.055612728
2393,0.5756119
2394,0.6949229
2395,0.56615657
2396,0.06896839
2397,0.059674356
2398,0.05619749
2399,0.0660343
2400,0.05701152
2401,0.06588199
2402,0.5968289
2403,0.06265819
2404,0.262983
2405,0.06426844
2406,0.05779587
2407,0.055527072
2408,0.05402399
2409,0.060047824
2410,0.07060173
2411,0.05891368
2412,0.054757204
2413,0.06862747
2414,0.5533672
2415,0.5364451
2416,0.5739805
2417,0.2733721
2418,0.6505376
2419,0.06140619
2420,0.06423162
2421,0.060415316
2422,0.06354541
2423,0.060076226
2424,0.06537007
2425,0.055829335
2426,0.07323479
2427,0.060292274
2428,0.05646585
2429,0.061596118
2430,0.26806706
2431,0.062453073
2432,0.06763486
2433,0.26772046
2434,0.06588199
2435,0.058038373
2436,0.054448403
2437,0.058222115
2438,0.055527072
2439,0.064047195
2440,0.26472047
2441,0.06307419
2442,0.060667865
2443,0.059764713
2444,0.059350237
2445,0.062648036
2446,0.058880784
2447,0.059305996
2448,0.061782517
2449,0.064032964
2450,0.063669294
2451,0.078761
2452,0.06343811
2453,0.061952475
2454,0.06059189
2455,0.06569452
2456,0.067105226
2457,0.0522486
2458,0.053921647
2459,0.06456627
2460,0.058415905
2461,0.061306685
2462,0.05496113
2463,0.061797768
2464,0.061100326
2465,0.90913284
2466,0.56754255
2467,0.05874284
2468,0.059528254
2469,0.056257658
2470,0.05942027
2471,0.059674356
2472,0.063669294
2473,0.06763486
2474,0.060495097
2475,0.061694615
2476,0.06399985
2477,0.067498356
2478,0.0634518
2479,0.057930876
2480,0.06231942
2481,0.5804093
2482,0.064662926
2483,0.057263125
2484,0.07289102
2485,0.05496113
2486,0.2713027
2487,0.057862427
2488,0.0640719
2489,0.056872323
2490,0.058009326
2491,0.061650272
2492,0.26416
2493,0.08218724
2494,0.061186906
2495,0.06073232
2496,0.056872323
2497,0.27419198
2498,0.05981704
2499,0.063665934
2500,0.059729666
2501,0.05775671
2502,0.059728082
2503,0.06963038
2504,0.0639791
2505,0.059162457
2506,0.061287038
2507,0.051668156
2508,0.06737339
2509,0.06343811
2510,0.06450456
2511,0.059119686
2512,0.06500709
2513,0.05832941
2514,0.06569452
2515,0.2820269
2516,0.06290812
2517,0.057214197
2518,0.05342927
2519,0.06005201
2520,0.05883124
2521,0.050917126
2522,0.06192224
2523,0.06588199
2524,0.062386893
2525,0.055926163
2526,0.06506986
2527,0.069219105
2528,0.062624544
2529,0.2779588
2530,0.6949229
2531,0.061961133
2532,0.060209632
2533,0.059506327
2534,0.06741091
2535,0.056760028
2536,0.060653146
2537,0.06717973
2538,0.067105226
2539,0.058474086
2540,0.5610911
2541,0.05877111
2542,0.0630417
2543,0.06059189
2544,0.057214197
2545,0.07029818
2546,0.057059836
2547,0.06525009
2548,0.5856177
2549,0.059162457
2550,0.05646585
2551,0.06883931
2552,0.06419768
2553,0.06063015
2554,0.05874284
2555,0.06511146
2556,0.060651015
2557,0.064659946
2558,0.063179895
2559,0.06022638
2560,0.05857049
2561,0.062624544
2562,0.050506204
2563,0.06231942
2564,0.06287389
2565,0.06500709
2566,0.05601113
2567,0.06313312
2568,0.057390634
2569,0.062648036
2570,0.060035888
2571,0.5747252
2572,0.06620608
2573,0.061146762
2574,0.07846552
2575,0.07276512
2576,0.060592704
2577,0.062164016
2578,0.052931886
2579,0.058820803
2580,0.2752768
2581,0.060825627
2582,0.06339679
2583,0.060242098
2584,0.066812016
2585,0.06072143
2586,0.065746605
2587,0.05984094
2588,0.05397548
2589,0.055072352
2590,0.05766029
2591,0.5542738
2592,0.06388201
2593,0.07161466
2594,0.060035888
2595,0.059764713
2596,0.062205646
2597,0.058716763
2598,0.07323479
2599,0.06095754
2600,0.059686676
2601,0.06287389
2602,0.06439744
2603,0.05883124
2604,0.061146762
2605,0.056872323
2606,0.06426827
2607,0.05402399
2608,0.058721807
2609,0.058972225
2610,0.2895462
2611,0.06439788
2612,0.06345804
2613,0.068124935
2614,0.061690636
2615,0.05490535
2616,0.057787523
2617,0.0639553
2618,0.06467155
2619,0.06322976
2620,0.05981704
2621,0.06474359
2622,0.058644842
2623,0.05877111
2624,0.06153382
2625,0.060025837
2626,0.058890034
2627,0.07034956
2628,0.06095754
2629,0.060990237
2630,0.05318991
2631,0.057086535
2632,0.06445869
2633,0.06390928
2634,0.062184047
2635,0.059923653
2636,0.061924644
2637,0.06313312
2638,0.07289102
2639,0.07297371
2640,0.057726815
2641,0.057381015
2642,0.06525009
2643,0.056706697
2644,0.05915996
2645,0.0636709
2646,0.05701152
2647,0.05942027
2648,0.05884363
2649,0.058482595
2650,0.054122843
2651,0.065758415
2652,0.060206372
2653,0.06439744
2654,0.062184047
2655,0.07959836
2656,0.06450456
2657,0.061514433
2658,0.059305996
2659,0.06058399
2660,0.059686676
2661,0.053921647
2662,0.058415905
2663,0.053806566
2664,0.06287389
2665,0.065224424
2666,0.06269036
2667,0.061690975
2668,0.054238275
2669,0.066880375
2670,0.056696612
2671,0.059523568
2672,0.05922828
2673,0.062648036
2674,0.070655346
2675,0.06388201
2676,0.055878844
2677,0.05883124
2678,0.06301141
2679,0.06008538
2680,0.060231086
2681,0.061382033
2682,0.063918225
2683,0.056200363
2684,0.06620608
2685,0.07003011
2686,0.06525009
2687,0.060242098
2688,0.061100326
2689,0.06392384
2690,0.054122843
2691,0.06825509
2692,0.063918225
2693,0.060494494
2694,0.052930046
2695,0.05903673
2696,0.059523568
2697,0.059119686
2698,0.056051157
2699,0.060202032
2700,0.057917386
2701,0.06359573
2702,0.07100932
2703,0.064014986
2704,0.062103953
2705,0.068454295
2706,0.07335248
2707,0.053126283
2708,0.06178304
2709,0.4754389
2710,0.55099845
2711,0.055272877
2712,0.061448123
2713,0.062681414
2714,0.061140593
2715,0.058747597
2716,0.05579276
2717,0.06305
2718,0.06284781
2719,0.06312173
2720,0.055624004
2721,0.06344374
2722,0.06323486
2723,0.26480997
2724,0.06185677
2725,0.7984745
2726,0.06207204
2727,0.055503607
2728,0.26971206
2729,0.06086376
2730,0.059278235
2731,0.060533155
2732,0.058895785
2733,0.053126283
2734,0.061406493
2735,0.05698437
2736,0.05805335
2737,0.06207204
2738,0.6897092
2739,0.5914477
2740,0.0673158
2741,0.055242892
2742,0.058381375
2743,0.057402294
2744,0.060202032
2745,0.055997573
2746,0.058022197
2747,0.061937008
2748,0.062681414
2749,0.2765169
2750,0.061315894
2751,0.53430474
2752,0.6529013
2753,0.057667088
2754,0.26221842
2755,0.054977514
2756,0.059978843
2757,0.060589254
2758,0.0640509
2759,0.06333826
2760,0.061122343
2761,0.058878314
2762,0.07081983
2763,0.07579853
2764,0.05798203
2765,0.05730912
2766,0.057549957
2767,0.06825395
2768,0.08792802
2769,0.568853
2770,0.059319757
2771,0.0567514
2772,0.053535376
2773,0.06307195
2774,0.06577784
2775,0.064422846
2776,0.068393715
2777,0.061536647
2778,0.06833551
2779,0.2705744
2780,0.06318377
2781,0.06775366
2782,0.063777566
2783,0.49233842
2784,0.060842417
2785,0.058576185
2786,0.2904447
2787,0.26481298
2788,0.06342822
2789,0.06340353
2790,0.06307955
2791,0.06262122
2792,0.06147276
2793,0.058656257
2794,0.06009689
2795,0.05676535
2796,0.0640509
2797,0.06364504
2798,0.058420386
2799,0.06948281
2800,0.2640189
2801,0.26755077
2802,0.06491348
2803,0.06164108
2804,0.064269915
2805,0.067049876
2806,0.057306353
2807,0.06761403
2808,0.07525016
2809,0.05906818
2810,0.058638297
2811,0.5774708
2812,0.059513118
2813,0.07274367
2814,0.067049876
2815,0.06299688
2816,0.0673158
2817,0.06009689
2818,0.0663411
2819,0.059409153
2820,0.060197406
2821,0.061363835
2822,0.06086376
2823,0.061689697
2824,0.059409153
2825,0.062537014
2826,0.062409792
2827,0.06135169
2828,0.07037757
2829,0.06305563
2830,0.05885656
2831,0.06317974
2832,0.05931986
2833,0.059356943
2834,0.06437129
2835,0.056051157
2836,0.06123975
2837,0.062579185
2838,0.13507584
2839,0.2824478
2840,0.26730078
2841,0.057752676
2842,0.06164108
2843,0.056525987
2844,0.06336723
2845,0.061341956
2846,0.06476669
2847,0.061309334
2848,0.059329275
2849,0.058353048
2850,0.062407218
2851,0.064218946
2852,0.06333826
2853,0.06840747
2854,0.06399843
2855,0.054839216
2856,0.064129144
2857,0.27080426
2858,0.05755084
2859,0.26480997
2860,0.045215882
2861,0.06763916
2862,0.057767905
2863,0.06580729
2864,0.06290748
2865,0.06290748
2866,0.056760337
2867,0.5716875
2868,0.05562734
2869,0.054960575
2870,0.062409792
2871,0.06251875
2872,0.05891022
2873,0.05503182
2874,0.058299873
2875,0.05665197
2876,0.05780035
2877,0.06029435
2878,0.06344374
2879,0.06178983
2880,0.062774874
2881,0.0596316
2882,0.057306353
2883,0.06013521
2884,0.27209234
2885,0.58120066
2886,0.05415627
2887,0.06308008
2888,0.06881411
2889,0.058314964
2890,0.06479778
2891,0.06532414
2892,0.067237824
2893,0.058420386
2894,0.07579853
2895,0.062159494
2896,0.06231861
2897,0.05771856
2898,0.06299688
2899,0.06012135
2900,0.067911945
2901,0.05730912
2902,0.061122343
2903,0.067285396
2904,0.0637348
2905,0.058299873
2906,0.061296195
2907,0.06344374
2908,0.06821093
2909,0.06068313
2910,0.068666905
2911,0.06437129
2912,0.051115397
2913,0.06326969
2914,0.059130467
2915,0.27584174
2916,0.06365829
2917,0.07225598
2918,0.058549695
2919,0.053126283
2920,0.06350158
2921,0.063675866
2922,0.067729324
2923,0.06505836
2924,0.06307195
2925,0.08402586
2926,0.058022197
2927,0.06825395
2928,0.05805335
2929,0.06312173
2930,0.06324921
2931,0.059742797
2932,0.06311461
2933,0.061005566
2934,0.07037757
2935,0.06488502
2936,0.059513118
2937,0.06251875
2938,0.06009689
2939,0.5811831
2940,0.069265135
2941,0.261279
2942,0.059977848
2943,0.06855477
2944,0.05447999
2945,0.059966408
2946,0.067049876
2947,0.06306465
2948,0.06423374
2949,0.058878314
2950,0.28115252
2951,0.06514047
2952,0.061448123
2953,0.06548332
2954,0.05906818
2955,0.059912704
2956,0.06045503
2957,0.058854375
2958,0.06554186
2959,0.059329275
2960,0.05299017
2961,0.06336723
2962,0.063930884
2963,0.062774874
2964,0.59384775
2965,0.062548906
2966,0.05770045
2967,0.061876047
2968,0.056682482
2969,0.26458052
2970,0.05906818
2971,0.059609503
2972,0.06553378
2973,0.05526532
2974,0.057533063
2975,0.2705744
2976,0.06013521
2977,0.26427191
2978,0.057247348
2979,0.059732486
2980,0.0677952
2981,0.06326969
2982,0.061415307
2983,0.058022197
2984,0.061653197
2985,0.05977407
2986,0.052562274
2987,0.054833945
2988,0.26403648
2989,0.06373097
2990,0.05873079
2991,0.062548906
2992,0.06729291
2993,0.05698437
2994,0.27076796
2995,0.061415307
2996,0.059283376
2997,0.063930884
2998,0.05875888
2999,0.06488502
3000,0.64386934
3001,0.061614875
3002,0.060607903
3003,0.62380755
3004,0.26637775
3005,0.061333418
3006,0.05730706
3007,0.06199298
3008,0.054706745
3009,0.06840747
3010,0.0647185
3011,0.26430103
3012,0.07566617
3013,0.060842417
3014,0.26765156
3015,0.27099827
3016,0.061689697
3017,0.059020616
3018,0.7023198
3019,0.06465569
3020,0.05676535
3021,0.061093774
3022,0.061787575
3023,0.05746458
3024,0.057823915
3025,0.06362466
3026,0.5709084
3027,0.060344234
3028,0.057767905
3029,0.5692367
3030,0.061846588
3031,0.07199595
3032,0.2756637
3033,0.061937008
3034,0.06881411
3035,0.058299873
3036,0.059822336
3037,0.05654621
3038,0.06290748
3039,0.05687606
3040,0.06068313
3041,0.06362466
3042,0.06337329
3043,0.058549695
3044,0.67306215
3045,0.057072803
3046,0.05829151
3047,0.26471165
3048,0.2705744
3049,0.055624004
3050,0.58333707
3051,0.56396705
3052,0.256741
3053,0.059435114
3054,0.069265135
3055,0.06798118
3056,0.054977514
3057,0.061189514
3058,0.058638297
3059,0.06012135
3060,0.061253093
3061,0.055081267
3062,0.055061117
3063,0.05770045
3064,0.058367766
3065,0.06750482
3066,0.060992952
3067,0.063122846
3068,0.06009689
3069,0.26971206
3070,0.055947453
3071,0.06798118
3072,0.06263497
3073,0.06185677
3074,0.061019864
3075,0.06535515
3076,0.61143625
3077,0.7305046
3078,0.568853
3079,0.058995362
3080,0.06151629
3081,0.06892315
3082,0.27721012
3083,0.06437129
3084,0.058915056
3085,0.065048434
3086,0.061364416
3087,0.061494853
3088,0.0567514
3089,0.059435826
3090,0.26430103
3091,0.05755084
3092,0.056525987
3093,0.057211746
3094,0.07335248
3095,0.06317974
3096,0.082657434
3097,0.06553378
3098,0.27035013
3099,0.06729291
3100,0.063166186
3101,0.062088586
3102,0.061364416
3103,0.61579907
3104,0.5454581
3105,0.5784769
3106,0.057831775
3107,0.26598805
3108,0.0615316
3109,0.067049876
3110,0.06577784
3111,0.2640189
3112,0.059865225
3113,0.05503182
3114,0.061093774
3115,0.06476669
3116,0.06340353
3117,0.26920375
3118,0.057123575
3119,0.5601379
3120,0.26395115
3121,0.06164108
3122,0.072132766
3123,0.057844337
3124,0.06272738
3125,0.059379604
3126,0.05665197
3127,0.06580729
3128,0.06247176
3129,0.064942144
3130,0.05775741
3131,0.062330216
3132,0.7144691
3133,0.58022845
3134,0.59265566
3135,0.059912704
3136,0.057063837
3137,0.069189325
3138,0.060197406
3139,0.059283376
3140,0.06829005
3141,0.069189325
3142,0.059865464
3143,0.06164108
3144,0.061364416
3145,0.057823915
3146,0.6397421
3147,0.5122575
3148,0.05821247
3149,0.064141735
3150,0.059513118
3151,0.05735609
3152,0.045215882
3153,0.26572892
3154,0.056169707
3155,0.059085093
3156,0.06630208
3157,0.056617822
3158,0.06364504
3159,0.055327587
3160,0.27080426
3161,0.64896303
3162,0.26859134
3163,0.06761403
3164,0.058125433
3165,0.061795827
3166,0.058576185
3167,0.054839216
3168,0.06391697
3169,0.061582588
3170,0.059865464
3171,0.056525987
3172,0.055644233
3173,0.060344234
3174,0.061448123
3175,0.059123784
3176,0.26159927
3177,0.7984745
3178,0.27670577
3179,0.27269545
3180,0.066677555
3181,0.06796132
3182,0.060753915
3183,0.5957579
3184,0.058277715
3185,0.05627027
3186,0.056799605
3187,0.062409792
3188,0.061376214
3189,0.053126283
3190,0.0633986
3191,0.061364416
3192,0.56688285
3193,0.26971206
3194,0.6123623
3195,0.2728856
3196,0.07343396
3197,0.059435826
3198,0.06275843
3199,0.055251133
3200,0.05781488
3201,0.249982
3202,0.06342822
3203,0.06761403
3204,0.054833945
3205,0.06076329
3206,0.26321357
3207,0.59277904
3208,0.26587456
3209,0.62750137
3210,0.27860588
3211,0.05556826
3212,0.06373097
3213,0.26660845
3214,0.061724696
3215,0.05503182
3216,0.05931986
3217,0.05931804
3218,0.0633289
3219,0.062409792
3220,0.30732942
3221,0.05735609
3222,0.5634665
3223,0.282793
3224,0.06250232
3225,0.12767933
3226,0.06939417
3227,0.05687606
3228,0.06847598
3229,0.06178304
3230,0.058983196
3231,0.052773714
3232,0.059372388
3233,0.06229318
3234,0.2567038
3235,0.49179566
3236,0.59052056
3237,0.5775247
3238,0.58077294
3239,0.067049876
3240,0.06076329
3241,0.05851487
3242,0.060654946
3243,0.2739193
3244,0.06164108
3245,0.06554186
3246,0.057828378
3247,0.057307918
3248,0.06263234
3249,0.057294294
3250,0.057171997
3251,0.069629095
3252,0.061582588
3253,0.06009689
3254,0.06247176
3255,0.061363835
3256,0.06901817
3257,0.060706694
3258,0.06512029
3259,0.07140647
3260,0.28115252
3261,0.49233842
3262,0.58099735
3263,0.58210903
3264,0.26883614
3265,0.06342822
3266,0.06411446
3267,0.06305998
3268,0.057606574
3269,0.05562734
3270,0.061795827
3271,0.063675866
3272,0.05814921
3273,0.5388056
3274,0.05781488
3275,0.059732486
3276,0.05866091
3277,0.06285062
3278,0.06079758
3279,0.06751929
3280,0.058549695
3281,0.06029435
3282,0.06554186
3283,0.059862897
3284,0.06366575
3285,0.05931804
3286,0.06250232
3287,0.059379604
3288,0.5333645
3289,0.5372437
3290,0.06309634
3291,0.56968987
3292,0.677827
3293,0.5406733
3294,0.060344234
3295,0.057306353
3296,0.06459513
3297,0.063675866
3298,0.043687712
3299,0.056525987
3300,0.060992952
3301,0.54804784
3302,0.057072803
3303,0.25434723
3304,0.05843447
3305,0.08792802
3306,0.060471438
3307,0.059372388
3308,0.07335248
3309,0.06686575
3310,0.06326969
3311,0.055946294
3312,0.060992952
3313,0.06279497
3314,0.51554763
3315,0.62292916
3316,0.5205079
3317,0.06290748
3318,0.61019045
3319,0.060607903
3320,0.059874184
3321,0.057306353
3322,0.07067109
3323,0.06476669
3324,0.0596316
3325,0.053253617
3326,0.061971903
3327,0.056060128
3328,0.05475533
3329,0.05866091
3330,0.06505836
3331,0.060402073
3332,0.26427191
3333,0.05939352
3334,0.059319757
3335,0.056813557
3336,0.06584687
3337,0.06251875
3338,0.05526532
3339,0.06505148
3340,0.26598805
3341,0.06178304
3342,0.06398531
3343,0.063675866
3344,0.05931986
3345,0.056832742
3346,0.059862897
3347,0.055946294
3348,0.06307955
3349,0.07067109
3350,0.06469061
3351,0.057325576
3352,0.05885656
3353,0.05843447
3354,0.0681835
3355,0.06311461
3356,0.066677555
3357,0.26455334
3358,0.06342346
3359,0.05415627
3360,0.053186826
3361,0.062284462
3362,0.6301014
3363,0.6547731
3364,0.05929034
3365,0.06437129
3366,0.062175006
3367,0.061177734
3368,0.07440458
3369,0.062604696
3370,0.06340353
3371,0.057533063
3372,0.062895395
3373,0.06312173
3374,0.058670443
3375,0.061393294
3376,0.06135635
3377,0.05780482
3378,0.057955332
3379,0.5694451
3380,0.059037425
3381,0.061364416
3382,0.06350158
3383,0.061582588
3384,0.061341956
3385,0.2787721
3386,0.05798203
3387,0.05473014
3388,0.06584687
3389,0.06139834
3390,0.054977514
3391,0.062024992
3392,0.06815488
3393,0.079319745
3394,0.056081023
3395,0.06782527
3396,0.062409792
3397,0.26887983
3398,0.050326508
3399,0.05473014
3400,0.059440352
3401,0.06323486
3402,0.053535376
3403,0.06317974
3404,0.06071165
3405,0.057767905
3406,0.27540767
3407,0.06630208
3408,0.06312173
3409,0.059435826
3410,0.06290748
3411,0.051108576
3412,0.07343396
3413,0.061406493
3414,0.054706745
3415,0.062681414
3416,0.064318955
3417,0.058420386
3418,0.05556826
3419,0.0647185
3420,0.062537014
3421,0.064141735
3422,0.06011209
3423,0.058076452
3424,0.06011209
3425,0.06009689
3426,0.055503607
3427,0.064195365
3428,0.058915056
3429,0.26781893
3430,0.5833905
3431,0.26471165
3432,0.058367766
3433,0.06317974
3434,0.061761934
3435,0.06454729
3436,0.06554186
3437,0.0547353
3438,0.05730706
3439,0.5892057
3440,0.058115374
3441,0.063166186
3442,0.06713648
3443,0.064269915
3444,0.05703909
3445,0.52578026
3446,0.065400444
3447,0.06164108
3448,0.057306353
3449,0.06595669
3450,0.05928578
3451,0.06306465
3452,0.05415627
3453,0.056617822
3454,0.064269915
3455,0.056081023
3456,0.058222104
3457,0.065128475
3458,0.064422846
3459,0.05515282
3460,0.061406493
3461,0.055396568
3462,0.058915056
3463,0.06359573
3464,0.06761403
3465,0.069189325
3466,0.057143755
3467,0.56950897
3468,0.062284462
3469,0.06308008
3470,0.06836655
3471,0.058983535
3472,0.059130467
3473,0.05891773
3474,0.062904894
3475,0.26712087
3476,0.054960575
3477,0.064219855
3478,0.05770045
3479,0.061536647
3480,0.06164108
3481,0.059513118
3482,0.06641435
3483,0.18878458
3484,0.059278235
3485,0.06344374
3486,0.26801634
3487,0.06686575
3488,0.064325035
3489,0.06370823
3490,0.060138457
3491,0.07323192
3492,0.0628441
3493,0.05637601
3494,0.059435826
3495,0.062409792
3496,0.06423374
3497,0.05619826
3498,0.06337329
3499,0.05975161
3500,0.063122846
3501,0.07440458
3502,0.059435114
3503,0.061363835
3504,0.0633289
3505,0.06775366
3506,0.06529648
3507,0.05475533
3508,0.058022197
3509,0.06308484
3510,0.059426453
3511,0.07579853
3512,0.056617822
3513,0.0585421
3514,0.06342346
3515,0.060580708
3516,0.062409792
3517,0.054960575
3518,0.05918847
3519,0.061393294
3520,0.0646182
3521,0.059822336
3522,0.060590647
3523,0.06517273
3524,0.06847598
3525,0.067911945
3526,0.058420386
3527,0.052238043
3528,0.05931986
3529,0.05875888
3530,0.055383153
3531,0.06855477
3532,0.06373097
3533,0.063675866
3534,0.062330216
3535,0.06306465
3536,0.06630208
3537,0.06836655
3538,0.06340353
3539,0.072132766
3540,0.061445557
3541,0.057105366
3542,0.05503182
3543,0.058420386
3544,0.052773714
3545,0.06829005
3546,0.050326508
3547,0.060386613
3548,0.07495668
3549,0.057831775
3550,0.050326508
3551,0.06359573
3552,0.059005618
3553,0.0632364
3554,0.06881411
3555,0.05978381
3556,0.05777612
3557,0.065048434
3558,0.05831818
3559,0.0632364
3560,0.05710307
3561,0.058955353
3562,0.05931804
3563,0.061506487
3564,0.063227214
3565,0.06333826
3566,0.06342346
3567,0.074687034
3568,0.057767905
3569,0.05654621
3570,0.061850037
3571,0.059212465
3572,0.05891022
3573,0.05873659
3574,0.050326508
3575,0.058314964
3576,0.052238043
3577,0.06317566
3578,0.05834648
3579,0.06380972
3580,0.053126283
3581,0.06247176
3582,0.060154222
3583,0.06254214
3584,0.06792487
3585,0.063558035
3586,0.058638297
3587,0.059005618
3588,0.062407218
3589,0.06459184
3590,0.061689697
3591,0.0637348
3592,0.057072803
3593,0.06384765
3594,0.06305563
3595,0.061914746
3596,0.062473834
3597,0.06013569
3598,0.059781592
3599,0.058680657
3600,0.060696356
3601,0.06650059
3602,0.060263015
3603,0.060176928
3604,0.069163725
3605,0.06041444
3606,0.05514082
3607,0.06612617
3608,0.06564089
3609,0.6032811
3610,0.56012315
3611,0.059481967
3612,0.09888106
3613,0.48152193
3614,0.063174844
3615,0.26365662
3616,0.06543396
3617,0.26603255
3618,0.06603285
3619,0.06339464
3620,0.062499125
3621,0.061309397
3622,0.055259544
3623,0.26696607
3624,0.05907072
3625,0.44907865
3626,0.06253247
3627,0.06305105
3628,0.058155883
3629,0.062905245
3630,0.06409557
3631,0.05743101
3632,0.056732755
3633,0.06353637
3634,0.059214026
3635,0.05625365
3636,0.5516515
3637,0.5988494
3638,0.09352098
3639,0.0665799
3640,0.06596611
3641,0.26444158
3642,0.059077412
3643,0.060504287
3644,0.06673697
3645,0.062593564
3646,0.06399549
3647,0.7187559
3648,0.057008598
3649,0.5616342
3650,0.51734227
3651,0.06441636
3652,0.56217015
3653,0.06028753
3654,0.058740117
3655,0.2701625
3656,0.06300218
3657,0.057930656
3658,0.062473834
3659,0.065216996
3660,0.05083578
3661,0.060513683
3662,0.06106451
3663,0.061505444
3664,0.063989416
3665,0.06063019
3666,0.26555666
3667,0.065216996
3668,0.07231431
3669,0.056863368
3670,0.06326967
3671,0.050772823
3672,0.056796327
3673,0.057492614
3674,0.06543396
3675,0.05877514
3676,0.05629469
3677,0.06986186
3678,0.054097626
3679,0.06366823
3680,0.25942937
3681,0.06468266
3682,0.05939574
3683,0.063431695
3684,0.06035744
3685,0.57011384
3686,0.060233746
3687,0.05992316
3688,0.058812212
3689,0.56930995
3690,0.060804848
3691,0.06057118
3692,0.063930005
3693,0.060028974
3694,0.054106597
3695,0.059493884
3696,0.06491527
3697,0.05926333
3698,0.061764088
3699,0.061672185
3700,0.06275205
3701,0.054106597
3702,0.059455987
3703,0.26110968
3704,0.26755422
3705,0.06337233
3706,0.0580008
3707,0.065216996
3708,0.06241976
3709,0.06161874
3710,0.062301733
3711,0.0601268
3712,0.058686
3713,0.061933372
3714,0.0577513
3715,0.5078573
3716,0.056743715
3717,0.06260321
3718,0.061948057
3719,0.06314477
3720,0.059101984
3721,0.064393915
3722,0.06337233
3723,0.05599824
3724,0.064581834
3725,0.060299587
3726,0.060026795
3727,0.06105961
3728,0.06367196
3729,0.063416265
3730,0.061672185
3731,0.0645677
3732,0.26546255
3733,0.05947462
3734,0.0592256
3735,0.06173386
3736,0.054792274
3737,0.06314477
3738,0.067247175
3739,0.062473424
3740,0.06079799
3741,0.06312307
3742,0.05947462
3743,0.27247408
3744,0.064581834
3745,0.057492614
3746,0.0846634
3747,0.07112595
3748,0.05855832
3749,0.05919154
3750,0.069163725
3751,0.06133535
3752,0.05773925
3753,0.055107474
3754,0.06166765
3755,0.057930656
3756,0.06237545
3757,0.058025524
3758,0.05946986
3759,0.0682336
3760,0.06471343
3761,0.060299587
3762,0.060710113
3763,0.059781592
3764,0.065216996
3765,0.061887227
3766,0.05013227
3767,0.05660021
3768,0.069714114
3769,0.57212937
3770,0.058715727
3771,0.059874997
3772,0.0618073
3773,0.05162467
3774,0.057492614
3775,0.06012122
3776,0.07061153
3777,0.059035186
3778,0.059874997
3779,0.06237545
3780,0.062318422
3781,0.060723092
3782,0.06305105
3783,0.063649245
3784,0.06287898
3785,0.0656125
3786,0.069825254
3787,0.26900014
3788,0.4971896
3789,0.05513117
3790,0.05959819
3791,0.056169778
3792,0.06395239
3793,0.06089298
3794,0.06105551
3795,0.05984485
3796,0.061343364
3797,0.0634163
3798,0.057870574
3799,0.060775407
3800,0.05900932
3801,0.060299587
3802,0.062848344
3803,0.05946986
3804,0.058443952
3805,0.06467275
3806,0.05426067
3807,0.062878795
3808,0.059040546
3809,0.053706344
3810,0.06313769
3811,0.066463545
3812,0.055474408
3813,0.059101984
3814,0.27218252
3815,0.057587527
3816,0.06330027
3817,0.06650059
3818,0.062905245
3819,0.057899114
3820,0.058063135
3821,0.066463545
3822,0.06600172
3823,0.06416281
3824,0.07112686
3825,0.05426067
3826,0.059481967
3827,0.06187353
3828,0.069825254
3829,0.06168165
3830,0.05915429
3831,0.062473424
3832,0.06377917
3833,0.05743101
3834,0.057346445
3835,0.06224914
3836,0.058740117
3837,0.0650716
3838,0.05957245
3839,0.5429096
3840,0.058912802
3841,0.06354057
3842,0.059648298
3843,0.062178563
3844,0.06330976
3845,0.058063135
3846,0.0846634
3847,0.05721422
3848,0.05992316
3849,0.06309433
3850,0.2674938
3851,0.059457503
3852,0.06096146
3853,0.052462872
3854,0.06463775
3855,0.05667964
3856,0.058680657
3857,0.06407507
3858,0.06287898
3859,0.058912802
3860,0.058802694
3861,0.058514614
3862,0.071411766
3863,0.061190188
3864,0.6774937
3865,0.062301733
3866,0.06413276
3867,0.26412722
3868,0.062123515
3869,0.058802694
3870,0.26082355
3871,0.06337483
3872,0.051735915
3873,0.06280152
3874,0.06603285
3875,0.062473834
3876,0.061717257
3877,0.06724573
3878,0.26446578
3879,0.064729385
3880,0.06097573
3881,0.06285295
3882,0.062905245
3883,0.0634163
3884,0.062593564
3885,0.06315742
3886,0.060852226
3887,0.05424281
3888,0.06326967
3889,0.063930005
3890,0.06300218
3891,0.06098869
3892,0.06982266
3893,0.059035186
3894,0.26845732
3895,0.07948563
3896,0.055722147
3897,0.065825276
3898,0.55600625
3899,0.061139163
3900,0.063165195
3901,0.26934463
3902,0.26637563
3903,0.059455987
3904,0.062905245
3905,0.05781002
3906,0.06305105
3907,0.06368812
3908,0.055730887
3909,0.2717421
3910,0.057854164
3911,0.061764088
3912,0.27814463
3913,0.055099912
3914,0.061072927
3915,0.064729385
3916,0.56305903
3917,0.0660132
3918,0.060836487
3919,0.05720688
3920,0.056753818
3921,0.058266796
3922,0.26665983
3923,0.53009164
3924,0.06371071
3925,0.053954553
3926,0.5323216
3927,0.065171465
3928,0.06362397
3929,0.2624643
3930,0.06612617
3931,0.0638402
3932,0.0672637
3933,0.08675518
3934,0.06362397
3935,0.064368084
3936,0.26187712
3937,0.059101984
3938,0.06552467
3939,0.055474408
3940,0.06435311
3941,0.26419526
3942,0.51809114
3943,0.060032465
3944,0.06894994
3945,0.266481
3946,0.051412754
3947,0.06986186
3948,0.6148989
3949,0.55051976
3950,0.25951687
3951,0.06382165
3952,0.06564089
3953,0.07012752
3954,0.0600961
3955,0.058912802
3956,0.05761717
3957,0.057854164
3958,0.05721422
3959,0.063930005
3960,0.062473424
3961,0.06187353
3962,0.060176928
3963,0.064581834
3964,0.06224914
3965,0.069163725
3966,0.065868855
3967,0.27013278
3968,0.2629164
3969,0.063174844
3970,0.057759196
3971,0.2708876
3972,0.06460072
3973,0.05677221
3974,0.6223711
3975,0.5633714
3976,0.58592486
3977,0.07113335
3978,0.059573285
3979,0.27075875
3980,0.062362995
3981,0.06035744
3982,0.060176928
3983,0.05761717
3984,0.0600961
3985,0.062021337
3986,0.064729385
3987,0.28229523
3988,0.059333127
3989,0.061957944
3990,0.057332486
3991,0.058740117
3992,0.065216996
3993,0.0637111
3994,0.061967432
3995,0.26365662
3996,0.06538608
3997,0.057146
3998,0.05514082
3999,0.0975781
4000,0.5590415
4001,0.5675961
4002,0.573267
4003,0.05855832
4004,0.2492064
4005,0.06283205
4006,0.060001057
4007,0.060176928
4008,0.27774957
4009,0.05992316
4010,0.065602906
4011,0.059462953
4012,0.062103037
4013,0.0672637
4014,0.26442707
4015,0.06324136
4016,0.573267
4017,0.26171452
4018,0.050918013
4019,0.061151344
4020,0.059117768
4021,0.05958098
4022,0.05992316
4023,0.063560724
4024,0.059874997
4025,0.060723092
4026,0.06308878
4027,0.27165368
4028,0.058387116
4029,0.058530167
4030,0.062301733
4031,0.5375036
4032,0.6192146
4033,0.5452455
4034,0.056798697
4035,0.06315742
4036,0.059040546
4037,0.06596611
4038,0.06730072
4039,0.06089298
4040,0.061363395
4041,0.06330649
4042,0.050918013
4043,0.05955818
4044,0.063554786
4045,0.46557814
4046,0.5666101
4047,0.064378604
4048,0.06879155
4049,0.052695397
4050,0.26243442
4051,0.06047805
4052,0.26152578
4053,0.06355568
4054,0.06179479
4055,0.059214026
4056,0.06326914
4057,0.058123358
4058,0.06493954
4059,0.57018363
4060,0.56892425
4061,0.06305105
4062,0.059642337
4063,0.06032115
4064,0.05959819
4065,0.059164137
4066,0.062672034
4067,0.06692222
4068,0.059214026
4069,0.063989416
4070,0.055666134
4071,0.059035186
4072,0.06418263
4073,0.26288027
4074,0.49889988
4075,0.25650957
4076,0.26263234
4077,0.06251496
4078,0.053435568
4079,0.2605277
4080,0.5309605
4081,0.059077412
4082,0.063989416
4083,0.05660021
4084,0.062006038
4085,0.064368084
4086,0.06367196
4087,0.057270616
4088,0.25951687
4089,0.26288027
4090,0.0656157
4091,0.5129254
4092,0.059101984
4093,0.07231624
4094,0.060656853
4095,0.058038928
4096,0.057063803
4097,0.06056424
4098,0.06488165
4099,0.057346445
4100,0.058266796
4101,0.06392042
4102,0.056702606
4103,0.0674244
4104,0.52471054
4105,0.26171452
4106,0.58310944
4107,0.5796782
4108,0.057332486
4109,0.060804587
4110,0.5650833
4111,0.05957585
4112,0.05950711
4113,0.063560724
4114,0.059573285
4115,0.06692125
4116,0.27328914
4117,0.25846574
4118,0.060263015
4119,0.6048185
4120,0.26468387
4121,0.059077382
4122,0.05947462
4123,0.06133535
4124,0.05744795
4125,0.056798697
4126,0.06650059
4127,0.06224914
4128,0.07145536
4129,0.06488165
4130,0.060696356
4131,0.065966755
4132,0.062878795
4133,0.48872286
4134,0.5410207
4135,0.57209855
4136,0.26226124
4137,0.69742227
4138,0.056367483
4139,0.058155883
4140,0.058293384
4141,0.058680657
4142,0.06320702
4143,0.059564326
4144,0.06326398
4145,0.061672185
4146,0.061651483
4147,0.06370645
4148,0.059959352
4149,0.05946986
4150,0.058530167
4151,0.061967432
4152,0.05513117
4153,0.055666134
4154,0.062473834
4155,0.060220253
4156,0.06479643
4157,0.063036546
4158,0.06241976
4159,0.060026795
4160,0.50077844
4161,0.53961295
4162,0.5671818
4163,0.46557814
4164,0.064393915
4165,0.065509096
4166,0.06326398
4167,0.06394937
4168,0.061363395
4169,0.060160145
4170,0.05867739
4171,0.06699344
4172,0.60221285
4173,0.057162307
4174,0.06552467
4175,0.059046257
4176,0.064378604
4177,0.063165195
4178,0.060962122
4179,0.061727226
4180,0.060696356
4181,0.06089298
4182,0.058155883
4183,0.056189828
4184,0.58503324
4185,0.5691425
4186,0.05514082
4187,0.57015985
4188,0.54022557
4189,0.56231934
4190,0.05946986
4191,0.07231624
4192,0.069714114
4193,0.0682336
4194,0.061933372
4195,0.067368455
4196,0.062924415
4197,0.063458785
4198,0.5886278
4199,0.060224384
4200,0.47166657
4201,0.060774673
4202,0.06091767
4203,0.067368455
4204,0.069158405
4205,0.06879155
4206,0.06435311
4207,0.063790664
4208,0.058740117
4209,0.062793314
4210,0.07948563
4211,0.5309605
4212,0.5597311
4213,0.5422489
4214,0.06411589
4215,0.58395076
4216,0.06287898
4217,0.052695397
4218,0.05899706
4219,0.057744175
4220,0.05767764
4221,0.05951732
4222,0.059462953
4223,0.064618245
4224,0.06326398
4225,0.069163725
4226,0.061402924
4227,0.07324997
4228,0.06538608
4229,0.25650957
4230,0.05718255
4231,0.05835219
4232,0.061151344
4233,0.06338486
4234,0.060775407
4235,0.056189828
4236,0.05868266
4237,0.2701625
4238,0.053891003
4239,0.0660132
4240,0.055099912
4241,0.053706344
4242,0.068997905
4243,0.062178563
4244,0.060656853
4245,0.054398026
4246,0.06393011
4247,0.06133535
4248,0.07061153
4249,0.05877514
4250,0.06543396
4251,0.0639778
4252,0.05946986
4253,0.059035186
4254,0.05957245
4255,0.058912802
4256,0.056363877
4257,0.08306771
4258,0.060240857
4259,0.06354057
4260,0.5367709
4261,0.6836362
4262,0.060220253
4263,0.056732755
4264,0.061651483
4265,0.06393717
4266,0.06197366
4267,0.051668666
4268,0.030642683
4269,0.062198292
4270,0.06288543
4271,0.061631955
4272,0.06435311
4273,0.06280152
4274,0.054097626
4275,0.063930005
4276,0.061813045
4277,0.0569992
4278,0.2629164
4279,0.06154818
4280,0.061727226
4281,0.062473424
4282,0.059481967
4283,0.051412754
4284,0.27437913
4285,0.06338156
4286,0.06308129
4287,0.068193644
4288,0.059564833
4289,0.060083915
4290,0.06283205
4291,0.06599157
4292,0.061243236
4293,0.062362995
4294,0.0601268
4295,0.062473424
4296,0.26838365
4297,0.06369263
4298,0.06063019
4299,0.060575534
4300,0.057912346
4301,0.053891003
4302,0.063174844
4303,0.07555281
4304,0.260426
4305,0.058063135
4306,0.060443718
4307,0.058143534
4308,0.060026795
4309,0.06305105
4310,0.2759936
4311,0.05743101
4312,0.2652938
4313,0.057791136
4314,0.057377283
4315,0.059455987
4316,0.061243236
4317,0.06308672
4318,0.2717421
4319,0.06237545
4320,0.05877514
4321,0.0600961
4322,0.0634163
4323,0.06106451
4324,0.06600172
4325,0.26468387
4326,0.26365662
4327,0.057870574
4328,0.059573285
4329,0.06163813
4330,0.060320687
4331,0.06623212
4332,0.06692222
4333,0.06642199
4334,0.06384772
4335,0.5303866
4336,0.06954412
4337,0.059738908
4338,0.06435311
4339,0.057853676
4340,0.059937924
4341,0.5491203
4342,0.058667243
4343,0.05984485
4344,0.054097626
4345,0.07555281
4346,0.0665799
4347,0.06538608
4348,0.06460072
4349,0.05599824
4350,0.061505444
4351,0.061717257
4352,0.061190188
4353,0.05743101
4354,0.070214726
4355,0.06013569
4356,0.059864827
4357,0.06413941
4358,0.057162307
4359,0.059564326
4360,0.06463775
4361,0.065216996
4362,0.05992316
4363,0.51809114
4364,0.064378604
4365,0.062217902
4366,0.06307939
4367,0.060225412
4368,0.06282011
4369,0.056753818
4370,0.057870574
4371,0.5755805
4372,0.06733358
4373,0.054534614
4374,0.057377283
4375,0.06319886
4376,0.061177917
4377,0.061672185
4378,0.053014193
4379,0.05947462
4380,0.058715727
4381,0.059855204
4382,0.06395239
4383,0.5964721
4384,0.06491527
4385,0.059855204
4386,0.07191
4387,0.055099912
4388,0.07112595
4389,0.05919154
4390,0.05763399
4391,0.05859955
4392,0.060775407
4393,0.053694658
4394,0.057744924
4395,0.06321446
4396,0.060057875
4397,0.06375327
4398,0.057930656
4399,0.063416265
4400,0.05876613
4401,0.064109005
4402,0.06305105
4403,0.06012122
4404,0.060903873
4405,0.06320702
4406,0.055730887
4407,0.07112595
4408,0.05958225
4409,0.06240433
4410,0.06237545
4411,0.064055845
4412,0.06079799
4413,0.059524972
4414,0.060229205
4415,0.059781592
4416,0.05893043
4417,0.0586499
4418,0.06089298
4419,0.05761717
4420,0.0569992
4421,0.06182637
4422,0.060229205
4423,0.055805143
4424,0.06105551
4425,0.05894902
4426,0.06347362
4427,0.050918013
4428,0.051412754
4429,0.060224384
4430,0.057870574
4431,0.05568798
4432,0.06251496
4433,0.059101984
4434,0.06251496
4435,0.05667964
4436,0.062293246
4437,0.059531663
4438,0.051412754
4439,0.06283168
4440,0.057346445
4441,0.06224914
4442,0.06346702
4443,0.06393717
4444,0.05878054
4445,0.063458785
4446,0.0600835
4447,0.057843618
4448,0.06224914
4449,0.0599515
4450,0.0577513
4451,0.06354057
4452,0.066463545
4453,0.06105551
4454,0.057079487
4455,0.05946168
4456,0.062013544
4457,0.06392864
4458,0.061293077
4459,0.06384772
4460,0.06154818
4461,0.059781592
4462,0.06360136
4463,0.05667964
4464,0.059937924
4465,0.059618928
4466,0.06081039
4467,0.056839354
4468,0.0634163
4469,0.065509096
4470,0.061651483
4471,0.05893043
4472,0.0582207
4473,0.07354346
4474,0.05896408
4475,0.06105961
4476,0.054792274
4477,0.058486175
4478,0.060825452
4479,0.056736868
4480,0.06328326
4481,0.063416265
4482,0.06627168
4483,0.059800725
4484,0.060240857
4485,0.0645677
4486,0.066463545
4487,0.061363395
4488,0.06540778
4489,0.07112595
4490,0.059117768
4491,0.056697834
4492,0.056611426
4493,0.058072556
4494,0.0676301
4495,0.062728025
4496,0.06529462
4497,0.058104727
4498,0.06011128
4499,0.062349487
4500,0.059279
4501,0.06329804
4502,0.061344445
4503,0.06345127
4504,0.063484654
4505,0.059781678
4506,0.06055136
4507,0.26707947
4508,0.57731736
4509,0.058018718
4510,0.055678707
4511,0.26168826
4512,0.05984724
4513,0.047883954
4514,0.05545569
4515,0.68749017
4516,0.05986899
4517,0.06501818
4518,0.057308845
4519,0.060906127
4520,0.26534304
4521,0.08066725
4522,0.5169368
4523,0.05840861
4524,0.06296416
4525,0.06135412
4526,0.063027024
4527,0.06222104
4528,0.055828508
4529,0.0628533
4530,0.06298572
4531,0.26747513
4532,0.07034956
4533,0.53108233
4534,0.5606207
4535,0.06329311
4536,0.06014553
4537,0.06412474
4538,0.060806625
4539,0.06325963
4540,0.06270947
4541,0.05954001
4542,0.06105331
4543,0.7137394
4544,0.26088297
4545,0.05887562
4546,0.6261247
4547,0.26640022
4548,0.5736495
4549,0.05168357
4550,0.2599607
4551,0.057844132
4552,0.056771245
4553,0.06692633
4554,0.058201052
4555,0.05936659
4556,0.27159482
4557,0.0602609
4558,0.062397502
4559,0.042069253
4560,0.059670694
4561,0.06390687
4562,0.060556147
4563,0.06257918
4564,0.058180783
4565,0.06782225
4566,0.06611913
4567,0.059406202
4568,0.060031157
4569,0.05809119
4570,0.058366463
4571,0.0577278
4572,0.26316032
4573,0.05526384
4574,0.26112074
4575,0.059050344
4576,0.062406056
4577,0.057279427
4578,0.08066725
4579,0.5591887
4580,0.06611913
4581,0.06317365
4582,0.061772596
4583,0.06605626
4584,0.5952961
4585,0.06582036
4586,0.057278138
4587,0.06415507
4588,0.05952826
4589,0.061757304
4590,0.06457326
4591,0.061236124
4592,0.06358638
4593,0.06347275
4594,0.06390687
4595,0.26364058
4596,0.59022325
4597,0.061095763
4598,0.059050344
4599,0.061532747
4600,0.06222104
4601,0.064216934
4602,0.059309233
4603,0.059194624
4604,0.06309657
4605,0.06327111
4606,0.056191258
4607,0.0608684
4608,0.07284437
4609,0.05868483
4610,0.5720299
4611,0.05794046
4612,0.06317365
4613,0.062321994
4614,0.061532747
4615,0.056935772
4616,0.06072675
4617,0.054550283
4618,0.06331053
4619,0.05952826
4620,0.26565582
4621,0.0577278
4622,0.061558027
4623,0.060140464
4624,0.062314574
4625,0.06346064
4626,0.058581706
4627,0.054357946
4628,0.059309233
4629,0.06364575
4630,0.25257385
4631,0.06026212
4632,0.059416197
4633,0.054668643
4634,0.06240013
4635,0.06897288
4636,0.060563225
4637,0.058232434
4638,0.061494157
4639,0.06648876
4640,0.062406056
4641,0.26316032
4642,0.057951067
4643,0.06397941
4644,0.08780798
4645,0.066917576
4646,0.063724674
4647,0.060462654
4648,0.059344828
4649,0.05841748
4650,0.06336375
4651,0.069764316
4652,0.0628514
4653,0.060998533
4654,0.057151414
4655,0.056611426
4656,0.0564279
4657,0.055938277
4658,0.25604463
4659,0.058018718
4660,0.2718843
4661,0.060556147
4662,0.06605626
4663,0.06317365
4664,0.05819862
4665,0.051577955
4666,0.06688909
4667,0.060313247
4668,0.57811403
4669,0.2686325
4670,0.06516742
4671,0.06332354
4672,0.06296416
4673,0.060303833
4674,0.05534584
4675,0.057457794
4676,0.05290034
4677,0.05569745
4678,0.06298572
4679,0.05997885
4680,0.05796152
4681,0.05952826
4682,0.06294459
4683,0.060428716
4684,0.057202403
4685,0.058686107
4686,0.27018186
4687,0.5637202
4688,0.056147583
4689,0.06269093
4690,0.062569834
4691,0.06154892
4692,0.065930925
4693,0.062248256
4694,0.059496112
4695,0.06084632
4696,0.06325963
4697,0.056611426
4698,0.057151414
4699,0.059269384
4700,0.0613277
4701,0.060359545
4702,0.060605966
4703,0.06257918
4704,0.06582036
4705,0.061213642
4706,0.06213394
4707,0.06496993
4708,0.061213642
4709,0.06399805
4710,0.058104727
4711,0.058268216
4712,0.05952826
4713,0.06006226
4714,0.2649187
4715,0.058490098
4716,0.061979618
4717,0.062321994
4718,0.06281068
4719,0.065563284
4720,0.06681462
4721,0.06496993
4722,0.07156204
4723,0.058490098
4724,0.06294459
4725,0.06351775
4726,0.06327111
4727,0.06388362
4728,0.062728025
4729,0.059746493
4730,0.051155787
4731,0.06558079
4732,0.06392896
4733,0.05111241
4734,0.059378807
4735,0.062314574
4736,0.061757304
4737,0.06438633
4738,0.0682138
4739,0.060088944
4740,0.06277632
4741,0.55877745
4742,0.055938277
4743,0.06336375
4744,0.06284604
4745,0.060536988
4746,0.06019799
4747,0.06194462
4748,0.06124842
4749,0.062458627
4750,0.061371267
4751,0.26534304
4752,0.06903997
4753,0.07090259
4754,0.059670694
4755,0.060906127
4756,0.05555122
4757,0.061522726
4758,0.06110766
4759,0.07292109
4760,0.06211425
4761,0.06279821
4762,0.057151414
4763,0.054457486
4764,0.07098145
4765,0.05914962
4766,0.61127675
4767,0.06284604
4768,0.27733755
4769,0.057644222
4770,0.265683
4771,0.06242212
4772,0.058539875
4773,0.07053141
4774,0.063027024
4775,0.06673304
4776,0.26480803
4777,0.062180817
4778,0.06415098
4779,0.06266771
4780,0.06222104
4781,0.060088944
4782,0.06222104
4783,0.062177084
4784,0.06386048
4785,0.051344533
4786,0.062248256
4787,0.05916369
4788,0.063983135
4789,0.058201052
4790,0.07012263
4791,0.05795392
4792,0.055936817
4793,0.2695331
4794,0.04987707
4795,0.062436335
4796,0.060275808
4797,0.058667086
4798,0.0628514
4799,0.53822714
4800,0.067270726
4801,0.05546466
4802,0.5277361
4803,0.26215452
4804,0.05534584
4805,0.061580274
4806,0.058973216
4807,0.06673272
4808,0.063400485
4809,0.2750612
4810,0.06247938
4811,0.06732562
4812,0.2752956
4813,0.056611426
4814,0.05972916
4815,0.06299268
4816,0.2699818
4817,0.0596083
4818,0.06257671
4819,0.066065505
4820,0.059644353
4821,0.26433936
4822,0.55896485
4823,0.060177244
4824,0.06149824
4825,0.5587512
4826,0.057822093
4827,0.061974436
4828,0.27247912
4829,0.060090914
4830,0.056639854
4831,0.06255185
4832,0.06281068
4833,0.06307978
4834,0.06312391
4835,0.27380717
4836,0.06346064
4837,0.06047643
4838,0.06732562
4839,0.063075036
4840,0.060807128
4841,0.5967045
4842,0.2569867
4843,0.063936524
4844,0.265683
4845,0.06371446
4846,0.5075782
4847,0.56720155
4848,0.2713768
4849,0.059931744
4850,0.066755846
4851,0.05825607
4852,0.061814364
4853,0.0601209
4854,0.07045168
4855,0.060813695
4856,0.06580757
4857,0.05856687
4858,0.06209088
4859,0.06467186
4860,0.05555122
4861,0.058525782
4862,0.06011128
4863,0.05667978
4864,0.2591651
4865,0.063934386
4866,0.05437271
4867,0.05952826
4868,0.07045168
4869,0.06312391
4870,0.06560631
4871,0.6728109
4872,0.52581185
4873,0.6223019
4874,0.060088944
4875,0.06309657
4876,0.05841748
4877,0.26174843
4878,0.061494157
4879,0.060212966
4880,0.061212394
4881,0.0636385
4882,0.059670694
4883,0.056267776
4884,0.064543
4885,0.26744333
4886,0.06270059
4887,0.057822093
4888,0.07156204
4889,0.055957306
4890,0.064031474
4891,0.06393685
4892,0.05569745
4893,0.26700377
4894,0.059414934
4895,0.05825607
4896,0.05700905
4897,0.058530845
4898,0.5506813
4899,0.5847163
4900,0.5412065
4901,0.06315463
4902,0.08797968
4903,0.061574943
4904,0.06403418
4905,0.062250197
4906,0.060177244
4907,0.2601626
4908,0.06343564
4909,0.05861198
4910,0.060428604
4911,0.061558027
4912,0.07098145
4913,0.06021663
4914,0.05257628
4915,0.4729886
4916,0.27328092
4917,0.07045168
4918,0.058540277
4919,0.06281743
4920,0.06105331
4921,0.05891848
4922,0.06529462
4923,0.066045195
4924,0.062321994
4925,0.056578547
4926,0.05972916
4927,0.059931744
4928,0.058944568
4929,0.5502505
4930,0.5855962
4931,0.5335544
4932,0.060076047
4933,0.063724674
4934,0.25551713
4935,0.07162331
4936,0.0693489
4937,0.06299268
4938,0.06281215
4939,0.062739335
4940,0.057822093
4941,0.059591893
4942,0.5421744
4943,0.6563402
4944,0.05649276
4945,0.051155787
4946,0.059496112
4947,0.061968062
4948,0.05239465
4949,0.26390675
4950,0.26946604
4951,0.058525782
4952,0.05782692
4953,0.060076047
4954,0.06055136
4955,0.06504569
4956,0.06463147
4957,0.55757356
4958,0.4770317
4959,0.27733755
4960,0.06312391
4961,0.06296416
4962,0.06149824
4963,0.060736265
4964,0.058760528
4965,0.06934748
4966,0.06139523
4967,0.06331053
4968,0.06056899
4969,0.065067604
4970,0.05387861
4971,0.06438633
4972,0.05809119
4973,0.5172327
4974,0.4823118
4975,0.27018186
4976,0.260386
4977,0.061761633
4978,0.058694527
4979,0.060453285
4980,0.59080046
4981,0.06331053
4982,0.060037736
4983,0.0601209
4984,0.080036856
4985,0.056935772
4986,0.27517506
4987,0.061161187
4988,0.06055136
4989,0.25285476
4990,0.060147483
4991,0.5508423
4992,0.056639854
4993,0.052898426
4994,0.06471815
4995,0.064543
4996,0.05287288
4997,0.060037736
4998,0.06496993
4999,0.06149824
5000,0.059895754
5001,0.061744608
5002,0.06394501
5003,0.059050344
5004,0.5233079
5005,0.25323957
5006,0.5201139
5007,0.28166983
5008,0.06388362
5009,0.051504508
5010,0.2569867
5011,0.061161187
5012,0.051344533
5013,0.06281215
5014,0.060906127
5015,0.26661992
5016,0.26147312
5017,0.058787987
5018,0.493787
5019,0.25551713
5020,0.059378807
5021,0.06551224
5022,0.06263114
5023,0.052898426
5024,0.05534584
5025,0.060812045
5026,0.06357981
5027,0.057822093
5028,0.06463147
5029,0.06023018
5030,0.059443973
5031,0.28948286
5032,0.5078028
5033,0.49328732
5034,0.26225302
5035,0.5874015
5036,0.06105331
5037,0.062446732
5038,0.06783776
5039,0.06139523
5040,0.2695117
5041,0.061522726
5042,0.07098145
5043,0.06327619
5044,0.048055913
5045,0.058180783
5046,0.05387861
5047,0.058539875
5048,0.059406202
5049,0.060813695
5050,0.05677381
5051,0.06558079
5052,0.06251908
5053,0.061580274
5054,0.055957306
5055,0.06782225
5056,0.0889725
5057,0.26042196
5058,0.061958425
5059,0.6178722
5060,0.569459
5061,0.51073426
5062,0.5654739
5063,0.058180783
5064,0.06281068
5065,0.06415098
5066,0.06078177
5067,0.061161187
5068,0.06382079
5069,0.062004603
5070,0.058145326
5071,0.5152855
5072,0.062177084
5073,0.05768308
5074,0.06085902
5075,0.06014553
5076,0.060051177
5077,0.05981959
5078,0.06211425
5079,0.059379067
5080,0.06667911
5081,0.050792966
5082,0.05980397
5083,0.06149824
5084,0.061580274
5085,0.57354295
5086,0.547846
5087,0.064344056
5088,0.74870324
5089,0.58410305
5090,0.6628414
5091,0.066881746
5092,0.06142864
5093,0.05984724
5094,0.058907934
5095,0.05677381
5096,0.06021663
5097,0.61127675
5098,0.2670527
5099,0.2763633
5100,0.06327137
5101,0.0770246
5102,0.050792966
5103,0.063372396
5104,0.06288881
5105,0.064216934
5106,0.064827584
5107,0.05984724
5108,0.058787987
5109,0.06545961
5110,0.766577
5111,0.5413363
5112,0.49988258
5113,0.26699406
5114,0.26168826
5115,0.061580274
5116,0.06329179
5117,0.062436335
5118,0.058145326
5119,0.061938893
5120,0.06346211
5121,0.056575187
5122,0.06592891
5123,0.05923812
5124,0.070449404
5125,0.06232104
5126,0.07162331
5127,0.059496112
5128,0.601154
5129,0.059903957
5130,0.059193704
5131,0.06354587
5132,0.07265986
5133,0.058145326
5134,0.06516742
5135,0.26818952
5136,0.059923165
5137,0.06516742
5138,0.05833268
5139,0.0577278
5140,0.060303833
5141,0.060131185
5142,0.065930925
5143,0.06732562
5144,0.06281215
5145,0.057328176
5146,0.05952826
5147,0.061814364
5148,0.26882857
5149,0.054668643
5150,0.061213642
5151,0.06327619
5152,0.06651951
5153,0.06212973
5154,0.06504569
5155,0.060806625
5156,0.060479738
5157,0.04863364
5158,0.06299268
5159,0.05996182
5160,0.08679744
5161,0.5299088
5162,0.062772565
5163,0.05785346
5164,0.059269384
5165,0.06006226
5166,0.0586905
5167,0.055826023
5168,0.05841748
5169,0.062248256
5170,0.05569745
5171,0.05531458
5172,0.06333473
5173,0.057308845
5174,0.062420577
5175,0.5063697
5176,0.061522726
5177,0.06312391
5178,0.0629624
5179,0.06397941
5180,0.05677381
5181,0.601154
5182,0.06716966
5183,0.061795503
5184,0.06006226
5185,0.063641064
5186,0.05898307
5187,0.060890436
5188,0.06388362
5189,0.06347275
5190,0.059480734
5191,0.062635735
5192,0.057084937
5193,0.06332801
5194,0.067357115
5195,0.057625953
5196,0.053821985
5197,0.08066725
5198,0.059443973
5199,0.060216296
5200,0.06332801
5201,0.30139565
5202,0.060736265
5203,0.068203494
5204,0.059903976
5205,0.06026212
5206,0.06281743
5207,0.2569867
5208,0.05952826
5209,0.062406056
5210,0.05507627
5211,0.060556147
5212,0.051398814
5213,0.06386048
5214,0.06798277
5215,0.06026138
5216,0.057328176
5217,0.056575187
5218,0.05569745
5219,0.061401736
5220,0.05868483
5221,0.06155626
5222,0.060479738
5223,0.06392896
5224,0.26415977
5225,0.53686726
5226,0.053383224
5227,0.061974436
5228,0.060643673
5229,0.062739335
5230,0.065731645
5231,0.051344533
5232,0.06279821
5233,0.06681462
5234,0.06457326
5235,0.58850527
5236,0.060455956
5237,0.055752054
5238,0.06190534
5239,0.06346064
5240,0.07507649
5241,0.060152024
5242,0.06667911
5243,0.06399805
5244,0.5545899
5245,0.060890436
5246,0.05861035
5247,0.052188348
5248,0.059673227
5249,0.059496112
5250,0.06014553
5251,0.06501818
5252,0.05841748
5253,0.059378807
5254,0.063936524
5255,0.060428716
5256,0.060939826
5257,0.060905486
5258,0.055752054
5259,0.05111241
5260,0.058113784
5261,0.060939826
5262,0.06793745
5263,0.06393685
5264,0.0632744
5265,0.060076047
5266,0.05996182
5267,0.5565435
5268,0.06270947
5269,0.06358638
5270,0.063027024
5271,0.06287575
5272,0.060428716
5273,0.6182002
5274,0.065999165
5275,0.057951067
5276,0.059443973
5277,0.05981959
5278,0.069764316
5279,0.06351775
5280,0.05955481
5281,0.057308845
5282,0.05861035
5283,0.55009884
5284,0.06294459
5285,0.060571212
5286,0.059670694
5287,0.06347259
5288,0.059290275
5289,0.16429624
5290,0.05394494
5291,0.055938277
5292,0.059931744
5293,0.061574943
5294,0.051398814
5295,0.07284437
5296,0.063248456
5297,0.067270726
5298,0.060140464
5299,0.06092454
5300,0.06782893
5301,0.06346064
5302,0.060076047
5303,0.05879892
5304,0.25542754
5305,0.06333473
5306,0.06504569
5307,0.056191258
5308,0.060347132
5309,0.057279427
5310,0.05701764
5311,0.07162331
5312,0.048236646
5313,0.063707106
5314,0.065067604
5315,0.073641114
5316,0.0562225
5317,0.061161187
5318,0.058907934
5319,0.056578547
5320,0.06299268
5321,0.063122846
5322,0.061958425
5323,0.06055136
5324,0.06580757
5325,0.060807128
5326,0.059625227
5327,0.06209088
5328,0.059262514
5329,0.058410652
5330,0.056162674
5331,0.060803577
5332,0.06312391
5333,0.061757304
5334,0.063136205
5335,0.07728435
5336,0.060571212
5337,0.06358556
5338,0.061494157
5339,0.060812045
5340,0.06284604
5341,0.060807128
5342,0.06031481
5343,0.062250197
5344,0.06605626
5345,0.055022817
5346,0.06329311
5347,0.05804877
5348,0.06575402
5349,0.054524343
5350,0.061236124
5351,0.064216934
5352,0.06257918
5353,0.06388362
5354,0.06336107
5355,0.06287302
5356,0.055957306
5357,0.059488673
5358,0.06311059
5359,0.05394494
5360,0.060806625
5361,0.07278627
5362,0.05782692
5363,0.0602609
5364,0.06026212
5365,0.063983135
5366,0.0608684
5367,0.05795392
5368,0.06327619
5369,0.06364575
5370,0.057625953
5371,0.066065505
5372,0.05257628
5373,0.06329311
5374,0.059290275
5375,0.07253634
5376,0.05534584
5377,0.062160242
5378,0.058314588
5379,0.062739335
5380,0.060812045
5381,0.06242003
5382,0.0627499
5383,0.06287575
5384,0.070449404
5385,0.06451284
5386,0.059050344
5387,0.05833268
5388,0.06897288
5389,0.060303833
5390,0.05827308
5391,0.06390687
5392,0.06365962
5393,0.059379067
5394,0.060687557
5395,0.06618277
5396,0.06392896
5397,0.059264906
5398,0.063662484
5399,0.05581681
5400,0.06522412
5401,0.06147214
5402,0.06190692
5403,0.06813339
5404,0.06661112
5405,0.060028985
5406,0.059885755
5407,0.05919912
5408,0.063893184
5409,0.05865904
5410,0.06321025
5411,0.058135383
5412,0.059474137
5413,0.5849071
5414,0.57185924
5415,0.054605864
5416,0.06332114
5417,0.27171358
5418,0.1384077
5419,0.26612917
5420,0.070074
5421,0.05574225
5422,0.06290576
5423,0.050977144
5424,0.061517224
5425,0.06417564
5426,0.061075654
5427,0.055787332
5428,0.27588043
5429,0.055725876
5430,0.50721216
5431,0.06810486
5432,0.07161427
5433,0.27833548
5434,0.06813339
5435,0.063893184
5436,0.05949343
5437,0.06631105
5438,0.05865904
5439,0.050885137
5440,0.24537888
5441,0.061918557
5442,0.5423548
5443,0.59031916
5444,0.064534426
5445,0.0603953
5446,0.056335535
5447,0.061975844
5448,0.053181577
5449,0.06012974
5450,0.057564072
5451,0.05724944
5452,0.06152295
5453,0.56397414
5454,0.06258678
5455,0.27751157
5456,0.58905053
5457,0.26029372
5458,0.06035949
5459,0.6871521
5460,0.059957854
5461,0.26389694
5462,0.06711719
5463,0.06321025
5464,0.064534426
5465,0.07261375
5466,0.06598187
5467,0.047903005
5468,0.061980903
5469,0.059486333
5470,0.7775393
5471,0.06305469
5472,0.061555408
5473,0.05980362
5474,0.05819755
5475,0.062888846
5476,0.06182381
5477,0.0600779
5478,0.06350327
5479,0.05823518
5480,0.061697904
5481,0.051322248
5482,0.262447
5483,0.05180626
5484,0.2719766
5485,0.069617204
5486,0.054345775
5487,0.063366264
5488,0.05980635
5489,0.072785534
5490,0.5539433
5491,0.057139464
5492,0.05635029
5493,0.2604321
5494,0.06157348
5495,0.06463777
5496,0.06831778
5497,0.0554245
5498,0.05774777
5499,0.07610205
5500,0.06726572
5501,0.06321025
5502,0.06038751
5503,0.058949787
5504,0.06389603
5505,0.25714058
5506,0.26079088
5507,0.066065826
5508,0.06549908
5509,0.056253493
5510,0.06717805
5511,0.058033697
5512,0.061433055
5513,0.05561878
5514,0.26047257
5515,0.057604782
5516,0.06285449
5517,0.06831778
5518,0.0640989
5519,0.07174934
5520,0.25771326
5521,0.5449805
5522,0.053871833
5523,0.06369491
5524,0.06529184
5525,0.0669654
5526,0.05949343
5527,0.05910011
5528,0.057564072
5529,0.061487045
5530,0.073811434
5531,0.253998
5532,0.06353189
5533,0.06706579
5534,0.05997238
5535,0.06661112
5536,0.06787722
5537,0.05980362
5538,0.06288691
5539,0.05889109
5540,0.060961176
5541,0.26244488
5542,0.063781284
5543,0.054186914
5544,0.05635029
5545,0.05919117
5546,0.07002218
5547,0.10025095
5548,0.06228749
5549,0.06417564
5550,0.061311014
5551,0.062213607
5552,0.061116464
5553,0.06515096
5554,0.06010517
5555,0.06157348
5556,0.05934522
5557,0.060579825
5558,0.054345775
5559,0.06038751
5560,0.060395822
5561,0.058048
5562,0.057257716
5563,0.06337149
5564,0.06238872
5565,0.06544568
5566,0.05545833
5567,0.07001395
5568,0.06182381
5569,0.058091715
5570,0.05889109
5571,0.28126472
5572,0.06484428
5573,0.06565411
5574,0.061702766
5575,0.06147214
5576,0.059486333
5577,0.053583134
5578,0.05819755
5579,0.5911983
5580,0.0640989
5581,0.05352462
5582,0.05852148
5583,0.06094443
5584,0.057139464
5585,0.054704875
5586,0.06155795
5587,0.062245253
5588,0.0708164
5589,0.06549908
5590,0.059554722
5591,0.063226424
5592,0.0644222
5593,0.05827222
5594,0.0652161
5595,0.06001682
5596,0.059232593
5597,0.061776053
5598,0.25383404
5599,0.72537506
5600,0.057450864
5601,0.053878568
5602,0.06460172
5603,0.059560843
5604,0.061273295
5605,0.060819887
5606,0.05864766
5607,0.05676991
5608,0.0636581
5609,0.07306397
5610,0.06550447
5611,0.063701965
5612,0.061555408
5613,0.056136806
5614,0.063103944
5615,0.059232593
5616,0.06074671
5617,0.056511812
5618,0.05864766
5619,0.05916218
5620,0.06293167
5621,0.055528935
5622,0.062184058
5623,0.0567822
5624,0.06136763
5625,0.06311804
5626,0.26708615
5627,0.05734799
5628,0.060588077
5629,0.06287637
5630,0.058104277
5631,0.06522412
5632,0.055787332
5633,0.057841443
5634,0.0579745
5635,0.057240486
5636,0.055935834
5637,0.06522412
5638,0.053695057
5639,0.064450465
5640,0.07174006
5641,0.06338197
5642,0.0640989
5643,0.05561878
5644,0.060914606
5645,0.064462245
5646,0.065341875
5647,0.057059117
5648,0.06417446
5649,0.062239077
5650,0.6243346
5651,0.062675826
5652,0.061702754
5653,0.050607033
5654,0.30156174
5655,0.052553996
5656,0.0569728
5657,0.06578351
5658,0.059120785
5659,0.06354511
5660,0.25822887
5661,0.055769876
5662,0.060708
5663,0.06301184
5664,0.060814455
5665,0.058023255
5666,0.0636581
5667,0.058084417
5668,0.0637376
5669,0.062205892
5670,0.06227943
5671,0.061218042
5672,0.057515286
5673,0.06417564
5674,0.057450864
5675,0.60359216
5676,0.082674846
5677,0.05865904
5678,0.26639706
5679,0.05558063
5680,0.25464445
5681,0.06147422
5682,0.06598187
5683,0.06302681
5684,0.06333088
5685,0.066257425
5686,0.060578816
5687,0.060692187
5688,0.052270807
5689,0.061964955
5690,0.059232164
5691,0.0601962
5692,0.05676991
5693,0.05240591
5694,0.06691572
5695,0.06473762
5696,0.066065826
5697,0.06307606
5698,0.06310334
5699,0.05609832
5700,0.05482229
5701,0.06631105
5702,0.06642292
5703,0.27270383
5704,0.06383994
5705,0.05877495
5706,0.054549657
5707,0.06228749
5708,0.656096
5709,0.06311804
5710,0.061697904
5711,0.5835062
5712,0.26916587
5713,0.063635536
5714,0.061449755
5715,0.05796188
5716,0.06341746
5717,0.061776053
5718,0.25383404
5719,0.06735302
5720,0.06256207
5721,0.30138418
5722,0.06305469
5723,0.07051349
5724,0.06294346
5725,0.27016985
5726,0.06505544
5727,0.061449755
5728,0.073811434
5729,0.07306397
5730,0.29309797
5731,0.5841403
5732,0.060067795
5733,0.05561878
5734,0.60694814
5735,0.06383994
5736,0.05018826
5737,0.26404303
5738,0.060488362
5739,0.061109737
5740,0.06353189
5741,0.06724076
5742,0.0606253
5743,0.0672978
5744,0.2719766
5745,0.059720077
5746,0.052372366
5747,0.06295104
5748,0.054784704
5749,0.062118858
5750,0.6910426
5751,0.29283452
5752,0.0669654
5753,0.25351915
5754,0.5624508
5755,0.25531363
5756,0.5718981
5757,0.5771651
5758,0.871299
5759,0.059164036
5760,0.057240486
5761,0.06520535
5762,0.058091715
5763,0.060903836
5764,0.056200214
5765,0.06416161
5766,0.061234877
5767,0.056818508
5768,0.060960475
5769,0.058635343
5770,0.055406887
5771,0.061756965
5772,0.05893032
5773,0.05482229
5774,0.06281651
5775,0.06196792
5776,0.28863683
5777,0.056243867
5778,0.06035949
5779,0.06311804
5780,0.2794361
5781,0.26612917
5782,0.5766916
5783,0.54292524
5784,0.7079581
5785,0.059481896
5786,0.06074671
5787,0.0660756
5788,0.06511616
5789,0.2658733
5790,0.06154853
5791,0.06038751
5792,0.06310334
5793,0.06190692
5794,0.06104695
5795,0.053695057
5796,0.067177996
5797,0.26916587
5798,0.05557532
5799,0.058048
5800,0.06726572
5801,0.06490888
5802,0.06291946
5803,0.06881711
5804,0.07306397
5805,0.24249563
5806,0.062102105
5807,0.075875476
5808,0.061398886
5809,0.058095817
5810,0.51316905
5811,0.5298783
5812,0.6811009
5813,0.06136763
5814,0.26941103
5815,0.059903223
5816,0.06460172
5817,0.060903836
5818,0.2604939
5819,0.06810486
5820,0.03843718
5821,0.057139464
5822,0.058119606
5823,0.28928202
5824,0.059688434
5825,0.54794484
5826,0.26306465
5827,0.052270807
5828,0.063701965
5829,0.058678746
5830,0.061636712
5831,0.064187564
5832,0.06520535
5833,0.06547508
5834,0.058949787
5835,0.06293879
5836,0.05859824
5837,0.06345738
5838,0.050622664
5839,0.47253808
5840,0.5653831
5841,0.56300086
5842,0.05299557
5843,0.06417446
5844,0.81888026
5845,0.06726572
5846,0.065341875
5847,0.06463989
5848,0.05944503
5849,0.05617442
5850,0.05823518
5851,0.05575122
5852,0.60776365
5853,0.5993543
5854,0.05936152
5855,0.05848518
5856,0.06002546
5857,0.057271603
5858,0.05862685
5859,0.2662404
5860,0.07002218
5861,0.06337149
5862,0.062347066
5863,0.05918482
5864,0.05761628
5865,0.05975772
5866,0.58006036
5867,0.5945782
5868,0.26960412
5869,0.063652545
5870,0.06813339
5871,0.058104277
5872,0.054345775
5873,0.061273295
5874,0.06515096
5875,0.06309723
5876,0.060046606
5877,0.05479133
5878,0.056986764
5879,0.0575551
5880,0.06551255
5881,0.26751044
5882,0.5268594
5883,0.5876285
5884,0.25714058
5885,0.04948475
5886,0.059533387
5887,0.24753249
5888,0.58574754
5889,0.26639706
5890,0.0640989
5891,0.061109737
5892,0.059232593
5893,0.06309723
5894,0.26905957
5895,0.06258678
5896,0.06010517
5897,0.27139992
5898,0.048675228
5899,0.648321
5900,0.060435936
5901,0.0590585
5902,0.06154853
5903,0.061075654
5904,0.060335156
5905,0.055088125
5906,0.058937673
5907,0.072039366
5908,0.060045496
5909,0.05891277
5910,0.061075654
5911,0.064935036
5912,0.6672886
5913,0.27458048
5914,0.6556147
5915,0.5815754
5916,0.06294346
5917,0.063434124
5918,0.2719766
5919,0.06177576
5920,0.06007993
5921,0.06263198
5922,0.5806644
5923,0.64474213
5924,0.060963944
5925,0.56243837
5926,0.6093283
5927,0.06002546
5928,0.06547508
5929,0.06202621
5930,0.06726572
5931,0.06515124
5932,0.05734799
5933,0.055935834
5934,0.052635405
5935,0.06307606
5936,0.057257716
5937,0.07317191
5938,0.26966324
5939,0.5115623
5940,0.51454234
5941,0.58377755
5942,0.56300086
5943,0.06409804
5944,0.058554836
5945,0.06075151
5946,0.05090262
5947,0.26817235
5948,0.068090424
5949,0.06104306
5950,0.047903005
5951,0.06305865
5952,0.059109524
5953,0.05917091
5954,0.0649313
5955,0.06308756
5956,0.06309723
5957,0.062675826
5958,0.06611126
5959,0.055769876
5960,0.06465281
5961,0.07174006
5962,0.055725876
5963,0.062239077
5964,0.27017355
5965,0.2617163
5966,0.5866981
5967,0.57433355
5968,0.57543224
5969,0.27270383
5970,0.059957854
5971,0.06035949
5972,0.060708
5973,0.06354511
5974,0.06256207
5975,0.06171538
5976,0.058635343
5977,0.061116464
5978,0.5955088
5979,0.2571797
5980,0.059200913
5981,0.05884585
5982,0.06863173
5983,0.063701965
5984,0.05910011
5985,0.06007993
5986,0.062354635
5987,0.064935036
5988,0.060880907
5989,0.05676991
5990,0.060067795
5991,0.06393149
5992,0.062354635
5993,0.5768278
5994,0.52638966
5995,0.060875885
5996,0.56222814
5997,0.58539355
5998,0.57281214
5999,0.26163292
6000,0.06294346
6001,0.058938287
6002,0.06305865
6003,0.059554722
6004,0.06310334
6005,0.05561878
6006,0.06549908
6007,0.59297264
6008,0.25672445
6009,0.24948852
6010,0.06671644
6011,0.06724076
6012,0.058554836
6013,0.06302681
6014,0.0625287
6015,0.05424144
6016,0.060435936
6017,0.058048
6018,0.059286505
6019,0.57839584
6020,0.876983
6021,0.62192214
6022,0.053583134
6023,0.2675571
6024,0.05796188
6025,0.06295104
6026,0.061001763
6027,0.061555408
6028,0.060151104
6029,0.06544985
6030,0.06171538
6031,0.28863683
6032,0.06123007
6033,0.07283966
6034,0.25829235
6035,0.068090424
6036,0.05893032
6037,0.059473827
6038,0.057515286
6039,0.06333088
6040,0.06301184
6041,0.2606541
6042,0.06611126
6043,0.06291946
6044,0.05906595
6045,0.0640989
6046,0.06941546
6047,0.06909107
6048,0.064534426
6049,0.061776053
6050,0.058789328
6051,0.06254494
6052,0.054186914
6053,0.06308756
6054,0.62780327
6055,0.06490888
6056,0.060046606
6057,0.055935834
6058,0.05090262
6059,0.05676991
6060,0.059338775
6061,0.060903836
6062,0.06249469
6063,0.15583436
6064,0.0657299
6065,0.060192116
6066,0.58703333
6067,0.5474856
6068,0.05745024
6069,0.06787722
6070,0.06294346
6071,0.059688434
6072,0.06375222
6073,0.06321025
6074,0.058467813
6075,0.057450864
6076,0.0644346
6077,0.06521415
6078,0.060148392
6079,0.06409804
6080,0.059199072
6081,0.059522387
6082,0.56243837
6083,0.061776053
6084,0.06413618
6085,0.058789328
6086,0.062318157
6087,0.061702766
6088,0.5012942
6089,0.059338775
6090,0.062354635
6091,0.06893908
6092,0.05920943
6093,0.06735302
6094,0.05934522
6095,0.062888846
6096,0.058648836
6097,0.060855906
6098,0.2662717
6099,0.06295104
6100,0.060406763
6101,0.06295104
6102,0.06155795
6103,0.060435936
6104,0.060923576
6105,0.06259691
6106,0.060281932
6107,0.06263198
6108,0.5862426
6109,0.059554722
6110,0.051322248
6111,0.06467872
6112,0.05865904
6113,0.0575551
6114,0.06540189
6115,0.26746023
6116,0.062354635
6117,0.2682307
6118,0.057362013
6119,0.06077894
6120,0.06455553
6121,0.058554836
6122,0.059354823
6123,0.2605523
6124,0.06087914
6125,0.063893184
6126,0.059084732
6127,0.06296556
6128,0.05558063
6129,0.06473762
6130,0.2795929
6131,0.5377103
6132,0.059959378
6133,0.06484428
6134,0.061475206
6135,0.061161533
6136,0.060923576
6137,0.05949343
6138,0.061234877
6139,0.050885137
6140,0.6770505
6141,0.060579825
6142,0.07196279
6143,0.064305276
6144,0.059206333
6145,0.06155795
6146,0.059356783
6147,0.0575551
6148,0.5633121
6149,0.057841443
6150,0.060216755
6151,0.059903223
6152,0.06294346
6153,0.05949343
6154,0.053275276
6155,0.061311014
6156,0.06296556
6157,0.06288592
6158,0.06490888
6159,0.064598896
6160,0.073811434
6161,0.05920943
6162,0.06631105
6163,0.06807435
6164,0.062787235
6165,0.07069281
6166,0.061837032
6167,0.057723306
6168,0.064450465
6169,0.0644346
6170,0.061023094
6171,0.05774777
6172,0.58308256
6173,0.060021862
6174,0.063701965
6175,0.06104306
6176,0.058755573
6177,0.067493886
6178,0.55842733
6179,0.06296556
6180,0.061116464
6181,0.060192116
6182,0.06516295
6183,0.05813713
6184,0.059932552
6185,0.06332114
6186,0.055949215
6187,0.05887537
6188,0.060914606
6189,0.06961273
6190,0.67608654
6191,0.0719844
6192,0.03783945
6193,0.057723306
6194,0.06001682
6195,0.07610205
6196,0.06465281
6197,0.06909107
6198,0.055743255
6199,0.05911301
6200,0.061234877
6201,0.06344558
6202,0.06807435
6203,0.063103944
6204,0.060046606
6205,0.060031194
6206,0.06104306
6207,0.06439724
6208,0.06480938
6209,0.06387089
6210,0.06251582
6211,0.27711242
6212,0.0623014
6213,0.057669956
6214,0.069617204
6215,0.060828354
6216,0.05575122
6217,0.058084417
6218,0.06465281
6219,0.064462245
6220,0.059481896
6221,0.056156944
6222,0.061001763
6223,0.055949215
6224,0.06529184
6225,0.05857466
6226,0.05525588
6227,0.07261375
6228,0.06497519
6229,0.06565411
6230,0.0657245
6231,0.06263198
6232,0.05944503
6233,0.0630172
6234,0.069941565
6235,0.06359271
6236,0.060960475
6237,0.06807435
6238,0.05770489
6239,0.06517658
6240,0.050977144
6241,0.06383655
6242,0.06087914
6243,0.06288691
6244,0.07162582
6245,0.060961176
6246,0.05949343
6247,0.06338197
6248,0.06155795
6249,0.05980635
6250,0.064146265
6251,0.05865904
6252,0.06189753
6253,0.056200214
6254,0.06266771
6255,0.06211071
6256,0.0569728
6257,0.06579591
6258,0.055528935
6259,0.06154853
6260,0.05862685
6261,0.05574225
6262,0.063701965
6263,0.061975844
6264,0.06147599
6265,0.06021803
6266,0.061531078
6267,0.062888846
6268,0.059356783
6269,0.06807435
6270,0.06585672
6271,0.06515124
6272,0.057515286
6273,0.06147422
6274,0.061449755
6275,0.05557532
6276,0.06706579
6277,0.06305865
6278,0.057604782
6279,0.06311058
6280,0.06699004
6281,0.06381947
6282,0.0594388
6283,0.061448086
6284,0.060809743
6285,0.06391718
6286,0.062354635
6287,0.055406887
6288,0.07002218
6289,0.057466745
6290,0.056729756
6291,0.063063756
6292,0.06461965
6293,0.0644346
6294,0.055743255
6295,0.063554496
6296,0.059232593
6297,0.05090262
6298,0.06909107
6299,0.067334
6300,0.072785534
6301,0.063100025
6302,0.047903005
6303,0.057625066
6304,0.070074
6305,0.0638752
6306,0.061023094
6307,0.06547508
6308,0.065120816
6309,0.061426185
6310,0.06544929
6311,0.065120816
6312,0.05893759
6313,0.06143423
6314,0.06708203
6315,0.06143423
6316,0.06491841
6317,0.061115254
6318,0.059863634
6319,0.06551833
6320,0.05916674
6321,0.10955517
6322,0.062888294
6323,0.058077175
6324,0.589322
6325,0.5731699
6326,0.062443666
6327,0.58644533
6328,0.059731543
6329,0.2665793
6330,0.27103266
6331,0.059652105
6332,0.065076895
6333,0.06656455
6334,0.056317836
6335,0.06337972
6336,0.060669884
6337,0.29014447
6338,0.062610604
6339,0.603171
6340,0.063158624
6341,0.05527645
6342,0.07181515
6343,0.06469021
6344,0.0669103
6345,0.061232388
6346,0.05820025
6347,0.057833944
6348,0.06346628
6349,0.06320902
6350,0.5811952
6351,0.6028908
6352,0.05857277
6353,0.06120905
6354,0.07125378
6355,0.06418233
6356,0.059783988
6357,0.06923564
6358,0.057062507
6359,0.06159491
6360,0.066478096
6361,0.060953233
6362,0.05731398
6363,0.057896495
6364,0.5816184
6365,0.06880913
6366,0.26148668
6367,0.57877004
6368,0.07995677
6369,0.06349637
6370,0.5833799
6371,0.060538832
6372,0.06262511
6373,0.27218774
6374,0.066701084
6375,0.06561839
6376,0.062405143
6377,0.06504338
6378,0.06898058
6379,0.26894003
6380,0.061795812
6381,0.06419947
6382,0.06466098
6383,0.55224687
6384,0.05527645
6385,0.069757044
6386,0.06496969
6387,0.06552146
6388,0.06708203
6389,0.058930393
6390,0.06923692
6391,0.06151236
6392,0.06282552
6393,0.062599525
6394,0.062330697
6395,0.5770672
6396,0.068426065
6397,0.059939656
6398,0.05796332
6399,0.06089873
6400,0.06060559
6401,0.059441157
6402,0.5874176
6403,0.06461525
6404,0.073129356
6405,0.2689027
6406,0.57485574
6407,0.05930766
6408,0.064623624
6409,0.060516536
6410,0.06082065
6411,0.06272084
6412,0.059411105
6413,0.059909973
6414,0.060396522
6415,0.062480558
6416,0.057622876
6417,0.56750745
6418,0.5558357
6419,0.06197778
6420,0.54639846
6421,0.06482176
6422,0.06441937
6423,0.060804926
6424,0.07366381
6425,0.27570438
6426,0.061127003
6427,0.06348647
6428,0.06083928
6429,0.05797295
6430,0.06517584
6431,0.06404115
6432,0.5902715
6433,0.06942485
6434,0.07190204
6435,0.0575821
6436,0.063250445
6437,0.065454215
6438,0.061306283
6439,0.06159491
6440,0.06644105
6441,0.06578789
6442,0.060538832
6443,0.06595566
6444,0.062837146
6445,0.07125378
6446,0.05796332
6447,0.0626948
6448,0.06418233
6449,0.06149807
6450,0.12141845
6451,0.27009335
6452,0.07315839
6453,0.060219876
6454,0.06464
6455,0.063250445
6456,0.056070723
6457,0.06523707
6458,0.066478096
6459,0.06005878
6460,0.06358295
6461,0.06439366
6462,0.063696094
6463,0.06552798
6464,0.07082677
6465,0.06402297
6466,0.057590783
6467,0.06241966
6468,0.057196558
6469,0.06301187
6470,0.067875385
6471,0.060953233
6472,0.059386164
6473,0.061949003
6474,0.06927407
6475,0.0633769
6476,0.063250445
6477,0.064389154
6478,0.06505927
6479,0.06828906
6480,0.05927896
6481,0.06358295
6482,0.278796
6483,0.2896416
6484,0.059731543
6485,0.05831416
6486,0.06337972
6487,0.06413653
6488,0.061220635
6489,0.05893759
6490,0.070009634
6491,0.06511225
6492,0.07165049
6493,0.06971561
6494,0.5780269
6495,0.05528542
6496,0.061127003
6497,0.062443666
6498,0.06942485
6499,0.07961067
6500,0.059302762
6501,0.06322834
6502,0.06623653
6503,0.084689856
6504,0.061949003
6505,0.06241966
6506,0.06609437
6507,0.059594452
6508,0.06695656
6509,0.06111161
6510,0.06521193
6511,0.06326733
6512,0.071256965
6513,0.27139348
6514,0.5602207
6515,0.070993185
6516,0.063609116
6517,0.06441937
6518,0.06583467
6519,0.06397603
6520,0.06527648
6521,0.054628175
6522,0.062405143
6523,0.05094518
6524,0.0710725
6525,0.064136595
6526,0.06268714
6527,0.0601872
6528,0.06162621
6529,0.06348647
6530,0.06404115
6531,0.062324297
6532,0.06816123
6533,0.0626928
6534,0.07165273
6535,0.07178924
6536,0.06308305
6537,0.06358154
6538,0.061306283
6539,0.07366381
6540,0.07861049
6541,0.0652605
6542,0.589931
6543,0.057247374
6544,0.061949003
6545,0.060804926
6546,0.054735035
6547,0.070169285
6548,0.062405143
6549,0.07125378
6550,0.062052414
6551,0.059378408
6552,0.062837146
6553,0.067803524
6554,0.06459915
6555,0.053916454
6556,0.06469021
6557,0.073863246
6558,0.06482176
6559,0.06089873
6560,0.056199163
6561,0.0632142
6562,0.06159491
6563,0.07315839
6564,0.06429596
6565,0.06384539
6566,0.057622876
6567,0.5859905
6568,0.06552146
6569,0.07910495
6570,0.060888026
6571,0.07134899
6572,0.064424574
6573,0.05796332
6574,0.065076895
6575,0.063737184
6576,0.05820408
6577,0.26546878
6578,0.05831416
6579,0.13053156
6580,0.07761054
6581,0.059783988
6582,0.057062507
6583,0.06159491
6584,0.06402297
6585,0.05731398
6586,0.069408335
6587,0.06435866
6588,0.059729517
6589,0.5610375
6590,0.05425761
6591,0.06636676
6592,0.5893735
6593,0.05527645
6594,0.27341408
6595,0.27570438
6596,0.06938992
6597,0.06734349
6598,0.06074624
6599,0.07161861
6600,0.06242936
6601,0.059533533
6602,0.055736806
6603,0.06828906
6604,0.0626928
6605,0.06435866
6606,0.060377553
6607,0.06286427
6608,0.06415888
6609,0.060436767
6610,0.057717253
6611,0.060888026
6612,0.0735094
6613,0.06168084
6614,0.058068182
6615,0.06857909
6616,0.05995326
6617,0.27328178
6618,0.06016539
6619,0.06590889
6620,0.061145198
6621,0.06358295
6622,0.06903498
6623,0.058523174
6624,0.58524203
6625,0.06410218
6626,0.0601872
6627,0.5981968
6628,0.27299255
6629,0.07317558
6630,0.06355328
6631,0.063158624
6632,0.07021866
6633,0.06186556
6634,0.26870337
6635,0.30258486
6636,0.06552146
6637,0.061221898
6638,0.26567805
6639,0.07910495
6640,0.06331683
6641,0.06544929
6642,0.60765684
6643,0.06393418
6644,0.06301187
6645,0.06481631
6646,0.06655741
6647,0.06944881
6648,0.63568383
6649,0.6771737
6650,0.060689766
6651,0.07119607
6652,0.5547636
6653,0.0623411
6654,0.06439366
6655,0.27596194
6656,0.05786988
6657,0.06378896
6658,0.05878848
6659,0.05669451
6660,0.06445816
6661,0.5931397
6662,0.06120905
6663,0.06346476
6664,0.25293875
6665,0.063933395
6666,0.2651951
6667,0.6009774
6668,0.2698355
6669,0.07761054
6670,0.5930612
6671,0.2692722
6672,0.5870854
6673,0.59071654
6674,0.6148522
6675,0.059883624
6676,0.05774464
6677,0.06590318
6678,0.067875385
6679,0.06378896
6680,0.0753278
6681,0.07666192
6682,0.062808454
6683,0.061306283
6684,0.06078022
6685,0.06544929
6686,0.06517584
6687,0.063609116
6688,0.068211794
6689,0.06588756
6690,0.070007
6691,0.27102292
6692,0.062330697
6693,0.06427121
6694,0.05691323
6695,0.06382162
6696,0.063933395
6697,0.27339876
6698,0.61287415
6699,0.5835235
6700,0.61896837
6701,0.059843045
6702,0.05796537
6703,0.057196558
6704,0.07021866
6705,0.2624891
6706,0.06079151
6707,0.059689023
6708,0.11157485
6709,0.06279495
6710,0.05944221
6711,0.06143423
6712,0.06501826
6713,0.06419947
6714,0.26792583
6715,0.06496969
6716,0.06942485
6717,0.06353309
6718,0.059378408
6719,0.06212805
6720,0.062442794
6721,0.06539758
6722,0.27922213
6723,0.061795812
6724,0.06556379
6725,0.06528032
6726,0.05847992
6727,0.26870337
6728,0.60994875
6729,0.6445744
6730,0.69151264
6731,0.06481631
6732,0.25293875
6733,0.07584662
6734,0.26454443
6735,0.060458902
6736,0.26498467
6737,0.059909973
6738,0.064462975
6739,0.060362328
6740,0.059533533
6741,0.05858539
6742,0.2664603
6743,0.06432632
6744,0.5918655
6745,0.26020497
6746,0.06645079
6747,0.06494048
6748,0.05955257
6749,0.06267014
6750,0.05691323
6751,0.06383846
6752,0.059411105
6753,0.0669103
6754,0.05955257
6755,0.06517584
6756,0.066368476
6757,0.06502927
6758,0.58370507
6759,0.56462514
6760,0.5913443
6761,0.054636043
6762,0.06464
6763,0.27211806
6764,0.05486172
6765,0.06355328
6766,0.06561839
6767,0.065252
6768,0.06434387
6769,0.059386164
6770,0.062324297
6771,0.06631403
6772,0.10898089
6773,0.6881234
6774,0.5837911
6775,0.0753278
6776,0.061221898
6777,0.07119607
6778,0.06958144
6779,0.059302762
6780,0.5202961
6781,0.06496969
6782,0.06527556
6783,0.062945016
6784,0.062342007
6785,0.061433718
6786,0.059594452
6787,0.06880913
6788,0.5913221
6789,0.5849226
6790,0.27463716
6791,0.059939656
6792,0.0623411
6793,0.06552146
6794,0.05820025
6795,0.26706448
6796,0.06242936
6797,0.06079151
6798,0.059909973
6799,0.06384539
6800,0.06361408
6801,0.0633769
6802,0.28087687
6803,0.57674575
6804,0.62617743
6805,0.2741367
6806,0.06346476
6807,0.06505927
6808,0.26020497
6809,0.56120425
6810,0.2685215
6811,0.06944881
6812,0.056218535
6813,0.07257711
6814,0.05799478
6815,0.059941936
6816,0.06431398
6817,0.26731592
6818,0.27561888
6819,0.053916454
6820,0.5793057
6821,0.26768574
6822,0.058232635
6823,0.2904338
6824,0.059941936
6825,0.06082065
6826,0.064493306
6827,0.056379307
6828,0.065368205
6829,0.062052414
6830,0.05877736
6831,0.068211794
6832,0.059302762
6833,0.66142285
6834,0.27218774
6835,0.75094545
6836,0.5995209
6837,0.13537028
6838,0.053231917
6839,0.2904338
6840,0.054598954
6841,0.06469021
6842,0.056824464
6843,0.578442
6844,0.2692722
6845,0.07096855
6846,0.58798695
6847,0.59231263
6848,0.061962433
6849,0.06354654
6850,0.06590318
6851,0.064424574
6852,0.06944881
6853,0.05820025
6854,0.06013638
6855,0.05945138
6856,0.0588175
6857,0.06757163
6858,0.07160939
6859,0.06337189
6860,0.6047602
6861,0.53231263
6862,0.47708726
6863,0.7883869
6864,0.58685154
6865,0.055627074
6866,0.07727793
6867,0.06578789
6868,0.06481631
6869,0.06624796
6870,0.061155356
6871,0.060138755
6872,0.065657556
6873,0.05814897
6874,0.06432632
6875,0.0645833
6876,0.059908736
6877,0.067875385
6878,0.0700091
6879,0.06880913
6880,0.06304687
6881,0.060294632
6882,0.064424574
6883,0.05962267
6884,0.06383846
6885,0.26859686
6886,0.2896416
6887,0.5872229
6888,0.527524
6889,0.6859173
6890,0.5249075
6891,0.062427573
6892,0.059943147
6893,0.06539758
6894,0.06299282
6895,0.056652118
6896,0.06434387
6897,0.06483265
6898,0.60560316
6899,0.26915935
6900,0.061232388
6901,0.059843045
6902,0.059135344
6903,0.06757163
6904,0.05735212
6905,0.07165049
6906,0.05824016
6907,0.060538832
6908,0.05995326
6909,0.06197778
6910,0.061232388
6911,0.06316749
6912,0.5783725
6913,0.6138755
6914,0.0665427
6915,0.5610375
6916,0.6940275
6917,0.6739257
6918,0.065902404
6919,0.06590889
6920,0.063737184
6921,0.06505927
6922,0.06464
6923,0.05961868
6924,0.069026455
6925,0.07134899
6926,0.5972017
6927,0.28940356
6928,0.58092976
6929,0.057717253
6930,0.058232635
6931,0.054800812
6932,0.060953233
6933,0.061145198
6934,0.062443666
6935,0.06656455
6936,0.05748459
6937,0.27596194
6938,0.57250863
6939,0.7982073
6940,0.5510668
6941,0.27299255
6942,0.57411456
6943,0.066243894
6944,0.06148993
6945,0.05731398
6946,0.07082677
6947,0.06461525
6948,0.08253216
6949,0.06461525
6950,0.066698775
6951,0.07761054
6952,0.6048748
6953,0.06212805
6954,0.06337972
6955,0.5794067
6956,0.06437251
6957,0.06349637
6958,0.05995326
6959,0.066368476
6960,0.2896416
6961,0.06523707
6962,0.25912762
6963,0.27299255
6964,0.061974928
6965,0.057282593
6966,0.14931928
6967,0.060458902
6968,0.063609116
6969,0.058726627
6970,0.05878404
6971,0.060219876
6972,0.06656941
6973,0.06482176
6974,0.055618938
6975,0.27242386
6976,0.06927407
6977,0.070993185
6978,0.061176807
6979,0.058015373
6980,0.069026455
6981,0.061795812
6982,0.06299282
6983,0.06583467
6984,0.07169222
6985,0.058726627
6986,0.5677231
6987,0.5491467
6988,0.06382406
6989,0.05995326
6990,0.06304687
6991,0.06373312
6992,0.062533684
6993,0.06644105
6994,0.07023923
6995,0.060219876
6996,0.056199163
6997,0.057247374
6998,0.060994923
6999,0.06348647
7000,0.06404115
7001,0.06242936
7002,0.57198423
7003,0.06434387
7004,0.066701084
7005,0.06788185
7006,0.06418233
7007,0.60541815
7008,0.06422176
7009,0.0575821
7010,0.060362328
7011,0.06942202
7012,0.060804926
7013,0.056199163
7014,0.06986958
7015,0.26206517
7016,0.06071226
7017,0.06358017
7018,0.05554677
7019,0.26983938
7020,0.06337972
7021,0.059691217
7022,0.058904257
7023,0.06384986
7024,0.058257032
7025,0.059839852
7026,0.070993185
7027,0.07023923
7028,0.26245335
7029,0.06186556
7030,0.070033416
7031,0.05786988
7032,0.07666192
7033,0.057086818
7034,0.060971584
7035,0.26964936
7036,0.058124986
7037,0.27242386
7038,0.056199163
7039,0.062443666
7040,0.07021866
7041,0.06405891
7042,0.070009634
7043,0.26769373
7044,0.06373312
7045,0.06539758
7046,0.06645079
7047,0.075553134
7048,0.059778433
7049,0.068666756
7050,0.06502776
7051,0.26245335
7052,0.5810577
7053,0.2664603
7054,0.065454215
7055,0.06286553
7056,0.06026385
7057,0.066677965
7058,0.057717253
7059,0.05953588
7060,0.06197778
7061,0.06311308
7062,0.60560316
7063,0.057297584
7064,0.08664444
7065,0.06089873
7066,0.06494048
7067,0.06331514
7068,0.062325843
7069,0.061306283
7070,0.7203067
7071,0.07206895
7072,0.06255567
7073,0.059437558
7074,0.07119607
7075,0.07995677
7076,0.06880913
7077,0.0659671
7078,0.06310128
7079,0.062480558
7080,0.06987137
7081,0.0728363
7082,0.062096007
7083,0.05580805
7084,0.05527645
7085,0.061181393
7086,0.062325835
7087,0.05527645
7088,0.06254119
7089,0.061306283
7090,0.06944881
7091,0.06629014
7092,0.061306283
7093,0.06267014
7094,0.48559138
7095,0.080974005
7096,0.06237472
7097,0.057247374
7098,0.06413653
7099,0.063933395
7100,0.060400598
7101,0.27004936
7102,0.06469021
7103,0.06337189
7104,0.05386269
7105,0.06283811
7106,0.056659035
7107,0.062183578
7108,0.0674703
7109,0.064734936
7110,0.07584662
7111,0.06373312
7112,0.5750928
7113,0.0669103
7114,0.061181393
7115,0.059814442
7116,0.06367903
7117,0.06361408
7118,0.06159491
7119,0.06432632
7120,0.059839852
7121,0.06944881
7122,0.05853286
7123,0.070033416
7124,0.058800932
7125,0.058423746
7126,0.05878848
7127,0.05820408
7128,0.06331683
7129,0.06346628
7130,0.06501826
7131,0.26768574
7132,0.28035882
7133,0.061181393
7134,0.057359666
7135,0.06032449
7136,0.059941936
7137,0.06590318
7138,0.06788185
7139,0.065902404
7140,0.06316749
7141,0.05877736
7142,0.06397603
7143,0.06039804
7144,0.06299282
7145,0.06528032
7146,0.06322834
7147,0.059479173
7148,0.062932946
7149,0.066478096
7150,0.059764724
7151,0.051346987
7152,0.08253216
7153,0.06351625
7154,0.06523707
7155,0.06478823
7156,0.060994923
7157,0.056853775
7158,0.05820025
7159,0.06716124
7160,0.07165273
7161,0.062325843
7162,0.060994923
7163,0.052262273
7164,0.06005878
7165,0.06987137
7166,0.06338375
7167,0.055736806
7168,0.06383846
7169,0.06464
7170,0.059941936
7171,0.07082677
7172,0.0659671
7173,0.070007
7174,0.06151236
7175,0.062837146
7176,0.05386269
7177,0.06186556
7178,0.07376615
7179,0.07727793
7180,0.05772808
7181,0.06316749
7182,0.059839852
7183,0.059205998
7184,0.059386164
7185,0.06522541
7186,0.0632142
7187,0.06466098
7188,0.08281478
7189,0.061795812
7190,0.06418233
7191,0.06149807
7192,0.06521193
7193,0.06517584
7194,0.07021866
7195,0.07165273
7196,0.0578602
7197,0.07125378
7198,0.0661314
7199,0.060319804
7200,0.06430362
7201,0.057143845
7202,0.061949003
7203,0.06309958
7204,0.06102956
7205,0.06309958
7206,0.052262273
7207,0.06441937
7208,0.060138755
7209,0.04947659
7210,0.0633769
7211,0.06290729
7212,0.06556379
7213,0.05930766
7214,0.06283811
7215,0.058904257
7216,0.057622876
7217,0.061949003
7218,0.05878848
7219,0.06511512
7220,0.05748459
7221,0.062888294
7222,0.057196558
7223,0.06501826
7224,0.108335525
7225,0.0710725
7226,0.058859855
7227,0.068666756
7228,0.06927407
7229,0.0700091
7230,0.06857909
7231,0.062271774
7232,0.05799478
7233,0.06331514
7234,0.061391257
7235,0.06624796
7236,0.07190515
7237,0.06365285
7238,0.06161103
7239,0.068523236
7240,0.063712835
7241,0.061487813
7242,0.056806367
7243,0.06627881
7244,0.06350658
7245,0.0653605
7246,0.06368092
7247,0.062059376
7248,0.057700932
7249,0.059850357
7250,0.07068097
7251,0.061465207
7252,0.064734235
7253,0.06165469
7254,0.065232
7255,0.25208226
7256,0.5622145
7257,0.059242006
7258,0.06472827
7259,0.26227275
7260,0.064285114
7261,0.5951871
7262,0.057700932
7263,0.060809765
7264,0.0636626
7265,0.056956932
7266,0.06501602
7267,0.05984078
7268,0.06432178
7269,0.064800635
7270,0.0596472
7271,0.06524989
7272,0.59596825
7273,0.062871344
7274,0.062146157
7275,0.0641428
7276,0.062055238
7277,0.0626494
7278,0.06187553
7279,0.06501619
7280,0.060933504
7281,0.061633702
7282,0.06400084
7283,0.066132754
7284,0.06123459
7285,0.064153835
7286,0.058651235
7287,0.47499514
7288,0.54100436
7289,0.062106565
7290,0.06517362
7291,0.26973337
7292,0.06446059
7293,0.063757494
7294,0.060715936
7295,0.06101039
7296,0.065936215
7297,0.061020706
7298,0.6048851
7299,0.062966116
7300,0.48212212
7301,0.58976847
7302,0.058822848
7303,0.063005306
7304,0.5821498
7305,0.064816676
7306,0.27723682
7307,0.064427935
7308,0.05875294
7309,0.06533899
7310,0.05867578
7311,0.28058013
7312,0.056454215
7313,0.06548476
7314,0.064436495
7315,0.0653605
7316,0.601742
7317,0.051672757
7318,0.06102728
7319,0.062091216
7320,0.06221398
7321,0.06501602
7322,0.06506653
7323,0.061586294
7324,0.06548501
7325,0.061034217
7326,0.06728313
7327,0.27352867
7328,0.055447668
7329,0.06441179
7330,0.065274365
7331,0.05415046
7332,0.06461123
7333,0.56986874
7334,0.0596472
7335,0.06480315
7336,0.57998395
7337,0.6040261
7338,0.0701325
7339,0.059826043
7340,0.061817605
7341,0.05520641
7342,0.063972846
7343,0.06123459
7344,0.064175375
7345,0.065151036
7346,0.06455616
7347,0.062297367
7348,0.26755923
7349,0.6208253
7350,0.062403195
7351,0.06250116
7352,0.06559867
7353,0.12290193
7354,0.066160254
7355,0.06429395
7356,0.063591704
7357,0.06515103
7358,0.26228106
7359,0.06593407
7360,0.061605357
7361,0.058822848
7362,0.05854347
7363,0.058589004
7364,0.060502015
7365,0.061034217
7366,0.6240374
7367,0.060525455
7368,0.05984078
7369,0.05967576
7370,0.057776533
7371,0.059348635
7372,0.061982308
7373,0.063972846
7374,0.06326849
7375,0.061028216
7376,0.066203155
7377,0.06569025
7378,0.0639049
7379,0.06096547
7380,0.06655963
7381,0.06413312
7382,0.06837315
7383,0.0649677
7384,0.06715031
7385,0.0639043
7386,0.062819526
7387,0.27728707
7388,0.061633702
7389,0.061386388
7390,0.06053313
7391,0.07062637
7392,0.06713222
7393,0.056190047
7394,0.058651235
7395,0.06430827
7396,0.058114152
7397,0.06496472
7398,0.0597956
7399,0.2778189
7400,0.060126107
7401,0.05953513
7402,0.0597956
7403,0.06627881
7404,0.06326849
7405,0.06498976
7406,0.06430827
7407,0.06658147
7408,0.059826043
7409,0.06146145
7410,0.063972846
7411,0.056668177
7412,0.063532434
7413,0.07068097
7414,0.060380254
7415,0.06293836
7416,0.06501619
7417,0.05765298
7418,0.25900266
7419,0.06278736
7420,0.0658154
7421,0.0592448
7422,0.061059207
7423,0.092981316
7424,0.061371133
7425,0.063591704
7426,0.05883974
7427,0.60423875
7428,0.06658147
7429,0.06008832
7430,0.05733819
7431,0.06477957
7432,0.06935567
7433,0.07043985
7434,0.06732212
7435,0.061535813
7436,0.052157972
7437,0.06541907
7438,0.053506747
7439,0.06271632
7440,0.062297367
7441,0.06472827
7442,0.056190047
7443,0.271965
7444,0.06527873
7445,0.06603947
7446,0.42684075
7447,0.6098911
7448,0.061848216
7449,0.05945035
7450,0.06938929
7451,0.066203155
7452,0.064559676
7453,0.0653605
7454,0.0636626
7455,0.06487793
7456,0.06139537
7457,0.0641155
7458,0.06735031
7459,0.05635298
7460,0.060715936
7461,0.06635839
7462,0.07384643
7463,0.056952026
7464,0.064294085
7465,0.06353025
7466,0.06501788
7467,0.06111216
7468,0.05967576
7469,0.0670093
7470,0.07302467
7471,0.06494119
7472,0.064823456
7473,0.05730967
7474,0.062209327
7475,0.06123459
7476,0.2724124
7477,0.06353025
7478,0.06548196
7479,0.052088518
7480,0.06250116
7481,0.05885802
7482,0.10942482
7483,0.089459166
7484,0.06713222
7485,0.063795544
7486,0.052946854
7487,0.07062637
7488,0.062084995
7489,0.057043396
7490,0.06022423
7491,0.057700932
7492,0.05415046
7493,0.058651235
7494,0.058320027
7495,0.06524989
7496,0.06527873
7497,0.064153835
7498,0.056959756
7499,0.059334233
7500,0.07130526
7501,0.46918413
7502,0.06518343
7503,0.059334233
7504,0.07077927
7505,0.058320027
7506,0.06292898
7507,0.064751044
7508,0.06531909
7509,0.06032296
7510,0.26875976
7511,0.06038208
7512,0.06187553
7513,0.06053313
7514,0.066050954
7515,0.059751227
7516,0.05836751
7517,0.06008832
7518,0.05871728
7519,0.05775361
7520,0.061893225
7521,0.061605357
7522,0.064802326
7523,0.62399316
7524,0.06292898
7525,0.06948758
7526,0.5360227
7527,0.06299548
7528,0.26483876
7529,0.26151395
7530,0.06418533
7531,0.061381597
7532,0.06455616
7533,0.0639049
7534,0.06362576
7535,0.064175375
7536,0.06448259
7537,0.062234566
7538,0.06022423
7539,0.061534397
7540,0.0648373
7541,0.059760526
7542,0.061324917
7543,0.062862754
7544,0.05999706
7545,0.06435076
7546,0.07384643
7547,0.066160254
7548,0.06343323
7549,0.062840804
7550,0.05758916
7551,0.27300504
7552,0.061020706
7553,0.06250116
7554,0.05931119
7555,0.062966116
7556,0.06545151
7557,0.5678781
7558,0.06053608
7559,0.06435076
7560,0.60258037
7561,0.28565887
7562,0.063304596
7563,0.0641155
7564,0.06498976
7565,0.06430064
7566,0.063593
7567,0.056729916
7568,0.06435076
7569,0.061582766
7570,0.26879466
7571,0.06458757
7572,0.27173415
7573,0.2704188
7574,0.062060777
7575,0.2670277
7576,0.56673694
7577,0.05945035
7578,0.05492924
7579,0.06598911
7580,0.066215396
7581,0.2648465
7582,0.5773687
7583,0.065879956
7584,0.061020706
7585,0.5670526
7586,0.062862754
7587,0.064989194
7588,0.26875976
7589,0.059760526
7590,0.060039565
7591,0.062499013
7592,0.0600575
7593,0.06509376
7594,0.06935567
7595,0.26615393
7596,0.060158055
7597,0.06766177
7598,0.2670277
7599,0.057412587
7600,0.07043985
7601,0.5664155
7602,0.07433711
7603,0.05766195
7604,0.25483304
7605,0.5795266
7606,0.25371128
7607,0.5752471
7608,0.5931713
7609,0.28364524
7610,0.06495675
7611,0.14546129
7612,0.058115035
7613,0.06513659
7614,0.067644045
7615,0.06271632
7616,0.06837315
7617,0.060848277
7618,0.06153687
7619,0.06434223
7620,0.066203155
7621,0.0629269
7622,0.067423455
7623,0.069543585
7624,0.06557823
7625,0.26151395
7626,0.06498976
7627,0.07004576
7628,0.061582766
7629,0.27300504
7630,0.064816676
7631,0.27744165
7632,0.61779225
7633,0.83430094
7634,0.6189057
7635,0.066132754
7636,0.06533899
7637,0.06435076
7638,0.2669336
7639,0.06147566
7640,0.060853314
7641,0.06472827
7642,0.072596304
7643,0.059151355
7644,0.06762613
7645,0.6005108
7646,0.05973606
7647,0.058114152
7648,0.05875294
7649,0.05261195
7650,0.064751044
7651,0.06699263
7652,0.26880386
7653,0.2673588
7654,0.06593407
7655,0.06339494
7656,0.25900266
7657,0.064153835
7658,0.06527873
7659,0.5545541
7660,0.6194078
7661,0.7031036
7662,0.06339388
7663,0.07129457
7664,0.30021167
7665,0.060157694
7666,0.06324436
7667,0.06592716
7668,0.26427284
7669,0.0597956
7670,0.061534397
7671,0.061487813
7672,0.064153835
7673,0.062060777
7674,0.068523236
7675,0.0637919
7676,0.573224
7677,0.28550273
7678,0.26180026
7679,0.06590439
7680,0.060157694
7681,0.060443524
7682,0.060502015
7683,0.058114152
7684,0.062862754
7685,0.06292006
7686,0.06732212
7687,0.06458757
7688,0.0639049
7689,0.065274365
7690,0.06353025
7691,0.59764457
7692,0.44489166
7693,0.46343452
7694,0.06501788
7695,0.061028216
7696,0.5572173
7697,0.0608364
7698,0.060525455
7699,0.058323927
7700,0.06494119
7701,0.06635839
7702,0.060219422
7703,0.0582592
7704,0.062840804
7705,0.6311415
7706,0.58697647
7707,0.057676736
7708,0.057100862
7709,0.06053839
7710,0.28042525
7711,0.0539352
7712,0.5821694
7713,0.05959894
7714,0.061194092
7715,0.06593863
7716,0.06368642
7717,0.06501619
7718,0.061987802
7719,0.064396076
7720,0.5639142
7721,0.57477504
7722,0.27289572
7723,0.055799343
7724,0.0592448
7725,0.06509376
7726,0.06459865
7727,0.2615582
7728,0.061987802
7729,0.061784565
7730,0.07246484
7731,0.062499013
7732,0.06557482
7733,0.06766177
7734,0.05836751
7735,0.26937136
7736,0.5821498
7737,0.59347844
7738,0.2707488
7739,0.06161103
7740,0.081076674
7741,0.27572706
7742,0.59867495
7743,0.06527873
7744,0.071972
7745,0.0649467
7746,0.05900924
7747,0.06493336
7748,0.06271632
7749,0.06938929
7750,0.568507
7751,0.2669015
7752,0.056952026
7753,0.5174105
7754,0.062055238
7755,0.058066223
7756,0.06848617
7757,0.061494652
7758,0.0653605
7759,0.052946854
7760,0.28223357
7761,0.05635298
7762,0.06463593
7763,0.065154575
7764,0.0676574
7765,0.26228106
7766,0.4952589
7767,0.26875976
7768,0.6459552
7769,0.49770674
7770,0.06292898
7771,0.0597956
7772,0.49645832
7773,0.0629332
7774,0.06186583
7775,0.06134602
7776,0.066054985
7777,0.62233055
7778,0.6461792
7779,0.06125448
7780,0.5302845
7781,0.601742
7782,0.059939545
7783,0.05967576
7784,0.060944792
7785,0.069543585
7786,0.067636564
7787,0.0629269
7788,0.06292006
7789,0.061381597
7790,0.06619598
7791,0.06528377
7792,0.06762379
7793,0.52948505
7794,0.5665989
7795,0.6211016
7796,0.5998123
7797,0.58533335
7798,0.061566185
7799,0.060859457
7800,0.062013738
7801,0.06299548
7802,0.06480315
7803,0.28009152
7804,0.06206711
7805,0.06603947
7806,0.052405074
7807,0.086409435
7808,0.06235741
7809,0.06135191
7810,0.05802191
7811,0.05790896
7812,0.062297367
7813,0.06465042
7814,0.061297167
7815,0.06548476
7816,0.054268245
7817,0.056729916
7818,0.064106226
7819,0.27731866
7820,0.27188057
7821,0.5846693
7822,0.54953927
7823,0.5144764
7824,0.2637249
7825,0.055739388
7826,0.057776533
7827,0.06548169
7828,0.06361307
7829,0.06548476
7830,0.064436495
7831,0.063898526
7832,0.062672555
7833,0.06324436
7834,0.5646229
7835,0.26648495
7836,0.07433711
7837,0.061848216
7838,0.060355917
7839,0.06446059
7840,0.06619598
7841,0.05973606
7842,0.066191085
7843,0.06494119
7844,0.06406299
7845,0.066203155
7846,0.06548196
7847,0.06365285
7848,0.65215045
7849,0.61779225
7850,0.2683847
7851,0.53268605
7852,0.5381933
7853,0.568394
7854,0.065154575
7855,0.06432178
7856,0.064436495
7857,0.054074712
7858,0.061633702
7859,0.05730967
7860,0.066160254
7861,0.06570174
7862,0.5320724
7863,0.26760462
7864,0.58206445
7865,0.063856035
7866,0.061582766
7867,0.06386602
7868,0.05758916
7869,0.12370749
7870,0.060933053
7871,0.06299548
7872,0.0664944
7873,0.26818642
7874,0.56410766
7875,0.5910115
7876,0.5695403
7877,0.056668177
7878,0.57451904
7879,0.05682628
7880,0.06238293
7881,0.089459166
7882,0.0629332
7883,0.06657281
7884,0.058416974
7885,0.060848553
7886,0.06293836
7887,0.062209327
7888,0.061020706
7889,0.06368092
7890,0.060252085
7891,0.06791623
7892,0.06450099
7893,0.5898637
7894,0.06190445
7895,0.06096547
7896,0.061486196
7897,0.062403195
7898,0.05969573
7899,0.27045283
7900,0.05492924
7901,0.45983028
7902,0.26337674
7903,0.062222395
7904,0.067644045
7905,0.06498976
7906,0.061321974
7907,0.06442822
7908,0.061582766
7909,0.063073
7910,0.05682628
7911,0.060715936
7912,0.059430283
7913,0.59764457
7914,0.057484295
7915,0.06150042
7916,0.07382113
7917,0.060525455
7918,0.063972846
7919,0.059850357
7920,0.061321974
7921,0.060964286
7922,0.06334614
7923,0.052088518
7924,0.054405298
7925,0.640181
7926,0.6247559
7927,0.0701325
7928,0.063957945
7929,0.06330612
7930,0.05560222
7931,0.06930799
7932,0.06501788
7933,0.06559867
7934,0.062059376
7935,0.059760526
7936,0.06494119
7937,0.06300347
7938,0.064574115
7939,0.063879356
7940,0.063608326
7941,0.06022423
7942,0.060424313
7943,0.56453425
7944,0.06099756
7945,0.06557245
7946,0.055284463
7947,0.060933053
7948,0.064356826
7949,0.75867885
7950,0.06499378
7951,0.054565787
7952,0.058529772
7953,0.06603947
7954,0.06701004
7955,0.26439524
7956,0.06292898
7957,0.063005306
7958,0.06657281
7959,0.059457127
7960,0.064169794
7961,0.06161103
7962,0.06467491
7963,0.06732212
7964,0.052405074
7965,0.05885802
7966,0.062672555
7967,0.065232
7968,0.2668585
7969,0.060848553
7970,0.06339494
7971,0.062445275
7972,0.06271632
7973,0.06548476
7974,0.26853323
7975,0.06547811
7976,0.05777044
7977,0.06357497
7978,0.06022423
7979,0.0653605
7980,0.060933053
7981,0.055284463
7982,0.05900924
7983,0.06400084
7984,0.06672537
7985,0.06096547
7986,0.060964286
7987,0.07384643
7988,0.0676175
7989,0.058488276
7990,0.25751206
7991,0.6671752
7992,0.26795205
7993,0.06604129
7994,0.061633702
7995,0.06800249
7996,0.06115084
7997,0.061194092
7998,0.08015851
7999,0.070970796
8000,0.05764365
8001,0.54538304
8002,0.05959894
8003,0.061381597
8004,0.060593016
8005,0.058285434
8006,0.06691333
8007,0.061987802
8008,0.06791623
8009,0.06472827
8010,0.52036756
8011,0.06590797
8012,0.06494119
8013,0.06506653
8014,0.05710916
8015,0.05994065
8016,0.055221193
8017,0.06418533
8018,0.06610003
8019,0.06430827
8020,0.061893225
8021,0.057700932
8022,0.063898526
8023,0.063608326
8024,0.06292898
8025,0.06552839
8026,0.060093313
8027,0.06935567
8028,0.06068101
8029,0.06494119
8030,0.063972846
8031,0.0735832
8032,0.06406671
8033,0.061013684
8034,0.06350658
8035,0.48229983
8036,0.06493336
8037,0.062055126
8038,0.05888607
8039,0.072811544
8040,0.06273097
8041,0.064989194
8042,0.54863214
8043,0.047985744
8044,0.055221193
8045,0.072811544
8046,0.06419841
8047,0.063304596
8048,0.06330612
8049,0.06519904
8050,0.059189845
8051,0.061821725
8052,0.7103141
8053,0.06292898
8054,0.061433118
8055,0.064358756
8056,0.06635839
8057,0.062123474
8058,0.060039565
8059,0.0639038
8060,0.26877663
8061,0.057676736
8062,0.06324436
8063,0.056975823
8064,0.059977345
8065,0.06368642
8066,0.06569025
8067,0.06195786
8068,0.27107477
8069,0.26575425
8070,0.06548169
8071,0.064574115
8072,0.06038208
8073,0.06948758
8074,0.06560778
8075,0.059089728
8076,0.06489189
8077,0.06353025
8078,0.065879956
8079,0.063839234
8080,0.061494652
8081,0.061494652
8082,0.0664944
8083,0.06269728
8084,0.066050954
8085,0.06590439
8086,0.061782178
8087,0.06353025
8088,0.062222395
8089,0.060502015
8090,0.06533899
8091,0.062297367
8092,0.06099756
8093,0.059760526
8094,0.06390945
8095,0.06111216
8096,0.064802326
8097,0.063121855
8098,0.06442295
8099,0.060499527
8100,0.062123474
8101,0.05959894
8102,0.063845016
8103,0.064816676
8104,0.062772185
8105,0.06560539
8106,0.06134602
8107,0.063839234
8108,0.054565787
8109,0.061386377
8110,0.06210967
8111,0.064802326
8112,0.06435076
8113,0.06561185
8114,0.065113015
8115,0.06489189
8116,0.06259868
8117,0.06229585
8118,0.06459865
8119,0.062772185
8120,0.06221398
8121,0.06187553
8122,0.0639049
8123,0.063073
8124,0.0635243
8125,0.06353025
8126,0.06153687
8127,0.11244374
8128,0.06603947
8129,0.052405074
8130,0.06038536
8131,0.0582592
8132,0.064175375
8133,0.06293836
8134,0.0647248
8135,0.0649677
8136,0.058822848
8137,0.06745137
8138,0.06096547
8139,0.06930799
8140,0.066160254
8141,0.06441179
8142,0.06132602
8143,0.06439116
8144,0.064444184
8145,0.061386388
8146,0.06101039
8147,0.06531909
8148,0.05242293
8149,0.06021379
8150,0.064358756
8151,0.06019338
8152,0.060964286
8153,0.0639049
8154,0.047985744
8155,0.060933053
8156,0.058115035
8157,0.0600575
8158,0.061321974
8159,0.06715031
8160,0.06509376
8161,0.06465042
8162,0.0642729
8163,0.073050775
8164,0.06272447
8165,0.061459802
8166,0.062035225
8167,0.058051936
8168,0.06488578
8169,0.06498648
8170,0.063792
8171,0.056987967
8172,0.065895684
8173,0.26805893
8174,0.5633096
8175,0.26687413
8176,0.061626293
8177,0.27081916
8178,0.25988418
8179,0.2605777
8180,0.054554373
8181,0.06629642
8182,0.063039765
8183,0.064850405
8184,0.064510904
8185,0.059953775
8186,0.05906195
8187,0.26813957
8188,0.061363548
8189,0.64899933
8190,0.28149554
8191,0.08424161
8192,0.06199386
8193,0.26707083
8194,0.06410768
8195,0.054554373
8196,0.066360734
8197,0.06318645
8198,0.061410822
8199,0.06727912
8200,0.06784396
8201,0.06426145
8202,0.06330339
8203,0.64613473
8204,0.53411686
8205,0.059042957
8206,0.066277824
8207,0.27161008
8208,0.27672222
8209,0.060801398
8210,0.061419126
8211,0.06384784
8212,0.06445552
8213,0.064022504
8214,0.062242087
8215,0.56385684
8216,0.062073853
8217,0.066360734
8218,0.57509094
8219,0.063394815
8220,0.06436653
8221,0.5808106
8222,0.058425102
8223,0.54832876
8224,0.051040795
8225,0.061946627
8226,0.061946627
8227,0.056721587
8228,0.059819985
8229,0.06154223
8230,0.07121073
8231,0.06296479
8232,0.05983747
8233,0.064022504
8234,0.06093382
8235,0.59380126
8236,0.060860846
8237,0.06544497
8238,0.06445552
8239,0.06572944
8240,0.06118827
8241,0.061941747
8242,0.069663696
8243,0.06746077
8244,0.059890576
8245,0.054932345
8246,0.062648006
8247,0.55172473
8248,0.059587825
8249,0.061150167
8250,0.061012633
8251,0.0646966
8252,0.53608346
8253,0.061723273
8254,0.06424949
8255,0.72194266
8256,0.25610653
8257,0.050384
8258,0.059350524
8259,0.06286676
8260,0.05605668
8261,0.06263469
8262,0.06861482
8263,0.0622201
8264,0.062460374
8265,0.062429987
8266,0.0622373
8267,0.066155694
8268,0.06670735
8269,0.5577087
8270,0.070817076
8271,0.06440514
8272,0.060359415
8273,0.06548433
8274,0.06398751
8275,0.06454662
8276,0.26286694
8277,0.06460779
8278,0.06558773
8279,0.06386689
8280,0.061816692
8281,0.060546786
8282,0.061788894
8283,0.06118346
8284,0.5573026
8285,0.067856126
8286,0.07318605
8287,0.0618054
8288,0.07086715
8289,0.061759327
8290,0.062973976
8291,0.06789411
8292,0.06205068
8293,0.059554596
8294,0.056996938
8295,0.06931927
8296,0.06670268
8297,0.0573029
8298,0.063162066
8299,0.07275026
8300,0.06459024
8301,0.056705162
8302,0.06061351
8303,0.0630385
8304,0.06396419
8305,0.27939194
8306,0.064662695
8307,0.056996938
8308,0.06460779
8309,0.059204265
8310,0.061788894
8311,0.060546786
8312,0.06243275
8313,0.0618054
8314,0.06155879
8315,0.048304174
8316,0.064322256
8317,0.06635744
8318,0.059270136
8319,0.06277086
8320,0.06019823
8321,0.07010752
8322,0.06397642
8323,0.05625704
8324,0.060571972
8325,0.06641665
8326,0.06485164
8327,0.058161665
8328,0.06231898
8329,0.062552094
8330,0.06019823
8331,0.06422469
8332,0.06725899
8333,0.26546255
8334,0.27222142
8335,0.26687413
8336,0.061239917
8337,0.06372582
8338,0.06332459
8339,0.062648006
8340,0.061878975
8341,0.06621991
8342,0.0579713
8343,0.06074437
8344,0.52762765
8345,0.06629642
8346,0.061063144
8347,0.060689073
8348,0.06450704
8349,0.06154006
8350,0.07550099
8351,0.06440037
8352,0.06155879
8353,0.060783025
8354,0.063658915
8355,0.06861482
8356,0.06422469
8357,0.06003512
8358,0.056721587
8359,0.062092766
8360,0.067810714
8361,0.06199386
8362,0.5564901
8363,0.6432895
8364,0.059555586
8365,0.059953775
8366,0.054177556
8367,0.05837305
8368,0.060801398
8369,0.06797748
8370,0.065243535
8371,0.06672847
8372,0.065808356
8373,0.06445552
8374,0.062214233
8375,0.06672847
8376,0.062829554
8377,0.06287834
8378,0.057194382
8379,0.059587825
8380,0.058434397
8381,0.070817076
8382,0.06421668
8383,0.065299846
8384,0.07008329
8385,0.042968076
8386,0.06233192
8387,0.064322256
8388,0.061595045
8389,0.26451692
8390,0.07086715
8391,0.28149554
8392,0.06151155
8393,0.05732849
8394,0.060462657
8395,0.058372553
8396,0.07550099
8397,0.060272448
8398,0.06309674
8399,0.05912624
8400,0.07303001
8401,0.065213785
8402,0.06061351
8403,0.061941978
8404,0.06457796
8405,0.069663696
8406,0.06746077
8407,0.054554373
8408,0.074138425
8409,0.06118827
8410,0.06470812
8411,0.062666625
8412,0.07008329
8413,0.054616895
8414,0.06598234
8415,0.0591267
8416,0.5894772
8417,0.048304174
8418,0.048304174
8419,0.06441377
8420,0.2758547
8421,0.063040994
8422,0.06415865
8423,0.064850405
8424,0.06613116
8425,0.27086806
8426,0.062275037
8427,0.06314346
8428,0.059701893
8429,0.06428532
8430,0.05816498
8431,0.057724465
8432,0.065213785
8433,0.06500169
8434,0.06544497
8435,0.06133126
8436,0.066052586
8437,0.06445552
8438,0.058286462
8439,0.5928539
8440,0.06410315
8441,0.06436653
8442,0.28320622
8443,0.069663696
8444,0.2574953
8445,0.26948097
8446,0.06190161
8447,0.062214233
8448,0.063039765
8449,0.04870588
8450,0.055469602
8451,0.059979007
8452,0.061830234
8453,0.057843786
8454,0.06548433
8455,0.06003512
8456,0.05906195
8457,0.060072403
8458,0.065299846
8459,0.060816687
8460,0.064751655
8461,0.061941747
8462,0.074313626
8463,0.0651169
8464,0.064322256
8465,0.059042957
8466,0.062069472
8467,0.061199374
8468,0.26694846
8469,0.06511395
8470,0.07158948
8471,0.061957102
8472,0.0656961
8473,0.6011894
8474,0.06343809
8475,0.062219568
8476,0.46074188
8477,0.27735966
8478,0.06440037
8479,0.063224286
8480,0.062513
8481,0.06223935
8482,0.059126105
8483,0.07146683
8484,0.26747808
8485,0.061941747
8486,0.05837305
8487,0.06648799
8488,0.27150005
8489,0.05584512
8490,0.061063144
8491,0.27672222
8492,0.57693654
8493,0.06330339
8494,0.06191539
8495,0.060860846
8496,0.057285514
8497,0.27161008
8498,0.51716936
8499,0.058372553
8500,0.06290854
8501,0.5596681
8502,0.06558773
8503,0.060860846
8504,0.59641355
8505,0.06648799
8506,0.06279684
8507,0.06422428
8508,0.062051855
8509,0.060381338
8510,0.47189286
8511,0.059126105
8512,0.060072403
8513,0.26743397
8514,0.31504616
8515,0.2662354
8516,0.50289726
8517,0.26546255
8518,0.07287378
8519,0.25980026
8520,0.26774198
8521,0.06289811
8522,0.5007364
8523,0.5943032
8524,0.523846
8525,0.0651169
8526,0.06331534
8527,0.061957102
8528,0.06109633
8529,0.062384717
8530,0.063394815
8531,0.061941978
8532,0.06331534
8533,0.05878578
8534,0.061063144
8535,0.06309258
8536,0.06345407
8537,0.06465237
8538,0.06369128
8539,0.064900585
8540,0.05844209
8541,0.064662695
8542,0.061816692
8543,0.26567364
8544,0.26504388
8545,0.061187465
8546,0.064204164
8547,0.06264615
8548,0.061786637
8549,0.2723203
8550,0.6013118
8551,0.76529723
8552,0.5571426
8553,0.057771973
8554,0.06154223
8555,0.06252344
8556,0.0651169
8557,0.6127362
8558,0.07303001
8559,0.06636687
8560,0.06202531
8561,0.061277594
8562,0.06986649
8563,0.062976226
8564,0.05992663
8565,0.06454662
8566,0.58563966
8567,0.05518175
8568,0.060775172
8569,0.06437863
8570,0.06287834
8571,0.06391416
8572,0.065185055
8573,0.26715732
8574,0.25041682
8575,0.057293348
8576,0.2630058
8577,0.06717968
8578,0.27350962
8579,0.62880933
8580,0.505823
8581,0.5654663
8582,0.059979007
8583,0.2502393
8584,0.0640857
8585,0.062051855
8586,0.059986886
8587,0.26801708
8588,0.060680464
8589,0.06890454
8590,0.06009527
8591,0.06609671
8592,0.05960565
8593,0.07158948
8594,0.059350524
8595,0.58764124
8596,0.5595115
8597,0.25999314
8598,0.05793875
8599,0.062219568
8600,0.06252344
8601,0.06432248
8602,0.061946627
8603,0.064850405
8604,0.06861482
8605,0.062513
8606,0.062666625
8607,0.06383241
8608,0.060877323
8609,0.532914
8610,0.5198204
8611,0.6426505
8612,0.06450704
8613,0.060085572
8614,0.58455825
8615,0.26882792
8616,0.06277445
8617,0.059251595
8618,0.064510904
8619,0.06498648
8620,0.06480258
8621,0.6009109
8622,0.61891556
8623,0.05721123
8624,0.060147252
8625,0.06466319
8626,0.06148525
8627,0.05945217
8628,0.54601645
8629,0.27118737
8630,0.06595844
8631,0.064899884
8632,0.06573252
8633,0.069985606
8634,0.06352129
8635,0.05556769
8636,0.6221865
8637,0.27293277
8638,0.26911286
8639,0.06340695
8640,0.062092766
8641,0.07287378
8642,0.062275037
8643,0.27864948
8644,0.06351144
8645,0.059587825
8646,0.05801889
8647,0.06437151
8648,0.065895684
8649,0.065243535
8650,0.059494596
8651,0.2761049
8652,0.590101
8653,0.6698613
8654,0.27223003
8655,0.059993584
8656,0.061063144
8657,0.064031094
8658,0.68876123
8659,0.06575295
8660,0.06010826
8661,0.06401903
8662,0.056987967
8663,0.051186126
8664,0.06558773
8665,0.26907846
8666,0.26739398
8667,0.27076164
8668,0.5915231
8669,0.061759327
8670,0.05990081
8671,0.057194382
8672,0.26968774
8673,0.0747575
8674,0.06857825
8675,0.27623966
8676,0.06281045
8677,0.06496069
8678,0.06240474
8679,0.06493621
8680,0.27094257
8681,0.60600513
8682,0.61014575
8683,0.51857346
8684,0.5613055
8685,0.059986886
8686,0.060816687
8687,0.2736257
8688,0.07397299
8689,0.06256175
8690,0.04870588
8691,0.061150167
8692,0.05625704
8693,0.2633529
8694,0.56088984
8695,0.070817076
8696,0.6080318
8697,0.5748049
8698,0.057180546
8699,0.060401578
8700,0.06561667
8701,0.06348693
8702,0.061043493
8703,0.051040795
8704,0.062384717
8705,0.067856126
8706,0.058609866
8707,0.054554373
8708,0.06240474
8709,0.5793307
8710,0.50684416
8711,0.59559375
8712,0.51981086
8713,0.5983333
8714,0.061363548
8715,0.065299846
8716,0.060783025
8717,0.06417486
8718,0.061187465
8719,0.268063
8720,0.07305589
8721,0.06635834
8722,0.063953236
8723,0.2736527
8724,0.05844209
8725,0.06242839
8726,0.051040795
8727,0.0646747
8728,0.06487541
8729,0.06133126
8730,0.06618052
8731,0.059251595
8732,0.06342807
8733,0.06398751
8734,0.06454662
8735,0.063057
8736,0.27278435
8737,0.2737037
8738,0.6445096
8739,0.50289726
8740,0.81504136
8741,0.60630107
8742,0.0651169
8743,0.057724465
8744,0.0648787
8745,0.05983747
8746,0.06436653
8747,0.056899928
8748,0.06500169
8749,0.07086715
8750,0.0573029
8751,0.57087207
8752,0.27536216
8753,0.06422469
8754,0.06297354
8755,0.060537055
8756,0.27156824
8757,0.064197056
8758,0.060697738
8759,0.06822704
8760,0.06314346
8761,0.0646747
8762,0.06352129
8763,0.06424949
8764,0.06598234
8765,0.051889636
8766,0.54306763
8767,0.5573406
8768,0.26567364
8769,0.6059681
8770,0.6524247
8771,0.56578785
8772,0.10351413
8773,0.064510904
8774,0.0640974
8775,0.06454415
8776,0.057888985
8777,0.05153645
8778,0.058425102
8779,0.06109633
8780,0.069663696
8781,0.50289726
8782,0.27298573
8783,0.57951266
8784,0.066043206
8785,0.061419126
8786,0.062266424
8787,0.0504114
8788,0.06534808
8789,0.058263127
8790,0.061354835
8791,0.061830234
8792,0.05605668
8793,0.5373425
8794,0.6055317
8795,0.5233229
8796,0.26707083
8797,0.25998586
8798,0.059953775
8799,0.061050635
8800,0.06784396
8801,0.064900585
8802,0.061366048
8803,0.06500169
8804,0.06417749
8805,0.05912624
8806,0.05610585
8807,0.06672847
8808,0.26957574
8809,0.062356237
8810,0.06053592
8811,0.5412964
8812,0.06466319
8813,0.057752468
8814,0.061595045
8815,0.064470366
8816,0.06705134
8817,0.2646957
8818,0.063394815
8819,0.2761049
8820,0.2675928
8821,0.05983747
8822,0.06426145
8823,0.06285766
8824,0.061239917
8825,0.059545737
8826,0.061239917
8827,0.06479285
8828,0.06283345
8829,0.06085567
8830,0.06595844
8831,0.6009109
8832,0.062976226
8833,0.052975427
8834,0.06789411
8835,0.064510904
8836,0.06357126
8837,0.06727912
8838,0.06618162
8839,0.057285514
8840,0.06641665
8841,0.0573029
8842,0.06499341
8843,0.057293348
8844,0.59772533
8845,0.76529723
8846,0.064850405
8847,0.062275037
8848,0.062266424
8849,0.06171523
8850,0.057180546
8851,0.06657384
8852,0.058046434
8853,0.061506066
8854,0.06359461
8855,0.060537055
8856,0.07146683
8857,0.059953775
8858,0.060921486
8859,0.066080905
8860,0.059545737
8861,0.061830234
8862,0.06534808
8863,0.06160794
8864,0.85335743
8865,0.052975427
8866,0.0651169
8867,0.061946627
8868,0.06392138
8869,0.06148964
8870,0.64622587
8871,0.063658915
8872,0.065808356
8873,0.2737137
8874,0.060474593
8875,0.064850405
8876,0.073050775
8877,0.06113845
8878,0.057194382
8879,0.06708521
8880,0.052447446
8881,0.06148964
8882,0.065737724
8883,0.06546926
8884,0.060333256
8885,0.06279684
8886,0.0644012
8887,0.06784396
8888,0.05335386
8889,0.063394815
8890,0.064539924
8891,0.6575056
8892,0.057602517
8893,0.05335386
8894,0.07098166
8895,0.060127206
8896,0.060775172
8897,0.065213785
8898,0.27118737
8899,0.06085567
8900,0.2605777
8901,0.077640936
8902,0.06392138
8903,0.057293348
8904,0.059986886
8905,0.06119305
8906,0.056711912
8907,0.06454301
8908,0.063903384
8909,0.07550099
8910,0.062090036
8911,0.06151155
8912,0.06684531
8913,0.066155694
8914,0.2630419
8915,0.59794164
8916,0.2679181
8917,0.0673126
8918,0.05973326
8919,0.065737724
8920,0.05980324
8921,0.061012633
8922,0.064150766
8923,0.06113845
8924,0.5609203
8925,0.05906195
8926,0.06804773
8927,0.07102144
8928,0.06460779
8929,0.05896334
8930,0.065575056
8931,0.06368035
8932,0.07550099
8933,0.5534996
8934,0.059494596
8935,0.2502393
8936,0.06460779
8937,0.06272447
8938,0.07277937
8939,0.061993707
8940,0.059894577
8941,0.064474575
8942,0.061063144
8943,0.06212768
8944,0.061649222
8945,0.06057818
8946,0.063953236
8947,0.06332459
8948,0.062275037
8949,0.05793875
8950,0.05844209
8951,0.06440047
8952,0.0643019
8953,0.060697738
8954,0.059682097
8955,0.06594844
8956,0.065575056
8957,0.054834917
8958,0.061199374
8959,0.065243535
8960,0.055277828
8961,0.5841346
8962,0.0747575
8963,0.061595045
8964,0.060147252
8965,0.07121073
8966,0.05960565
8967,0.06467267
8968,0.06672847
8969,0.5669058
8970,0.06169939
8971,0.06277086
8972,0.06203852
8973,0.06340695
8974,0.074313626
8975,0.066531934
8976,0.064180724
8977,0.06559423
8978,0.062219568
8979,0.06572944
8980,0.062666625
8981,0.064850405
8982,0.60510635
8983,0.06604749
8984,0.059554596
8985,0.062069472
8986,0.06595844
8987,0.060727302
8988,0.059229612
8989,0.058046434
8990,0.064510904
8991,0.08231815
8992,0.2835846
8993,0.06372582
8994,0.060127206
8995,0.060921486
8996,0.06467267
8997,0.056987967
8998,0.06797748
8999,0.06118827
9000,0.0648787
9001,0.06377377
9002,0.06450704
9003,0.06181062
9004,0.06279684
9005,0.060546786
9006,0.061050635
9007,0.26508588
9008,0.06396419
9009,0.061941747
9010,0.058434397
9011,0.059270136
9012,0.06010826
9013,0.05399389
9014,0.06421197
9015,0.060650017
9016,0.06342807
9017,0.06352129
9018,0.07550099
9019,0.06635834
9020,0.059953775
9021,0.06700813
9022,0.04870588
9023,0.060547065
9024,0.062134843
9025,0.06398374
9026,0.057602517
9027,0.27536216
9028,0.06548433
9029,0.058505204
9030,0.1780437
9031,0.06118346
9032,0.06575295
9033,0.062219568
9034,0.06459024
9035,0.063394815
9036,0.06223935
9037,0.0656961
9038,0.0656961
9039,0.0657549
9040,0.06635834
9041,0.060401578
9042,0.06322196
9043,0.061239917
9044,0.06177556
9045,0.06296479
9046,0.06554208
9047,0.0648787
9048,0.06267559
9049,0.06154223
9050,0.06342807
9051,0.06572944
9052,0.062648006
9053,0.06444962
9054,0.063792
9055,0.063014716
9056,0.0644012
9057,0.06466319
9058,0.060025126
9059,0.06727912
9060,0.062356237
9061,0.059605334
9062,0.063040994
9063,0.06789411
9064,0.059701893
9065,0.060085572
9066,0.06169939
9067,0.06263469
9068,0.056987967
9069,0.061239917
9070,0.05960565
9071,0.06441363
9072,0.0672415
9073,0.061941747
9074,0.06861482
9075,0.06861482
9076,0.065299846
9077,0.05983747
9078,0.061816692
9079,0.06155879
9080,0.06684531
9081,0.057602517
9082,0.0747575
9083,0.06534042
9084,0.06277086
9085,0.060381338
9086,0.07287378
9087,0.063368976
9088,0.05801889
9089,0.057194382
9090,0.062219568
9091,0.06451741
9092,0.06053592
9093,0.061957102
9094,0.0610095
9095,0.066856615
9096,0.07166675
9097,0.061334696
9098,0.057068635
9099,0.06003512
9100,0.06488113
9101,0.06571942
9102,0.0676179
9103,0.06492015
9104,0.059916608
9105,0.055174027
9106,0.05745561
9107,0.06303297
9108,0.06337515
9109,0.061037466
9110,0.057498608
9111,0.06019927
9112,0.06719063
9113,0.063436486
9114,0.0672424
9115,0.2608328
9116,0.5884442
9117,0.06928258
9118,0.2813089
9119,0.061910994
9120,0.0599278
9121,0.05940765
9122,0.06209071
9123,0.057058416
9124,0.06283761
9125,0.0636044
9126,0.06330395
9127,0.06063493
9128,0.057572074
9129,0.06128905
9130,0.058412112
9131,0.058016606
9132,0.5484844
9133,0.06127475
9134,0.061037466
9135,0.06186051
9136,0.06970501
9137,0.059516005
9138,0.06401367
9139,0.059023567
9140,0.059713412
9141,0.064173184
9142,0.059545886
9143,0.0727851
9144,0.05630805
9145,0.6043277
9146,0.69624054
9147,0.06508261
9148,0.059356663
9149,0.62284213
9150,0.066584505
9151,0.065317556
9152,0.062405
9153,0.058232587
9154,0.05864172
9155,0.05966567
9156,0.6114014
9157,0.06677289
9158,0.26142457
9159,0.677822
9160,0.054230973
9161,0.05829183
9162,0.5954166
9163,0.061764475
9164,0.061499562
9165,0.26537138
9166,0.06641383
9167,0.06446805
9168,0.062245768
9169,0.06303297
9170,0.059492454
9171,0.06447284
9172,0.06189343
9173,0.056256182
9174,0.063953094
9175,0.06558176
9176,0.6269214
9177,0.60113573
9178,0.068376645
9179,0.06128909
9180,0.059916608
9181,0.06559984
9182,0.066125736
9183,0.06685852
9184,0.06304134
9185,0.06337013
9186,0.07480303
9187,0.0705082
9188,0.07146402
9189,0.06726712
9190,0.59847945
9191,0.05983828
9192,0.054478314
9193,0.05829183
9194,0.062098596
9195,0.061830163
9196,0.059722267
9197,0.064173184
9198,0.058852796
9199,0.5899321
9200,0.0608436
9201,0.066394866
9202,0.5953379
9203,0.26001704
9204,0.06534695
9205,0.065383054
9206,0.058591288
9207,0.06558176
9208,0.06728853
9209,0.061293468
9210,0.06383685
9211,0.075863175
9212,0.06415919
9213,0.06970501
9214,0.5145779
9215,0.58329517
9216,0.06679772
9217,0.0587724
9218,0.059843987
9219,0.06765587
9220,0.065704204
9221,0.0624051
9222,0.059708003
9223,0.057498608
9224,0.07102961
9225,0.06518114
9226,0.06282421
9227,0.06489783
9228,0.06283761
9229,0.058819003
9230,0.60426825
9231,0.055174027
9232,0.06323366
9233,0.0725762
9234,0.062194332
9235,0.061519947
9236,0.05967842
9237,0.055205468
9238,0.06597869
9239,0.061910994
9240,0.06677706
9241,0.06184259
9242,0.27424353
9243,0.06149882
9244,0.06521371
9245,0.06543002
9246,0.05884087
9247,0.059012037
9248,0.058938917
9249,0.061165985
9250,0.26043317
9251,0.0623766
9252,0.06270466
9253,0.06410518
9254,0.06113748
9255,0.06410518
9256,0.06188362
9257,0.060461275
9258,0.062321637
9259,0.0633733
9260,0.061451454
9261,0.057200797
9262,0.07146402
9263,0.06368164
9264,0.07014758
9265,0.06434293
9266,0.0725762
9267,0.062802605
9268,0.061165985
9269,0.06592986
9270,0.06346117
9271,0.06571192
9272,0.058852796
9273,0.06737743
9274,0.05952089
9275,0.06292339
9276,0.06023989
9277,0.05710155
9278,0.27358675
9279,0.05038743
9280,0.25823802
9281,0.061910994
9282,0.062245768
9283,0.058877405
9284,0.0629425
9285,0.05708978
9286,0.062161732
9287,0.064786434
9288,0.6344882
9289,0.06430914
9290,0.06537062
9291,0.07076918
9292,0.07147425
9293,0.059292205
9294,0.057377923
9295,0.06812415
9296,0.06455717
9297,0.067589134
9298,0.062097833
9299,0.05708978
9300,0.06597869
9301,0.05825368
9302,0.06291751
9303,0.061925296
9304,0.070333034
9305,0.06812415
9306,0.26612696
9307,0.6315108
9308,0.06419796
9309,0.059333943
9310,0.07081555
9311,0.064537674
9312,0.069158345
9313,0.06337013
9314,0.06407079
9315,0.06754765
9316,0.0699138
9317,0.058852796
9318,0.06862196
9319,0.058877405
9320,0.07478623
9321,0.064238444
9322,0.06373629
9323,0.06194167
9324,0.060540646
9325,0.063436486
9326,0.07005344
9327,0.062003557
9328,0.064384975
9329,0.06128905
9330,0.05914826
9331,0.06729123
9332,0.27198395
9333,0.06460025
9334,0.05829183
9335,0.06559984
9336,0.06820101
9337,0.058650926
9338,0.07340752
9339,0.06416118
9340,0.064786434
9341,0.062388282
9342,0.063095264
9343,0.050137173
9344,0.06463329
9345,0.05727791
9346,0.05917481
9347,0.05936633
9348,0.060016926
9349,0.06689974
9350,0.06381531
9351,0.06189827
9352,0.06292087
9353,0.061332088
9354,0.06005483
9355,0.06571192
9356,0.05884087
9357,0.06445593
9358,0.060877904
9359,0.06590028
9360,0.7052491
9361,0.06594657
9362,0.06362198
9363,0.06677289
9364,0.06007735
9365,0.06535527
9366,0.064384975
9367,0.064139284
9368,0.0633733
9369,0.06584988
9370,0.26150435
9371,0.057274528
9372,0.06685476
9373,0.07306354
9374,0.06685852
9375,0.06287936
9376,0.06387412
9377,0.061740138
9378,0.06189343
9379,0.05965308
9380,0.06522971
9381,0.05973969
9382,0.06724114
9383,0.6402016
9384,0.057960905
9385,0.057784773
9386,0.27925977
9387,0.06104384
9388,0.28517318
9389,0.27348933
9390,0.062098596
9391,0.05180265
9392,0.06401367
9393,0.0672424
9394,0.0599278
9395,0.059928168
9396,0.2710043
9397,0.062845565
9398,0.06345195
9399,0.058877263
9400,0.054655783
9401,0.062198177
9402,0.06540799
9403,0.066686995
9404,0.065176256
9405,0.063015826
9406,0.065176256
9407,0.064786434
9408,0.05952089
9409,0.057662267
9410,0.27019677
9411,0.2731492
9412,0.06779248
9413,0.060464315
9414,0.066584505
9415,0.06535527
9416,0.063278615
9417,0.035342537
9418,0.6003691
9419,0.059802227
9420,0.06202983
9421,0.5994097
9422,0.057274528
9423,0.062364846
9424,0.06592986
9425,0.066647425
9426,0.06488586
9427,0.06630157
9428,0.054546054
9429,0.059930462
9430,0.28084177
9431,0.07037216
9432,0.0649495
9433,0.28061464
9434,0.27759242
9435,0.06641383
9436,0.2649666
9437,0.57270455
9438,0.06273962
9439,0.06641383
9440,0.06859623
9441,0.06401753
9442,0.06415919
9443,0.26806653
9444,0.5795265
9445,0.064238444
9446,0.06379922
9447,0.6583498
9448,0.06641383
9449,0.07222016
9450,0.25963187
9451,0.052256852
9452,0.061880935
9453,0.06128905
9454,0.059582442
9455,0.06362198
9456,0.064555034
9457,0.27014983
9458,0.06427492
9459,0.062157705
9460,0.27301162
9461,0.07076918
9462,0.26012418
9463,0.61261207
9464,0.26612696
9465,0.06275567
9466,0.058183607
9467,0.2708949
9468,0.26459593
9469,0.5843474
9470,0.54341656
9471,0.2724814
9472,0.06230281
9473,0.06410518
9474,0.06387412
9475,0.058740813
9476,0.063522786
9477,0.06019939
9478,0.06430914
9479,0.06212852
9480,0.062321637
9481,0.06522971
9482,0.056551617
9483,0.05829183
9484,0.063340895
9485,0.059273023
9486,0.06522927
9487,0.061332088
9488,0.06264064
9489,0.07203023
9490,0.26777923
9491,0.057617433
9492,0.061432224
9493,0.26078436
9494,0.065378696
9495,0.06019939
9496,0.5230891
9497,0.55036926
9498,0.60426825
9499,0.06257792
9500,0.06507928
9501,0.06482533
9502,0.058826182
9503,0.57253224
9504,0.0705082
9505,0.05679936
9506,0.06069166
9507,0.076499164
9508,0.071139626
9509,0.064726375
9510,0.06188698
9511,0.063340895
9512,0.62580097
9513,0.06434293
9514,0.06677289
9515,0.062080998
9516,0.05983828
9517,0.06631439
9518,0.06063493
9519,0.26547673
9520,0.27256787
9521,0.73027354
9522,0.06522346
9523,0.059114397
9524,0.6226388
9525,0.58329195
9526,0.89372694
9527,0.063278615
9528,0.06518114
9529,0.0725762
9530,0.06426566
9531,0.2790551
9532,0.06273962
9533,0.2652865
9534,0.05829183
9535,0.0669866
9536,0.072737746
9537,0.058819003
9538,0.06194167
9539,0.065378696
9540,0.056379728
9541,0.5514361
9542,0.276735
9543,0.06641383
9544,0.050137173
9545,0.06005483
9546,0.062429454
9547,0.062364846
9548,0.06288935
9549,0.06612021
9550,0.06334389
9551,0.057618167
9552,0.2737741
9553,0.063953094
9554,0.06689974
9555,0.056551617
9556,0.59586483
9557,0.6351113
9558,0.6392151
9559,0.06148736
9560,0.06518114
9561,0.2649666
9562,0.05927975
9563,0.2629093
9564,0.058894016
9565,0.06388774
9566,0.06407079
9567,0.059333943
9568,0.061499562
9569,0.059212957
9570,0.05038743
9571,0.6042264
9572,0.7767104
9573,0.06335958
9574,0.06641383
9575,0.06395233
9576,0.06064657
9577,0.07076918
9578,0.5896645
9579,0.06626556
9580,0.06252612
9581,0.063953094
9582,0.071455784
9583,0.065144114
9584,0.06416599
9585,0.062489595
9586,0.6769147
9587,0.58505344
9588,0.28268206
9589,0.06119194
9590,0.068119
9591,0.06337515
9592,0.05406933
9593,0.27348933
9594,0.05538449
9595,0.062286086
9596,0.060289327
9597,0.062547356
9598,0.058877405
9599,0.06534695
9600,0.0620243
9601,0.60912037
9602,0.5938532
9603,0.773053
9604,0.276735
9605,0.06416599
9606,0.06502084
9607,0.26225367
9608,0.6118466
9609,0.050137173
9610,0.06631439
9611,0.058877405
9612,0.06590028
9613,0.25869867
9614,0.058232587
9615,0.06482533
9616,0.26344177
9617,0.059802227
9618,0.25812352
9619,0.5291552
9620,0.059189603
9621,0.27312234
9622,0.26924068
9623,0.062198177
9624,0.0651434
9625,0.57163703
9626,0.06280867
9627,0.062463664
9628,0.06520871
9629,0.06996715
9630,0.274551
9631,0.7502538
9632,0.27145886
9633,0.57207733
9634,0.6679503
9635,0.060722128
9636,0.27304077
9637,0.60021836
9638,0.055255543
9639,0.05985544
9640,0.27467948
9641,0.06597869
9642,0.06434293
9643,0.6223321
9644,0.28195876
9645,0.06311248
9646,0.57864165
9647,0.59140533
9648,0.058877263
9649,0.066126965
9650,0.063522786
9651,0.052256852
9652,0.064726375
9653,0.0705082
9654,0.060287192
9655,0.05654932
9656,0.05952089
9657,0.06461798
9658,0.05914826
9659,0.072696194
9660,0.586255
9661,0.58375174
9662,0.64567286
9663,0.620203
9664,0.6007645
9665,0.057597432
9666,0.064297035
9667,0.058412112
9668,0.064537674
9669,0.25830024
9670,0.26592046
9671,0.06064657
9672,0.06626556
9673,0.061451454
9674,0.30661443
9675,0.0784838
9676,0.0675306
9677,0.057927057
9678,0.06000458
9679,0.06145266
9680,0.06459454
9681,0.065383054
9682,0.05924748
9683,0.06020193
9684,0.065831564
9685,0.058183607
9686,0.059916608
9687,0.059227794
9688,0.29453465
9689,0.27513212
9690,0.6730117
9691,0.625141
9692,0.6047244
9693,0.5643138
9694,0.062436085
9695,0.064297035
9696,0.06201268
9697,0.05745561
9698,0.06466201
9699,0.058957804
9700,0.057350714
9701,0.5614175
9702,0.064790905
9703,0.06597869
9704,0.2789822
9705,0.059288222
9706,0.28732598
9707,0.059802227
9708,0.058650926
9709,0.06640492
9710,0.05965308
9711,0.07203023
9712,0.060877904
9713,0.06334389
9714,0.06048334
9715,0.59893847
9716,0.61679065
9717,0.26753652
9718,0.5826263
9719,0.5498565
9720,0.56993
9721,0.06446272
9722,0.06334695
9723,0.07065349
9724,0.06270466
9725,0.059713412
9726,0.06765587
9727,0.055292338
9728,0.06287936
9729,0.638776
9730,0.2759229
9731,0.5353497
9732,0.06128905
9733,0.0644387
9734,0.06362198
9735,0.060722128
9736,0.064135075
9737,0.059548356
9738,0.05829183
9739,0.064384975
9740,0.06392698
9741,0.66178775
9742,0.40552843
9743,0.5957789
9744,0.26043317
9745,0.6411221
9746,0.05825368
9747,0.06212852
9748,0.06046037
9749,0.05937888
9750,0.060863603
9751,0.054546054
9752,0.05360478
9753,0.061713174
9754,0.062161732
9755,0.05952089
9756,0.06184901
9757,0.28042382
9758,0.064555034
9759,0.057618167
9760,0.061451454
9761,0.25617453
9762,0.06375318
9763,0.054546054
9764,0.056724213
9765,0.06631439
9766,0.06085435
9767,0.07411383
9768,0.05047145
9769,0.30661443
9770,0.25667766
9771,0.063436486
9772,0.058183607
9773,0.06415919
9774,0.06466201
9775,0.05727791
9776,0.058302063
9777,0.05808523
9778,0.065831564
9779,0.06019927
9780,0.2679393
9781,0.066647425
9782,0.059492454
9783,0.062802605
9784,0.061165985
9785,0.06180627
9786,0.06466201
9787,0.062161732
9788,0.07189157
9789,0.063953094
9790,0.07203023
9791,0.0636619
9792,0.25812352
9793,0.6531001
9794,0.61041886
9795,0.059085447
9796,0.0672424
9797,0.06675803
9798,0.065144114
9799,0.05980108
9800,0.07065349
9801,0.058938917
9802,0.06373629
9803,0.06283761
9804,0.08195136
9805,0.066686995
9806,0.0608436
9807,0.062098596
9808,0.067168534
9809,0.06883751
9810,0.051467966
9811,0.062295232
9812,0.06942646
9813,0.6210598
9814,0.06104384
9815,0.068509705
9816,0.06484832
9817,0.06935566
9818,0.0599278
9819,0.2608328
9820,0.06665081
9821,0.060287192
9822,0.2789822
9823,0.065144114
9824,0.063663974
9825,0.0681798
9826,0.0636044
9827,0.06288935
9828,0.057960905
9829,0.0715793
9830,0.06064657
9831,0.06427492
9832,0.066584505
9833,0.06888944
9834,0.06211615
9835,0.062157705
9836,0.071455784
9837,0.06410518
9838,0.0620243
9839,0.6121952
9840,0.0633733
9841,0.06584988
9842,0.05965308
9843,0.06631439
9844,0.05561729
9845,0.27060902
9846,0.0636619
9847,0.27173766
9848,0.061465017
9849,0.059492454
9850,0.059516005
9851,0.061907675
9852,0.058412112
9853,0.26458374
9854,0.06665591
9855,0.0594128
9856,0.063747145
9857,0.07001236
9858,0.06626556
9859,0.06131241
9860,0.06318583
9861,0.64311963
9862,0.792933
9863,0.2631693
9864,0.06594657
9865,0.059346538
9866,0.075580575
9867,0.082807004
9868,0.07247548
9869,0.06630157
9870,0.06314739
9871,0.06665081
9872,0.673689
9873,0.05973969
9874,0.065831564
9875,0.06568425
9876,0.06996715
9877,0.045061007
9878,0.0715793
9879,0.057274528
9880,0.28560176
9881,0.06013982
9882,0.26753652
9883,0.060833346
9884,0.059273023
9885,0.061821714
9886,0.05538449
9887,0.054230973
9888,0.062802605
9889,0.06558176
9890,0.06143695
9891,0.05990868
9892,0.06416856
9893,0.06346117
9894,0.06646258
9895,0.06571192
9896,0.05985544
9897,0.062015247
9898,0.066647425
9899,0.06403475
9900,0.066394866
9901,0.064069755
9902,0.06215985
9903,0.52082735
9904,0.0663952
9905,0.06075362
9906,0.057784773
9907,0.064507045
9908,0.06419796
9909,0.058777954
9910,0.6291118
9911,0.075580575
9912,0.059986748
9913,0.0727851
9914,0.06202983
9915,0.07319543
9916,0.061451454
9917,0.05966567
9918,0.059545886
9919,0.060580418
9920,0.06729123
9921,0.063716814
9922,0.69158906
9923,0.05917481
9924,0.060015183
9925,0.05829183
9926,0.06726712
9927,0.057514407
9928,0.0700602
9929,0.06180627
9930,0.2741408
9931,0.059346538
9932,0.06430914
9933,0.06650335
9934,0.064537674
9935,0.07247548
9936,0.06820101
9937,0.061910994
9938,0.054230973
9939,0.062463664
9940,0.059023567
9941,0.0649495
9942,0.06430914
9943,0.26994872
9944,0.055255543
9945,0.056379728
9946,0.058183607
9947,0.06228202
9948,0.06314739
9949,0.062236805
9950,0.055174027
9951,0.06362198
9952,0.055690378
9953,0.06264064
9954,0.058016606
9955,0.070333034
9956,0.068509705
9957,0.072957404
9958,0.06591068
9959,0.06867207
9960,0.061925296
9961,0.27925977
9962,0.058321282
9963,0.05686404
9964,0.063436486
9965,0.06301213
9966,0.06496447
9967,0.067245
9968,0.06350513
9969,0.06677706
9970,0.054664675
9971,0.06019927
9972,0.059023567
9973,0.06352296
9974,0.06230281
9975,0.064790905
9976,0.06592944
9977,0.06630157
9978,0.06463329
9979,0.05966567
9980,0.06273962
9981,0.06446272
9982,0.06626556
9983,0.06215985
9984,0.0594128
9985,0.059916608
9986,0.075580575
9987,0.06201268
9988,0.057617433
9989,0.06410518
9990,0.063015826
9991,0.06833944
9992,0.06453373
9993,0.061451454
9994,0.062131934
9995,0.059012037
9996,0.06461798
9997,0.06726712
9998,0.05708958
9999,0.0636619
10000,0.06473535
10001,0.06348251
10002,0.06395286
10003,0.06287148
10004,0.054546054
10005,0.063522786
10006,0.07014758
10007,0.06765587
10008,0.06335958
10009,0.06643602
10010,0.06323366
10011,0.07203023
10012,0.058412112
10013,0.06288935
10014,0.082807004
10015,0.06318583
10016,0.057722535
10017,0.063522786
10018,0.06323366
10019,0.07018036
10020,0.06387412
10021,0.061395027
10022,0.07222016
10023,0.066125736
10024,0.06450611
10025,0.072957404
10026,0.06630157
10027,0.06212852
10028,0.06535527
10029,0.07509358
10030,0.057274528
10031,0.06314739
10032,0.059516005
10033,0.05776923
10034,0.064601935
10035,0.2759104
10036,0.0860965
10037,0.057370894
10038,0.059540372
10039,0.06261628
10040,0.059029978
10041,0.06251135
10042,0.058606155
10043,0.066419356
10044,0.06783335
10045,0.055286374
10046,0.0660793
10047,0.06034995
10048,0.56669796
10049,0.7287819
10050,0.05877192
10051,0.05788868
10052,0.05502703
10053,0.057054657
10054,0.27621073
10055,0.06389705
10056,0.26750875
10057,0.059805468
10058,0.2716936
10059,0.07584109
10060,0.06665472
10061,0.059128813
10062,0.09629883
10063,0.059733152
10064,0.06443151
10065,0.070827715
10066,0.55216557
10067,0.2728102
10068,0.058215037
10069,0.06583676
10070,0.276439
10071,0.06564302
10072,0.07613458
10073,0.06488333
10074,0.076519236
10075,0.06962563
10076,0.06393491
10077,0.06626452
10078,0.28405568
10079,0.69758433
10080,0.63036275
10081,0.072967134
10082,0.0723517
10083,0.27854884
10084,0.061683252
10085,0.060721707
10086,0.06458392
10087,0.06531723
10088,0.064763926
10089,0.06395797
10090,0.595372
10091,0.05502703
10092,0.28985417
10093,0.6277255
10094,0.061683252
10095,0.06382852
10096,0.6272742
10097,0.06164139
10098,0.26816595
10099,0.06391224
10100,0.070966005
10101,0.069273755
10102,0.058811136
10103,0.06392819
10104,0.27966914
10105,0.061017115
10106,0.06853823
10107,0.072967134
10108,0.2685611
10109,0.28154466
10110,0.060692318
10111,0.063601956
10112,0.059128813
10113,0.064279616
10114,0.063272245
10115,0.06323763
10116,0.06395797
10117,0.059878025
10118,0.06323763
10119,0.065463796
10120,0.061220776
10121,0.05761931
10122,0.05844064
10123,0.27656507
10124,0.06508093
10125,0.0598215
10126,0.064601935
10127,0.05863799
10128,0.066239566
10129,0.068161845
10130,0.058627974
10131,0.6405499
10132,0.06728103
10133,0.062358573
10134,0.59675485
10135,0.2803462
10136,0.064346865
10137,0.065267436
10138,0.062157787
10139,0.061363846
10140,0.059694484
10141,0.06906833
10142,0.06435812
10143,0.06151263
10144,0.059771173
10145,0.057359736
10146,0.067095965
10147,0.066112325
10148,0.27544695
10149,0.56043077
10150,0.06779788
10151,0.060436577
10152,0.07253364
10153,0.061999954
10154,0.06201586
10155,0.06986022
10156,0.07613458
10157,0.062622815
10158,0.2783676
10159,0.06817732
10160,0.06389705
10161,0.062352497
10162,0.06632864
10163,0.06546854
10164,0.6739693
10165,0.062215764
10166,0.06705628
10167,0.06002152
10168,0.06443151
10169,0.0659677
10170,0.052559096
10171,0.07030164
10172,0.064745106
10173,0.059771173
10174,0.060694538
10175,0.06222381
10176,0.06457974
10177,0.0650102
10178,0.06426636
10179,0.061468802
10180,0.0653895
10181,0.05922558
10182,0.058360178
10183,0.06351629
10184,0.05927108
10185,0.27948052
10186,0.066224694
10187,0.060192004
10188,0.068449184
10189,0.06378082
10190,0.06096188
10191,0.086310826
10192,0.06270764
10193,0.057354506
10194,0.068100415
10195,0.063091844
10196,0.050826542
10197,0.28737083
10198,0.2644395
10199,0.06480479
10200,0.070794135
10201,0.06424685
10202,0.070179485
10203,0.068449184
10204,0.06373382
10205,0.062161226
10206,0.072967134
10207,0.06232446
10208,0.068161845
10209,0.06562512
10210,0.058811136
10211,0.0634459
10212,0.27305144
10213,0.27091438
10214,0.2690547
10215,0.059080474
10216,0.060035456
10217,0.06019791
10218,0.06692435
10219,0.066112325
10220,0.059874244
10221,0.057359736
10222,0.59113127
10223,0.066916324
10224,0.061321564
10225,0.064439744
10226,0.05878838
10227,0.06684569
10228,0.068449184
10229,0.051233158
10230,0.06467375
10231,0.06178632
10232,0.055889685
10233,0.06870856
10234,0.06456255
10235,0.06018346
10236,0.06265047
10237,0.06817732
10238,0.058215037
10239,0.58062387
10240,0.606074
10241,0.066598475
10242,0.062161226
10243,0.0852087
10244,0.06261628
10245,0.068234354
10246,0.060169134
10247,0.06098031
10248,0.062630005
10249,0.065041095
10250,0.06098031
10251,0.06564302
10252,0.06869291
10253,0.06282916
10254,0.057951923
10255,0.059540372
10256,0.057605974
10257,0.064211644
10258,0.06426636
10259,0.06398305
10260,0.0660793
10261,0.065267436
10262,0.057378814
10263,0.061481643
10264,0.061253805
10265,0.060751885
10266,0.059977014
10267,0.06151263
10268,0.06432911
10269,0.06380421
10270,0.05765166
10271,0.06291378
10272,0.06083888
10273,0.066156074
10274,0.064291365
10275,0.06229588
10276,0.060169134
10277,0.052452505
10278,0.060616486
10279,0.06562512
10280,0.06068449
10281,0.071874954
10282,0.07340651
10283,0.06272224
10284,0.06620484
10285,0.06315221
10286,0.062352497
10287,0.0660793
10288,0.061363846
10289,0.05891062
10290,0.06488333
10291,0.060438067
10292,0.065267436
10293,0.061468802
10294,0.061391175
10295,0.058215037
10296,0.058080375
10297,0.5318908
10298,0.060182583
10299,0.059118837
10300,0.062161226
10301,0.058873344
10302,0.06028269
10303,0.059128813
10304,0.0652892
10305,0.062328942
10306,0.58075583
10307,0.06033694
10308,0.06488364
10309,0.06187736
10310,0.066156074
10311,0.05556844
10312,0.06375272
10313,0.06779788
10314,0.062556446
10315,0.06462641
10316,0.2759104
10317,0.06325289
10318,0.06856165
10319,0.06456255
10320,0.43964297
10321,0.0638695
10322,0.0650102
10323,0.06443151
10324,0.0598215
10325,0.27385575
10326,0.265359
10327,0.070179485
10328,0.05909899
10329,0.055178426
10330,0.07052719
10331,0.26754
10332,0.070488244
10333,0.0852087
10334,0.058360178
10335,0.06231877
10336,0.06276671
10337,0.06342058
10338,0.06366789
10339,0.07847717
10340,0.064691186
10341,0.06463183
10342,0.061802566
10343,0.0591754
10344,0.060056724
10345,0.061363846
10346,0.06045739
10347,0.05878838
10348,0.30466223
10349,0.27836514
10350,0.061429784
10351,0.070886694
10352,0.06140051
10353,0.06392819
10354,0.06962563
10355,0.06746527
10356,0.5895898
10357,0.079314396
10358,0.06705628
10359,0.49666014
10360,0.2753856
10361,0.059666373
10362,0.066349074
10363,0.06805771
10364,0.057874095
10365,0.06546854
10366,0.27075887
10367,0.059771173
10368,0.061524373
10369,0.27402204
10370,0.06930807
10371,0.06002152
10372,0.2718659
10373,0.563392
10374,0.05788868
10375,0.061914146
10376,0.06768208
10377,0.06166266
10378,0.065463796
10379,0.07017285
10380,0.06365985
10381,0.5931833
10382,0.058905438
10383,0.059625823
10384,0.53310794
10385,0.06688149
10386,0.07756993
10387,0.2741452
10388,0.062075306
10389,0.060436577
10390,0.063272245
10391,0.06432911
10392,0.061363846
10393,0.06488333
10394,0.6009603
10395,0.06389705
10396,0.069814876
10397,0.28154466
10398,0.07493216
10399,0.27353114
10400,0.6957116
10401,0.28234434
10402,0.07756993
10403,0.72471404
10404,0.27379367
10405,0.2725235
10406,0.64313465
10407,0.26996997
10408,0.6046745
10409,0.061047032
10410,0.058286782
10411,0.059080474
10412,0.06204897
10413,0.06178632
10414,0.061220814
10415,0.065463796
10416,0.06604557
10417,0.066112325
10418,0.06042092
10419,0.061253805
10420,0.06142583
10421,0.066916324
10422,0.064214945
10423,0.061468802
10424,0.060075443
10425,0.26724288
10426,0.06123767
10427,0.059573587
10428,0.0606118
10429,0.27552265
10430,0.061802566
10431,0.061190728
10432,0.591017
10433,0.5573187
10434,0.6239528
10435,0.06384124
10436,0.058377758
10437,0.05877325
10438,0.06503098
10439,0.5302827
10440,0.060728766
10441,0.07584109
10442,0.06142583
10443,0.068449184
10444,0.061524373
10445,0.06201586
10446,0.05695103
10447,0.64064884
10448,0.060181785
10449,0.12847191
10450,0.06111128
10451,0.060035456
10452,0.07131585
10453,0.06856165
10454,0.2759104
10455,0.2834561
10456,0.062231418
10457,0.059118837
10458,0.54882646
10459,0.06293966
10460,0.062515624
10461,0.6553649
10462,0.5476833
10463,0.6181415
10464,0.06960185
10465,0.07173289
10466,0.057359736
10467,0.06673409
10468,0.060767516
10469,0.2818182
10470,0.05765166
10471,0.07380249
10472,0.0608793
10473,0.06551514
10474,0.06525331
10475,0.07128924
10476,0.05066589
10477,0.6137933
10478,0.686252
10479,0.26774225
10480,0.067472056
10481,0.067918725
10482,0.057951923
10483,0.07584109
10484,0.06113628
10485,0.066224694
10486,0.064038806
10487,0.27497515
10488,0.05615855
10489,0.06626452
10490,0.06380421
10491,0.6168339
10492,0.5285135
10493,0.65867305
10494,0.0634459
10495,0.065994345
10496,0.26723084
10497,0.26958966
10498,0.0658566
10499,0.065041095
10500,0.06696592
10501,0.06551514
10502,0.06384124
10503,0.058080375
10504,0.72273135
10505,0.5358995
10506,0.0608793
10507,0.06551514
10508,0.062612504
10509,0.06617661
10510,0.05868221
10511,0.6180619
10512,0.06703495
10513,0.06595469
10514,0.06905678
10515,0.066349074
10516,0.07128924
10517,0.05989556
10518,0.05982788
10519,0.6498511
10520,0.5897264
10521,0.26547152
10522,0.07032947
10523,0.06346765
10524,0.06608231
10525,0.06432911
10526,0.6091535
10527,0.06677826
10528,0.05956858
10529,0.066464685
10530,0.050826542
10531,0.060964327
10532,0.06619235
10533,0.5516687
10534,0.60613054
10535,0.550387
10536,0.28154466
10537,0.06382106
10538,0.26816595
10539,0.061865345
10540,0.6206449
10541,0.06665
10542,0.069273755
10543,0.062358573
10544,0.06406406
10545,0.060372118
10546,0.06746527
10547,0.06272962
10548,0.2753856
10549,0.5996653
10550,0.26807612
10551,0.60276294
10552,0.27493468
10553,0.27521247
10554,0.28084278
10555,0.062231418
10556,0.27379367
10557,0.06621761
10558,0.060938958
10559,0.069354035
10560,0.06321181
10561,0.2700836
10562,0.6533282
10563,0.621968
10564,0.55697674
10565,0.582918
10566,0.061277725
10567,0.30780452
10568,0.27309376
10569,0.0631251
10570,0.060413525
10571,0.06467375
10572,0.06544531
10573,0.6256029
10574,0.058764737
10575,0.07108964
10576,0.5371118
10577,0.555825
10578,0.13318606
10579,0.06435812
10580,0.059599653
10581,0.06261628
10582,0.0606118
10583,0.05868221
10584,0.0852087
10585,0.06665
10586,0.050826542
10587,0.27555084
10588,0.6016271
10589,0.58211595
10590,0.57804453
10591,0.6016271
10592,0.5522168
10593,0.06315221
10594,0.06474676
10595,0.056096014
10596,0.059540372
10597,0.06422207
10598,0.28070244
10599,0.07270191
10600,0.06346765
10601,0.06293966
10602,0.06443151
10603,0.06431093
10604,0.0631181
10605,0.060582593
10606,0.060694538
10607,0.05163898
10608,0.065558776
10609,0.062231146
10610,0.063159086
10611,0.064601935
10612,0.0638695
10613,0.061253805
10614,0.07360528
10615,0.67553174
10616,0.28301948
10617,0.53310794
10618,0.6293168
10619,0.5019717
10620,0.7436017
10621,0.063990295
10622,0.06002152
10623,0.06315221
10624,0.06640958
10625,0.06381762
10626,0.068731114
10627,0.06457974
10628,0.066598475
10629,0.6187121
10630,0.056944117
10631,0.063159086
10632,0.2700377
10633,0.06688149
10634,0.058811136
10635,0.06282916
10636,0.06375272
10637,0.062495086
10638,0.06005125
10639,0.06282228
10640,0.05878838
10641,0.06062002
10642,0.061253805
10643,0.064424485
10644,0.6005612
10645,0.5804537
10646,0.05922992
10647,0.5462914
10648,0.58086294
10649,0.6023822
10650,0.28405568
10651,0.069354035
10652,0.06551336
10653,0.055273436
10654,0.07561355
10655,0.06583106
10656,0.056096014
10657,0.059797157
10658,0.5989169
10659,0.058606155
10660,0.61398005
10661,0.27323923
10662,0.06438486
10663,0.05863799
10664,0.06467375
10665,0.05922992
10666,0.060964327
10667,0.062358573
10668,0.05845421
10669,0.05923057
10670,0.5675607
10671,0.72471404
10672,0.52544
10673,0.47425252
10674,0.26874477
10675,0.06336477
10676,0.06142583
10677,0.05877192
10678,0.06467502
10679,0.057378814
10680,0.06805834
10681,0.0638695
10682,0.050740547
10683,0.06564302
10684,0.6261263
10685,0.06326373
10686,0.05909899
10687,0.059771173
10688,0.27233714
10689,0.0693816
10690,0.06435812
10691,0.059128813
10692,0.061865345
10693,0.27309376
10694,0.28234434
10695,0.065267436
10696,0.059694484
10697,0.07756993
10698,0.06284066
10699,0.057488553
10700,0.06555647
10701,0.070827715
10702,0.06407321
10703,0.063159086
10704,0.062696785
10705,0.2922738
10706,0.061683252
10707,0.15112674
10708,0.058255315
10709,0.061802566
10710,0.051233158
10711,0.05649116
10712,0.060989544
10713,0.06621761
10714,0.063401036
10715,0.05982402
10716,0.06096188
10717,0.064462595
10718,0.0653895
10719,0.59271705
10720,0.555825
10721,0.0634459
10722,0.06255032
10723,0.065558776
10724,0.05272555
10725,0.060934726
10726,0.06688149
10727,0.06270764
10728,0.06170952
10729,0.063995965
10730,0.07756993
10731,0.06164139
10732,0.065524735
10733,0.06291706
10734,0.058910094
10735,0.06137964
10736,0.070179485
10737,0.06476196
10738,0.5953995
10739,0.068731114
10740,0.068161845
10741,0.27553025
10742,0.071418285
10743,0.06457974
10744,0.5516687
10745,0.061999954
10746,0.06644491
10747,0.058286782
10748,0.06282228
10749,0.064038806
10750,0.061429456
10751,0.08325676
10752,0.06652449
10753,0.06492796
10754,0.05631345
10755,0.06786564
10756,0.061722223
10757,0.06962563
10758,0.064588785
10759,0.0631181
10760,0.070794135
10761,0.061132513
10762,0.06111128
10763,0.069172986
10764,0.059196252
10765,0.07756993
10766,0.2751875
10767,0.052793406
10768,0.06231877
10769,0.064691186
10770,0.0608793
10771,0.05925033
10772,0.06411639
10773,0.26514277
10774,0.058496077
10775,0.273724
10776,0.06431093
10777,0.065809414
10778,0.060075443
10779,0.06640958
10780,0.063990295
10781,0.6429026
10782,0.06444684
10783,0.057874095
10784,0.051936667
10785,0.070827715
10786,0.06621761
10787,0.06423079
10788,0.5979524
10789,0.6949309
10790,0.2741452
10791,0.06382852
10792,0.058905438
10793,0.067095704
10794,0.06098031
10795,0.059573587
10796,0.06342058
10797,0.061654173
10798,0.65693766
10799,0.06805771
10800,0.06198001
10801,0.063758254
10802,0.06301131
10803,0.06802446
10804,0.064291365
10805,0.06884146
10806,0.5967634
10807,0.06323763
10808,0.0860965
10809,0.059029978
10810,0.055273436
10811,0.06431093
10812,0.06142583
10813,0.063758254
10814,0.068317704
10815,0.06432911
10816,0.05523721
10817,0.062556446
10818,0.05878838
10819,0.06456255
10820,0.06424685
10821,0.05788868
10822,0.06042092
10823,0.066464685
10824,0.068884164
10825,0.061004255
10826,0.06042092
10827,0.065994345
10828,0.06002152
10829,0.57769006
10830,0.07030164
10831,0.058496077
10832,0.059158526
10833,0.06430337
10834,0.06386491
10835,0.06291706
10836,0.098665535
10837,0.06734997
10838,0.69650906
10839,0.062215764
10840,0.068100415
10841,0.06677327
10842,0.061591513
10843,0.06488364
10844,0.06045739
10845,0.06619114
10846,0.066112325
10847,0.5820102
10848,0.06312094
10849,0.063995965
10850,0.06604557
10851,0.060035456
10852,0.06201586
10853,0.063401036
10854,0.061017115
10855,0.066349074
10856,0.070488244
10857,0.0608793
10858,0.067095704
10859,0.06291706
10860,0.06314172
10861,0.066224694
10862,0.05836514
10863,0.06314172
10864,0.06821824
10865,0.06114397
10866,0.06107222
10867,0.05836915
10868,0.072443604
10869,0.06475093
10870,0.058764737
10871,0.062622815
10872,0.061363846
10873,0.065524735
10874,0.060273726
10875,0.060669545
10876,0.06466066
10877,0.06564302
10878,0.06198001
10879,0.06805834
10880,0.0631527
10881,0.06962563
10882,0.0756198
10883,0.0608666
10884,0.06276854
10885,0.050396297
10886,0.05731148
10887,0.2700377
10888,0.06077938
10889,0.063159086
10890,0.0659638
10891,0.0695322
10892,0.058873344
10893,0.06443151
10894,0.0634701
10895,0.06272962
10896,0.063990295
10897,0.061425876
10898,0.05863023
10899,0.06869291
10900,0.0608793
10901,0.06114397
10902,0.06276671
10903,0.09310053
10904,0.05923057
10905,0.061017115
10906,0.063401036
10907,0.06325616
10908,0.060438067
10909,0.06107222
10910,0.055418365
10911,0.06200635
10912,0.065267436
10913,0.06457974
10914,0.06665472
10915,0.06425527
10916,0.060182583
10917,0.06728103
10918,0.06378082
10919,0.2746881
10920,0.062126014
10921,0.060767516
10922,0.06284066
10923,0.06019791
10924,0.06488364
10925,0.057354506
10926,0.067095704
10927,0.060192004
10928,0.06728594
10929,0.06386491
10930,0.06276671
10931,0.07326626
10932,0.0756198
10933,0.2690065
10934,0.06515665
10935,0.06457974
10936,0.063995965
10937,0.062495086
10938,0.072443604
10939,0.065815926
10940,0.060990736
10941,0.060035456
10942,0.07326626
10943,0.065267436
10944,0.06068449
10945,0.069354035
10946,0.06265047
10947,0.057215445
10948,0.27497995
10949,0.06734997
10950,0.06617552
10951,0.06577216
10952,0.06673409
10953,0.0608793
10954,0.05776923
10955,0.061277725
10956,0.05957479
10957,0.054310672
10958,0.0693816
10959,0.05913566
10960,0.062352497
10961,0.06688445
10962,0.058255315
10963,0.06301131
10964,0.062696785
10965,0.09985895
10966,0.072278194
10967,0.06443256
10968,0.06689482
10969,0.062272817
10970,0.060028065
10971,0.060538176
10972,0.06332804
10973,0.061958477
10974,0.06671598
10975,0.06309343
10976,0.06004056
10977,0.06085324
10978,0.05917807
10979,0.05955804
10980,0.061674766
10981,0.27081072
10982,0.58498
10983,0.06102644
10984,0.06527195
10985,0.057267822
10986,0.2843455
10987,0.06651525
10988,0.06005919
10989,0.06280171
10990,0.064944774
10991,0.06544746
10992,0.06418789
10993,0.068022124
10994,0.06651525
10995,0.059239365
10996,0.062185228
10997,0.7330941
10998,0.269643
10999,0.06614144
11000,0.27252513
11001,0.063136615
11002,0.060028065
11003,0.061870113
11004,0.062082782
11005,0.0675519
11006,0.062485512
11007,0.06533763
11008,0.06543903
11009,0.066160485
11010,0.05722227
11011,0.6015097
11012,0.75068146
11013,0.054664236
11014,0.058669977
11015,0.06544746
11016,0.28105244
11017,0.06647186
11018,0.061958477
11019,0.0612111
11020,0.05949647
11021,0.06477649
11022,0.062332887
11023,0.5774104
11024,0.059669193
11025,0.28105244
11026,0.5464509
11027,0.057098366
11028,0.56320757
11029,0.05970516
11030,0.5708332
11031,0.061075937
11032,0.06106321
11033,0.060580544
11034,0.054664236
11035,0.06596229
11036,0.0675519
11037,0.06515666
11038,0.064059846
11039,0.060865
11040,0.28105244
11041,0.059205573
11042,0.06050503
11043,0.050093547
11044,0.061886895
11045,0.06717795
11046,0.06464946
11047,0.06332804
11048,0.062771425
11049,0.060542133
11050,0.062082782
11051,0.066123456
11052,0.26463825
11053,0.061486088
11054,0.06351722
11055,0.06456795
11056,0.061807543
11057,0.06505358
11058,0.07435424
11059,0.06689125
11060,0.59965354
11061,0.06319652
11062,0.067559674
11063,0.27772623
11064,0.62143743
11065,0.059891213
11066,0.06449345
11067,0.06534416
11068,0.07053299
11069,0.06840207
11070,0.06322143
11071,0.06360292
11072,0.0680245
11073,0.050093547
11074,0.06635488
11075,0.06005919
11076,0.5992583
11077,0.06651525
11078,0.27407336
11079,0.061036002
11080,0.06596229
11081,0.060129598
11082,0.057776295
11083,0.0672927
11084,0.06651525
11085,0.28164566
11086,0.06363091
11087,0.065864794
11088,0.060816795
11089,0.06533763
11090,0.06510237
11091,0.06377423
11092,0.07269314
11093,0.6198452
11094,0.09940312
11095,0.06693007
11096,0.06589672
11097,0.06349067
11098,0.06618009
11099,0.06538079
11100,0.060580544
11101,0.10516672
11102,0.063136615
11103,0.06611675
11104,0.064987704
11105,0.06404137
11106,0.06297587
11107,0.0660204
11108,0.05059465
11109,0.06480251
11110,0.06716348
11111,0.06425536
11112,0.061978757
11113,0.061951153
11114,0.066618964
11115,0.064998925
11116,0.0664919
11117,0.05874643
11118,0.06438075
11119,0.065824166
11120,0.063664444
11121,0.05964063
11122,0.061166387
11123,0.06276904
11124,0.06500273
11125,0.2657095
11126,0.05970516
11127,0.06152295
11128,0.05059465
11129,0.06510192
11130,0.063715816
11131,0.062440798
11132,0.06397965
11133,0.056252908
11134,0.28054503
11135,0.06259785
11136,0.06851945
11137,0.06528082
11138,0.0656161
11139,0.062352743
11140,0.28308335
11141,0.2555633
11142,0.2758623
11143,0.07098206
11144,0.06322143
11145,0.06270122
11146,0.06823122
11147,0.067326084
11148,0.06392209
11149,0.063625865
11150,0.062440798
11151,0.609246
11152,0.06481547
11153,0.06544178
11154,0.06443256
11155,0.06547867
11156,0.06420255
11157,0.061951153
11158,0.057439387
11159,0.06830899
11160,0.0675519
11161,0.06840207
11162,0.06154532
11163,0.05889583
11164,0.05971531
11165,0.06635488
11166,0.05959725
11167,0.058263764
11168,0.06663356
11169,0.27713627
11170,0.7748069
11171,0.06372299
11172,0.05310275
11173,0.059205573
11174,0.06456795
11175,0.073340535
11176,0.06425397
11177,0.067174174
11178,0.06289677
11179,0.061036002
11180,0.06717795
11181,0.05959725
11182,0.06135133
11183,0.07269314
11184,0.0612111
11185,0.06717795
11186,0.061486088
11187,0.06619611
11188,0.065345615
11189,0.06332804
11190,0.05996776
11191,0.06800209
11192,0.06182328
11193,0.066528745
11194,0.060812913
11195,0.05551319
11196,0.073340535
11197,0.06441056
11198,0.2715267
11199,0.05433119
11200,0.061693158
11201,0.06397096
11202,0.07022615
11203,0.07512678
11204,0.06276985
11205,0.061958477
11206,0.05794498
11207,0.0652725
11208,0.062418252
11209,0.06184898
11210,0.062373254
11211,0.06092753
11212,0.065543026
11213,0.06558677
11214,0.061166387
11215,0.065824166
11216,0.058714807
11217,0.059475146
11218,0.059562802
11219,0.06167839
11220,0.061984286
11221,0.06307188
11222,0.066914685
11223,0.07211599
11224,0.2567445
11225,0.06321891
11226,0.07249852
11227,0.06441056
11228,0.05829654
11229,0.06050503
11230,0.07191746
11231,0.06706701
11232,0.06360292
11233,0.064011544
11234,0.065848716
11235,0.5320942
11236,0.0644201
11237,0.06647186
11238,0.062418252
11239,0.061809205
11240,0.061036002
11241,0.06438075
11242,0.0656228
11243,0.057021916
11244,0.2718639
11245,0.06321204
11246,0.050093547
11247,0.063290045
11248,0.58449197
11249,0.061978757
11250,0.06360292
11251,0.26255715
11252,0.06768106
11253,0.2785967
11254,0.27267888
11255,0.064852886
11256,0.06004821
11257,0.06257845
11258,0.062418286
11259,0.06485476
11260,0.060951054
11261,0.05964063
11262,0.058406144
11263,0.05815438
11264,0.06339007
11265,0.061931655
11266,0.06667713
11267,0.06492713
11268,0.06254248
11269,0.06295733
11270,0.06157989
11271,0.06467329
11272,0.060865
11273,0.06197429
11274,0.07331667
11275,0.060348656
11276,0.067715324
11277,0.061329328
11278,0.27045667
11279,0.27227312
11280,0.058269482
11281,0.05933917
11282,0.06362666
11283,0.06480251
11284,0.06750333
11285,0.54846555
11286,0.0718942
11287,0.066528745
11288,0.6102118
11289,0.2724873
11290,0.0644181
11291,0.05577193
11292,0.06184898
11293,0.062046085
11294,0.27687424
11295,0.07512678
11296,0.062053338
11297,0.06548995
11298,0.065430075
11299,0.06148078
11300,0.061124858
11301,0.068750754
11302,0.59954596
11303,0.06400141
11304,0.06135133
11305,0.06718259
11306,0.06274319
11307,0.2695247
11308,0.5981387
11309,0.062232073
11310,0.057776295
11311,0.6112758
11312,0.062272817
11313,0.061245527
11314,0.26638594
11315,0.06613152
11316,0.061702807
11317,0.06852469
11318,0.06544746
11319,0.06319155
11320,0.061288368
11321,0.5708332
11322,0.05996776
11323,0.06466818
11324,0.27254003
11325,0.05589421
11326,0.27673134
11327,0.62830555
11328,0.27668852
11329,0.06182328
11330,0.057327114
11331,0.27302307
11332,0.26986787
11333,0.54514486
11334,0.27621064
11335,0.51893187
11336,0.06529514
11337,0.065864794
11338,0.06085324
11339,0.06597606
11340,0.06181325
11341,0.06293251
11342,0.06510192
11343,0.100262895
11344,0.059890945
11345,0.058757313
11346,0.0675519
11347,0.064684466
11348,0.063136615
11349,0.07044883
11350,0.068561055
11351,0.06555662
11352,0.2568401
11353,0.30916327
11354,0.061909825
11355,0.06644879
11356,0.27739164
11357,0.059770934
11358,0.06491543
11359,0.56737053
11360,0.6064547
11361,0.59397316
11362,0.067895144
11363,0.06425397
11364,0.07021253
11365,0.68277955
11366,0.060428575
11367,0.06592021
11368,0.05949647
11369,0.050093547
11370,0.05731213
11371,0.061870113
11372,0.59623975
11373,0.06445107
11374,0.059044935
11375,0.05731213
11376,0.067559674
11377,0.06750333
11378,0.064102024
11379,0.2676523
11380,0.2744102
11381,0.06593785
11382,0.06259785
11383,0.07085512
11384,0.070294835
11385,0.60231197
11386,0.7146442
11387,0.64961684
11388,0.059378702
11389,0.06681782
11390,0.06544746
11391,0.28153107
11392,0.056135383
11393,0.27668852
11394,0.059021603
11395,0.06389038
11396,0.05696018
11397,0.05955804
11398,0.062633395
11399,0.059443336
11400,0.05781631
11401,0.50252086
11402,0.6032702
11403,0.27216706
11404,0.06830926
11405,0.06459994
11406,0.064896315
11407,0.060951054
11408,0.06750333
11409,0.060129598
11410,0.07292031
11411,0.061931655
11412,0.060580544
11413,0.061579462
11414,0.06453591
11415,0.06085324
11416,0.58084434
11417,0.5885121
11418,0.72527635
11419,0.0612111
11420,0.074929595
11421,0.27032483
11422,0.2758127
11423,0.06117152
11424,0.068712704
11425,0.06389038
11426,0.06869725
11427,0.06195234
11428,0.062184993
11429,0.6416088
11430,0.6132338
11431,0.066160485
11432,0.064059846
11433,0.057881158
11434,0.06171851
11435,0.06588928
11436,0.5568735
11437,0.06360292
11438,0.060340144
11439,0.0675519
11440,0.069203414
11441,0.0600786
11442,0.064608485
11443,0.0632121
11444,0.28534007
11445,0.61939013
11446,0.06346958
11447,0.06708693
11448,0.06445107
11449,0.06360292
11450,0.06600288
11451,0.26961416
11452,0.06307269
11453,0.07046361
11454,0.059691533
11455,0.06274319
11456,0.056839366
11457,0.05557646
11458,0.055498414
11459,0.6426627
11460,0.600197
11461,0.5866606
11462,0.06293251
11463,0.06285568
11464,0.061154325
11465,0.054664236
11466,0.5648554
11467,0.060076598
11468,0.06397096
11469,0.0632121
11470,0.06510192
11471,0.066464975
11472,0.058669977
11473,0.07053299
11474,0.61105025
11475,0.609246
11476,0.27235764
11477,0.7569337
11478,0.27437615
11479,0.06693007
11480,0.064059846
11481,0.3028075
11482,0.054263297
11483,0.06717136
11484,0.06250133
11485,0.06830926
11486,0.059998408
11487,0.06548995
11488,0.06495933
11489,0.058309145
11490,0.582795
11491,0.62663466
11492,0.74565727
11493,0.616451
11494,0.06579144
11495,0.26827544
11496,0.27192408
11497,0.058714807
11498,0.060944047
11499,0.066983275
11500,0.06184019
11501,0.58472
11502,0.06854356
11503,0.06226643
11504,0.55350024
11505,0.50110924
11506,0.062493633
11507,0.06345335
11508,0.057776295
11509,0.059843514
11510,0.05717689
11511,0.066555865
11512,0.0617479
11513,0.06705085
11514,0.07022615
11515,0.064861655
11516,0.264107
11517,0.7071911
11518,0.6455881
11519,0.6044822
11520,0.5717613
11521,0.67875993
11522,0.059239365
11523,0.057935644
11524,0.06500035
11525,0.06656747
11526,0.0703771
11527,0.06515666
11528,0.060828038
11529,0.060538176
11530,0.056495633
11531,0.07421712
11532,0.06618009
11533,0.07022615
11534,0.06566765
11535,0.06659224
11536,0.066555865
11537,0.060606048
11538,0.057840116
11539,0.10516672
11540,0.067380644
11541,0.060944047
11542,0.27407336
11543,0.25268644
11544,0.61993223
11545,0.67019284
11546,0.5666144
11547,0.5839454
11548,0.100262895
11549,0.06448974
11550,0.06663175
11551,0.06285568
11552,0.0615637
11553,0.06864837
11554,0.065398656
11555,0.7282934
11556,0.06580354
11557,0.06651525
11558,0.06083722
11559,0.06548995
11560,0.067326084
11561,0.07053299
11562,0.061870113
11563,0.06588928
11564,0.06996518
11565,0.06799681
11566,0.06647163
11567,0.06659871
11568,0.65694
11569,0.6231292
11570,0.063386686
11571,0.57331634
11572,0.6341194
11573,0.5997669
11574,0.060348656
11575,0.06050503
11576,0.06092753
11577,0.065147035
11578,0.06797589
11579,0.06984794
11580,0.057704583
11581,0.07178899
11582,0.68909526
11583,0.27202493
11584,0.6315735
11585,0.06576645
11586,0.05874643
11587,0.061432853
11588,0.05750014
11589,0.27700847
11590,0.059044935
11591,0.058328252
11592,0.06397095
11593,0.06515666
11594,0.066914685
11595,0.6119006
11596,0.6195955
11597,0.5317238
11598,0.28384042
11599,0.65116125
11600,0.06372299
11601,0.05917807
11602,0.054442458
11603,0.06385815
11604,0.05885474
11605,0.0643111
11606,0.059843514
11607,0.06195234
11608,0.06023846
11609,0.06466818
11610,0.2869707
11611,0.06680226
11612,0.06004056
11613,0.25590023
11614,0.060428575
11615,0.05933917
11616,0.06250133
11617,0.2686878
11618,0.0718942
11619,0.27056852
11620,0.06576927
11621,0.060580544
11622,0.06864427
11623,0.061154325
11624,0.06041716
11625,0.06750333
11626,0.06345335
11627,0.06171137
11628,0.062332887
11629,0.06097349
11630,0.2714228
11631,0.0618826
11632,0.073340535
11633,0.07284136
11634,0.07178899
11635,0.06467329
11636,0.06646883
11637,0.061329328
11638,0.061984286
11639,0.067814335
11640,0.6448355
11641,0.7146442
11642,0.06404137
11643,0.06092911
11644,0.059669193
11645,0.060542133
11646,0.059475146
11647,0.063855805
11648,0.06152295
11649,0.06654828
11650,0.059991885
11651,0.06523001
11652,0.06423339
11653,0.06528082
11654,0.0662656
11655,0.0703771
11656,0.06534416
11657,0.05917807
11658,0.57965034
11659,0.0615637
11660,0.061367124
11661,0.07287723
11662,0.06492713
11663,0.06106321
11664,0.58498
11665,0.06775172
11666,0.06441056
11667,0.06507303
11668,0.06659871
11669,0.062185228
11670,0.06898936
11671,0.058263764
11672,0.073867254
11673,0.059443336
11674,0.06869725
11675,0.06607184
11676,0.0656228
11677,0.059843514
11678,0.0612111
11679,0.06092753
11680,0.05885474
11681,0.06135133
11682,0.06345721
11683,0.057992935
11684,0.06237634
11685,0.068750754
11686,0.6576477
11687,0.06671598
11688,0.061958477
11689,0.06441056
11690,0.057267822
11691,0.06386018
11692,0.060655493
11693,0.06443256
11694,0.26891664
11695,0.061900295
11696,0.28164566
11697,0.06445107
11698,0.06558677
11699,0.07300209
11700,0.062077608
11701,0.059475146
11702,0.07053299
11703,0.62246495
11704,0.065543026
11705,0.06297569
11706,0.05781631
11707,0.062046483
11708,0.06154532
11709,0.06351722
11710,0.60286325
11711,0.6212223
11712,0.06486622
11713,0.060986757
11714,0.061245527
11715,0.064102024
11716,0.063825816
11717,0.0656161
11718,0.06613152
11719,0.06813718
11720,0.54081565
11721,0.06544746
11722,0.062272817
11723,0.06646402
11724,0.06304773
11725,0.057052612
11726,0.060655493
11727,0.6119426
11728,0.054300673
11729,0.06167839
11730,0.060812913
11731,0.060812913
11732,0.062365126
11733,0.062046085
11734,0.061034087
11735,0.061329328
11736,0.05590318
11737,0.06348626
11738,0.06257316
11739,0.08378298
11740,0.06397096
11741,0.059991885
11742,0.06322143
11743,0.059239365
11744,0.067380644
11745,0.06280171
11746,0.059691533
11747,0.054300673
11748,0.058328252
11749,0.06613152
11750,0.65204906
11751,0.06543105
11752,0.060565475
11753,0.06579002
11754,0.056897737
11755,0.060129598
11756,0.06274319
11757,0.061984286
11758,0.06495933
11759,0.068561055
11760,0.27741387
11761,0.066561684
11762,0.056252908
11763,0.06002236
11764,0.06687525
11765,0.27482107
11766,0.06400141
11767,0.06469663
11768,0.072278194
11769,0.6032947
11770,0.06548995
11771,0.06558552
11772,0.069035925
11773,0.062184993
11774,0.06360292
11775,0.07295654
11776,0.058269482
11777,0.050093547
11778,0.06013278
11779,0.06385815
11780,0.06510192
11781,0.050093547
11782,0.068712704
11783,0.064972445
11784,0.067559674
11785,0.06689125
11786,0.06002236
11787,0.06864427
11788,0.06729277
11789,0.27707824
11790,0.06687525
11791,0.05874643
11792,0.072278194
11793,0.062140215
11794,0.065951586
11795,0.06672259
11796,0.06363091
11797,0.06395699
11798,0.06544746
11799,0.06453591
11800,0.06106572
11801,0.057992935
11802,0.06996518
11803,0.060951054
11804,0.06458805
11805,0.05551319
11806,0.057992935
11807,0.060505792
11808,0.056932364
11809,0.062404506
11810,0.067042865
11811,0.0675519
11812,0.061411183
11813,0.061820034
11814,0.0670869
11815,0.06672259
11816,0.05955804
11817,0.06544178
11818,0.06237634
11819,0.06425536
11820,0.060817625
11821,0.06360292
11822,0.06861391
11823,0.0662656
11824,0.058902543
11825,0.06799681
11826,0.06996518
11827,0.05955804
11828,0.06404382
11829,0.062232073
11830,0.064852886
11831,0.06555662
11832,0.06321891
11833,0.06609988
11834,0.067222014
11835,0.060613338
11836,0.059205573
11837,0.074929595
11838,0.065864794
11839,0.05433119
11840,0.06467329
11841,0.06523322
11842,0.06671598
11843,0.2843455
11844,0.06027
11845,0.06588928
11846,0.064987704
11847,0.062136065
11848,0.10112294
11849,0.059890945
11850,0.06492713
11851,0.05196475
11852,0.06680226
11853,0.060637236
11854,0.067900196
11855,0.060817625
11856,0.061368942
11857,0.061512325
11858,0.054664236
11859,0.0617479
11860,0.06425397
11861,0.06171137
11862,0.065951586
11863,0.06599626
11864,0.0662656
11865,0.06463788
11866,0.060989246
11867,0.057881158
11868,0.08569358
11869,0.0652725
11870,0.27687424
11871,0.07111937
11872,0.07142672
11873,0.06750333
11874,0.061036002
11875,0.06651525
11876,0.065848716
11877,0.054664236
11878,0.06543105
11879,0.05696018
11880,0.063401304
11881,0.060944047
11882,0.06004821
11883,0.066555865
11884,0.27668852
11885,0.058263764
11886,0.06647163
11887,0.06543903
11888,0.052234124
11889,0.058700554
11890,0.067129664
11891,0.064778864
11892,0.063088834
11893,0.07460563
11894,0.06306287
11895,0.064211145
11896,0.066501506
11897,0.062080886
11898,0.06413031
11899,0.060592208
11900,0.06634222
11901,0.06437576
11902,0.066497184
11903,0.064359955
11904,0.06606498
11905,0.60412556
11906,0.06993428
11907,0.06040027
11908,0.5438489
11909,0.06348206
11910,0.27037957
11911,0.06334312
11912,0.27699897
11913,0.06803821
11914,0.057755876
11915,0.062589906
11916,0.052173004
11917,0.065947555
11918,0.55467355
11919,0.28688008
11920,0.0635282
11921,0.2571903
11922,0.06183207
11923,0.065577105
11924,0.06668581
11925,0.06556719
11926,0.05791496
11927,0.0649401
11928,0.06435584
11929,0.059240103
11930,0.061842065
11931,0.6010162
11932,0.7250281
11933,0.0828837
11934,0.068792045
11935,0.06606498
11936,0.29601696
11937,0.2682231
11938,0.058466587
11939,0.06617192
11940,0.062811926
11941,0.067044795
11942,0.060303103
11943,0.063064665
11944,0.5712041
11945,0.06382854
11946,0.2666972
11947,0.6030892
11948,0.06703007
11949,0.062543124
11950,0.4778292
11951,0.06310864
11952,0.5643021
11953,0.06243306
11954,0.0674481
11955,0.06239013
11956,0.064939
11957,0.0643486
11958,0.061575
11959,0.0546237
11960,0.06583849
11961,0.06891577
11962,0.613529
11963,0.06483471
11964,0.056549273
11965,0.05833841
11966,0.067169935
11967,0.065244
11968,0.06382917
11969,0.05757899
11970,0.06259288
11971,0.06315919
11972,0.063330494
11973,0.06234745
11974,0.06504365
11975,0.2682738
11976,0.0828837
11977,0.06516173
11978,0.05744947
11979,0.063711315
11980,0.064083606
11981,0.57813895
11982,0.060078092
11983,0.0649401
11984,0.2803097
11985,0.5250473
11986,0.061059266
11987,0.06586557
11988,0.054447453
11989,0.062719434
11990,0.065113135
11991,0.06486996
11992,0.0632682
11993,0.06181512
11994,0.06458288
11995,0.06435584
11996,0.066195354
11997,0.097755894
11998,0.058506124
11999,0.063930005
12000,0.06685438
12001,0.56152165
12002,0.056969896
12003,0.06531968
12004,0.06416494
12005,0.059240103
12006,0.061116874
12007,0.071172304
12008,0.061999507
12009,0.06840116
12010,0.30350187
12011,0.06490149
12012,0.064290255
12013,0.062397696
12014,0.063496776
12015,0.06525977
12016,0.06617192
12017,0.59218836
12018,0.073860645
12019,0.061871942
12020,0.06296067
12021,0.061283085
12022,0.07245715
12023,0.061584264
12024,0.062102586
12025,0.06266331
12026,0.06153072
12027,0.06302057
12028,0.068363376
12029,0.061268587
12030,0.061053634
12031,0.06306287
12032,0.06478574
12033,0.06184772
12034,0.06535838
12035,0.06245594
12036,0.061550375
12037,0.0619207
12038,0.06524832
12039,0.26973724
12040,0.06490824
12041,0.06452911
12042,0.06500245
12043,0.065145515
12044,0.061560843
12045,0.058912337
12046,0.0635621
12047,0.065113135
12048,0.058454037
12049,0.06516758
12050,0.26117995
12051,0.058586657
12052,0.062397696
12053,0.06404508
12054,0.061133426
12055,0.050335906
12056,0.06565954
12057,0.07219758
12058,0.06431451
12059,0.06619162
12060,0.06479647
12061,0.0638398
12062,0.06538807
12063,0.06479438
12064,0.063711315
12065,0.06414486
12066,0.27182284
12067,0.27150732
12068,0.2630732
12069,0.06412483
12070,0.060303103
12071,0.06149838
12072,0.062804975
12073,0.067457736
12074,0.06703007
12075,0.06152336
12076,0.549731
12077,0.0687052
12078,0.063064665
12079,0.05654904
12080,0.07180394
12081,0.060059827
12082,0.06858188
12083,0.06558346
12084,0.061386753
12085,0.061527565
12086,0.069415495
12087,0.065862276
12088,0.05941868
12089,0.06483471
12090,0.06616187
12091,0.07245715
12092,0.060901653
12093,0.2877392
12094,0.60695285
12095,0.06189071
12096,0.06528965
12097,0.064083606
12098,0.0674481
12099,0.05592316
12100,0.06468681
12101,0.06416023
12102,0.066501506
12103,0.065531015
12104,0.050335906
12105,0.06546613
12106,0.063930005
12107,0.062056553
12108,0.06301221
12109,0.073860645
12110,0.06331015
12111,0.06754599
12112,0.067129664
12113,0.060280062
12114,0.06149838
12115,0.06468132
12116,0.06755362
12117,0.06524832
12118,0.06553349
12119,0.061184973
12120,0.07206274
12121,0.06777593
12122,0.06267567
12123,0.27434707
12124,0.27672487
12125,0.059474293
12126,0.119928256
12127,0.06775545
12128,0.074534416
12129,0.06386991
12130,0.06287427
12131,0.06483471
12132,0.05842214
12133,0.06367716
12134,0.062780716
12135,0.062056553
12136,0.061850794
12137,0.064778864
12138,0.05791496
12139,0.06278819
12140,0.06424615
12141,0.06184772
12142,0.061268587
12143,0.06552679
12144,0.06314423
12145,0.064359955
12146,0.06486965
12147,0.26536813
12148,0.061062973
12149,0.06268575
12150,0.050560266
12151,0.06312171
12152,0.06545899
12153,0.061850782
12154,0.06565954
12155,0.06656192
12156,0.6276219
12157,0.059981827
12158,0.060781352
12159,0.06311457
12160,0.06521593
12161,0.07317536
12162,0.06558346
12163,0.056559406
12164,0.06286834
12165,0.27421093
12166,0.065577105
12167,0.06032095
12168,0.055859696
12169,0.616348
12170,0.06553446
12171,0.059981827
12172,0.26903352
12173,0.061550375
12174,0.066291675
12175,0.27479705
12176,0.062903844
12177,0.06191303
12178,0.057681747
12179,0.061346292
12180,0.061850794
12181,0.060028564
12182,0.06540049
12183,0.06619162
12184,0.06616187
12185,0.062214196
12186,0.06583727
12187,0.06310976
12188,0.061209053
12189,0.0643486
12190,0.0651532
12191,0.061283085
12192,0.061550375
12193,0.06752659
12194,0.070530765
12195,0.06549716
12196,0.055731393
12197,0.06353863
12198,0.30928254
12199,0.059981827
12200,0.06311457
12201,0.06424738
12202,0.06431451
12203,0.58621716
12204,0.0646048
12205,0.06144953
12206,0.6117847
12207,0.27810958
12208,0.062719434
12209,0.070530765
12210,0.062767126
12211,0.2706841
12212,0.27067307
12213,0.062174343
12214,0.06628851
12215,0.2666972
12216,0.26937684
12217,0.06280351
12218,0.06508426
12219,0.5947658
12220,0.06314423
12221,0.06498134
12222,0.074750826
12223,0.050560266
12224,0.2727094
12225,0.57426697
12226,0.0639604
12227,0.06722591
12228,0.5815052
12229,0.06735853
12230,0.06583849
12231,0.2637934
12232,0.07245715
12233,0.06306287
12234,0.062125314
12235,0.06511504
12236,0.061938222
12237,0.06053627
12238,0.5473477
12239,0.06782918
12240,0.06372046
12241,0.26900348
12242,0.06424738
12243,0.27810958
12244,0.56121194
12245,0.28382504
12246,0.061707366
12247,0.29601696
12248,0.06535339
12249,0.27541572
12250,0.5688966
12251,0.61265236
12252,0.27645317
12253,0.065577105
12254,0.27531263
12255,0.019131098
12256,0.062264476
12257,0.061348483
12258,0.06220074
12259,0.06500732
12260,0.056122843
12261,0.065765716
12262,0.06480598
12263,0.06367716
12264,0.05935941
12265,0.072402366
12266,0.06607709
12267,0.27173606
12268,0.2803544
12269,0.062037516
12270,0.06336558
12271,0.062126115
12272,0.06404508
12273,0.59212035
12274,0.6277208
12275,0.5816419
12276,0.06616187
12277,0.061842065
12278,0.06329691
12279,0.6288585
12280,0.06468681
12281,0.06435584
12282,0.073860645
12283,0.071172304
12284,0.06564956
12285,0.06280067
12286,0.06754599
12287,0.5334209
12288,0.060216483
12289,0.065365486
12290,0.06696919
12291,0.06558346
12292,0.06149838
12293,0.062174343
12294,0.28077564
12295,0.27334014
12296,0.05823074
12297,0.27284515
12298,0.06552679
12299,0.06516173
12300,0.63768107
12301,0.6169807
12302,0.5467216
12303,0.06498134
12304,0.066741765
12305,0.06553349
12306,0.59393835
12307,0.06616187
12308,0.66823083
12309,0.06362154
12310,0.058586657
12311,0.06181512
12312,0.06040027
12313,0.06118003
12314,0.0639604
12315,0.06546613
12316,0.7093476
12317,0.5339287
12318,0.27127236
12319,0.28654835
12320,0.061803553
12321,0.06634222
12322,0.061901465
12323,0.06537888
12324,0.068713516
12325,0.06322554
12326,0.062719434
12327,0.07137765
12328,0.07137765
12329,0.062767126
12330,0.07152064
12331,0.5831007
12332,0.7067161
12333,0.6470356
12334,0.067044795
12335,0.06375202
12336,0.5476423
12337,0.07185402
12338,0.28382504
12339,0.058191914
12340,0.05654904
12341,0.06597535
12342,0.058841597
12343,0.058912337
12344,0.06586557
12345,0.56888187
12346,0.6082655
12347,0.06536511
12348,0.063496776
12349,0.065113135
12350,0.06184772
12351,0.06479438
12352,0.6096737
12353,0.061901465
12354,0.061807804
12355,0.06317415
12356,0.06500588
12357,0.06040027
12358,0.061116874
12359,0.060542457
12360,0.6202721
12361,0.2696027
12362,0.2706841
12363,0.06183207
12364,0.06048082
12365,0.06583727
12366,0.26755908
12367,0.064939
12368,0.06343577
12369,0.06628851
12370,0.064397454
12371,0.07245715
12372,0.061209053
12373,0.63295573
12374,0.7250281
12375,0.5509835
12376,0.2671576
12377,0.065873824
12378,0.27182284
12379,0.28939697
12380,0.7092226
12381,0.062557004
12382,0.06379026
12383,0.06583727
12384,0.12602419
12385,0.06413031
12386,0.06840116
12387,0.2702737
12388,0.2696027
12389,0.2702737
12390,0.26906076
12391,0.65828556
12392,0.28337786
12393,0.06353863
12394,0.27312267
12395,0.27067307
12396,0.07057052
12397,0.0691507
12398,0.06703945
12399,0.064427085
12400,0.06616187
12401,0.05942896
12402,0.2555617
12403,0.5698557
12404,0.26903352
12405,0.5872007
12406,0.27284515
12407,0.05835444
12408,0.057755876
12409,0.81865984
12410,0.060490217
12411,0.05953139
12412,0.066590264
12413,0.06775545
12414,0.66184574
12415,0.27617392
12416,0.06874849
12417,0.4890502
12418,0.58063596
12419,0.061268587
12420,0.06376904
12421,0.06432879
12422,0.062397696
12423,0.058191914
12424,0.066422485
12425,0.07126071
12426,0.061701722
12427,0.055731393
12428,0.061193187
12429,0.056122843
12430,0.62049884
12431,0.5836675
12432,0.58183444
12433,0.59934634
12434,0.60263485
12435,0.061901465
12436,0.06272932
12437,0.06416023
12438,0.06089785
12439,0.061899927
12440,0.06560443
12441,0.071340024
12442,0.064974375
12443,0.06500732
12444,0.06740036
12445,0.05727996
12446,0.06556759
12447,0.05757899
12448,0.062780716
12449,0.07206274
12450,0.06535339
12451,0.07137765
12452,0.070530765
12453,0.06672272
12454,0.066741765
12455,0.06537888
12456,0.06109559
12457,0.2748272
12458,0.27352744
12459,0.6290579
12460,0.5265991
12461,0.5838781
12462,0.5896569
12463,0.06252264
12464,0.058841597
12465,0.07126071
12466,0.06220074
12467,0.06507727
12468,0.07219758
12469,0.06147545
12470,0.5438489
12471,0.068946615
12472,0.06194375
12473,0.060592208
12474,0.06755362
12475,0.07085336
12476,0.062037516
12477,0.060940646
12478,0.06448966
12479,0.061788272
12480,0.057472542
12481,0.06546144
12482,0.07644758
12483,0.06672272
12484,0.62797743
12485,0.4904404
12486,0.052234124
12487,0.49514863
12488,0.63059425
12489,0.61531836
12490,0.06032095
12491,0.06340155
12492,0.06530912
12493,0.06726535
12494,0.06712446
12495,0.074264996
12496,0.06189071
12497,0.06993428
12498,0.06467815
12499,0.6530772
12500,0.26536813
12501,0.58698136
12502,0.06479647
12503,0.059642535
12504,0.06525977
12505,0.062397696
12506,0.06754599
12507,0.064805105
12508,0.09698959
12509,0.06435584
12510,0.06490824
12511,0.07206274
12512,0.69281507
12513,0.36228228
12514,0.5438489
12515,0.5250473
12516,0.49964404
12517,0.27663025
12518,0.06631299
12519,0.06348206
12520,0.061100744
12521,0.06424615
12522,0.065577105
12523,0.06262448
12524,0.067902565
12525,0.065949194
12526,0.06722591
12527,0.5263951
12528,0.06516758
12529,0.06355534
12530,0.6105285
12531,0.06897169
12532,0.066456124
12533,0.065211155
12534,0.060618076
12535,0.057277452
12536,0.06427486
12537,0.05727996
12538,0.2887121
12539,0.27167213
12540,0.061348483
12541,0.06208959
12542,0.055126913
12543,0.06322554
12544,0.0626607
12545,0.058202457
12546,0.064627305
12547,0.06372046
12548,0.06262735
12549,0.06944318
12550,0.055119913
12551,0.2748272
12552,0.05885934
12553,0.0670167
12554,0.0643486
12555,0.06777593
12556,0.058841597
12557,0.062056553
12558,0.068792045
12559,0.06208959
12560,0.065661564
12561,0.26117995
12562,0.60610753
12563,0.6424586
12564,0.068946615
12565,0.0691507
12566,0.06597535
12567,0.058454037
12568,0.060781352
12569,0.0651532
12570,0.065862276
12571,0.062387094
12572,0.06181512
12573,0.07460563
12574,0.060592208
12575,0.05757899
12576,0.06265557
12577,0.58516425
12578,0.060901653
12579,0.060218617
12580,0.061184973
12581,0.0638398
12582,0.06336558
12583,0.8009711
12584,0.05727996
12585,0.061346292
12586,0.06555588
12587,0.060303103
12588,0.061850794
12589,0.05941823
12590,0.06496329
12591,0.06616187
12592,0.066488214
12593,0.06560443
12594,0.06536406
12595,0.06649283
12596,0.059897643
12597,0.071340024
12598,0.0633328
12599,0.05973883
12600,0.060059827
12601,0.06606479
12602,0.061901465
12603,0.06448966
12604,0.062579975
12605,0.6276219
12606,0.06822836
12607,0.062543124
12608,0.061527565
12609,0.0641409
12610,0.053813893
12611,0.065094545
12612,0.056969896
12613,0.06515539
12614,0.2683764
12615,0.055119913
12616,0.06604609
12617,0.06555588
12618,0.06582431
12619,0.074534416
12620,0.06696154
12621,0.2752933
12622,0.061244767
12623,0.061442155
12624,0.06537888
12625,0.061850782
12626,0.06086057
12627,0.0674481
12628,0.061100744
12629,0.6089864
12630,0.5739317
12631,0.062397696
12632,0.073446766
12633,0.0585247
12634,0.05866504
12635,0.06191303
12636,0.2682231
12637,0.06668581
12638,0.060189128
12639,0.63713205
12640,0.06540064
12641,0.062557004
12642,0.105951
12643,0.06301221
12644,0.06478574
12645,0.06556719
12646,0.059967812
12647,0.5766428
12648,0.067902565
12649,0.05885934
12650,0.056559406
12651,0.060280062
12652,0.06419934
12653,0.066741765
12654,0.063306555
12655,0.062387094
12656,0.06372046
12657,0.061214533
12658,0.06414486
12659,0.06360734
12660,0.054447453
12661,0.060290568
12662,0.061348483
12663,0.06505076
12664,0.067136936
12665,0.05828977
12666,0.066677526
12667,0.06693735
12668,0.057755876
12669,0.071172304
12670,0.062102586
12671,0.06515539
12672,0.60892546
12673,0.06956802
12674,0.06476064
12675,0.071363285
12676,0.06722591
12677,0.07126071
12678,0.059967812
12679,0.06777593
12680,0.066677526
12681,0.27617392
12682,0.06556719
12683,0.066422485
12684,0.056122843
12685,0.05935941
12686,0.06386991
12687,0.06479438
12688,0.06480598
12689,0.060303103
12690,0.06486996
12691,0.058912337
12692,0.058586657
12693,0.6030892
12694,0.070530765
12695,0.06583727
12696,0.062186576
12697,0.06310864
12698,0.06536511
12699,0.062595025
12700,0.061999507
12701,0.06548125
12702,0.071172304
12703,0.06622321
12704,0.0650009
12705,0.26931223
12706,0.062980525
12707,0.05411542
12708,0.065365486
12709,0.06476064
12710,0.06606498
12711,0.064164214
12712,0.28189304
12713,0.2887121
12714,0.06311457
12715,0.063975506
12716,0.06220074
12717,0.06107217
12718,0.05999524
12719,0.062125314
12720,0.06645454
12721,0.065873824
12722,0.052638862
12723,0.0585247
12724,0.052173004
12725,0.07290222
12726,0.06782918
12727,0.061160095
12728,0.06476064
12729,0.06340155
12730,0.06486996
12731,0.07288059
12732,0.06553446
12733,0.06622321
12734,0.06253792
12735,0.06531968
12736,0.064424954
12737,0.060838785
12738,0.06504365
12739,0.062767126
12740,0.066497184
12741,0.06606498
12742,0.060464494
12743,0.061850782
12744,0.05898415
12745,0.06149838
12746,0.065211155
12747,0.06956802
12748,0.056559406
12749,0.061160095
12750,0.060059827
12751,0.06740036
12752,0.06032711
12753,0.06105127
12754,0.056559406
12755,0.05833751
12756,0.066741765
12757,0.06515539
12758,0.07288059
12759,0.0633328
12760,0.06336558
12761,0.074264996
12762,0.06467993
12763,0.06553349
12764,0.06536406
12765,0.07180394
12766,0.062125314
12767,0.06555588
12768,0.060280062
12769,0.058887962
12770,0.060280062
12771,0.093071856
12772,0.06616187
12773,0.06435772
12774,0.061672885
12775,0.06156505
12776,0.06437576
12777,0.0653894
12778,0.06468132
12779,0.060078092
12780,0.07185402
12781,0.0619207
12782,0.061133426
12783,0.06479647
12784,0.061491963
12785,0.06696154
12786,0.06468681
12787,0.073860645
12788,0.065211155
12789,0.0635282
12790,0.06525977
12791,0.060940646
12792,0.06859828
12793,0.060618076
12794,0.06424738
12795,0.06194375
12796,0.0643486
12797,0.06389539
12798,0.07317536
12799,0.062589906
12800,0.06259288
12801,0.06331878
12802,0.062318157
12803,0.06628851
12804,0.062944196
12805,0.061899927
12806,0.060838785
12807,0.06053627
12808,0.06424615
12809,0.0674481
12810,0.06287427
12811,0.067168474
12812,0.062314127
12813,0.064427085
12814,0.059541367
12815,0.06284764
12816,0.068027
12817,0.065059744
12818,0.06077847
12819,0.07089817
12820,0.05970479
12821,0.058383465
12822,0.06390075
12823,0.06663169
12824,0.06764267
12825,0.06542384
12826,0.06371933
12827,0.06263525
12828,0.06542384
12829,0.075677015
12830,0.6215247
12831,0.63453203
12832,0.054345265
12833,0.068400465
12834,0.2743549
12835,0.068220854
12836,0.60480714
12837,0.06677424
12838,0.06811514
12839,0.064096674
12840,0.06363849
12841,0.06429833
12842,0.055413473
12843,0.62120795
12844,0.06435771
12845,0.062239196
12846,0.26525337
12847,0.06499025
12848,0.05798265
12849,0.0600719
12850,0.07066759
12851,0.06436837
12852,0.057016224
12853,0.06261377
12854,0.06585703
12855,0.06903572
12856,0.56794524
12857,0.6214908
12858,0.064413175
12859,0.06772837
12860,0.26483783
12861,0.06398442
12862,0.061624702
12863,0.07134156
12864,0.059419557
12865,0.06573329
12866,0.060580842
12867,0.5998129
12868,0.06461771
12869,0.27997303
12870,0.5401447
12871,0.06399714
12872,0.6276534
12873,0.06729943
12874,0.060562845
12875,0.2775306
12876,0.05916925
12877,0.061056092
12878,0.06382203
12879,0.054665722
12880,0.071981795
12881,0.058017343
12882,0.06463839
12883,0.061302837
12884,0.055410843
12885,0.06168508
12886,0.060000006
12887,0.2773607
12888,0.069334276
12889,0.063499145
12890,0.06514399
12891,0.06459576
12892,0.06306746
12893,0.064413175
12894,0.065104626
12895,0.06412335
12896,0.06777846
12897,0.06544616
12898,0.06472569
12899,0.069672935
12900,0.28076357
12901,0.070222236
12902,0.05995766
12903,0.06359843
12904,0.06765885
12905,0.06547551
12906,0.8100318
12907,0.06371933
12908,0.0600719
12909,0.59478956
12910,0.6396729
12911,0.06992101
12912,0.05335223
12913,0.06893033
12914,0.055278767
12915,0.06564726
12916,0.054384645
12917,0.06306516
12918,0.063100636
12919,0.06696203
12920,0.079836786
12921,0.06176198
12922,0.06119038
12923,0.26837966
12924,0.62909895
12925,0.05964268
12926,0.05589074
12927,0.06606899
12928,0.07561959
12929,0.06696203
12930,0.072512165
12931,0.2860645
12932,0.06606899
12933,0.062056445
12934,0.06179079
12935,0.060442623
12936,0.06179079
12937,0.06104561
12938,0.56265754
12939,0.06423633
12940,0.06111598
12941,0.06429833
12942,0.064479105
12943,0.06296559
12944,0.065048374
12945,0.060404025
12946,0.064096674
12947,0.061349694
12948,0.058779065
12949,0.06665175
12950,0.064699195
12951,0.05930396
12952,0.06637589
12953,0.06599869
12954,0.061209045
12955,0.06599156
12956,0.062608965
12957,0.061624702
12958,0.06777846
12959,0.27428246
12960,0.061792836
12961,0.06699208
12962,0.06717397
12963,0.062214416
12964,0.06638029
12965,0.067298904
12966,0.0613262
12967,0.062874645
12968,0.059477203
12969,0.05199399
12970,0.26492766
12971,0.063035265
12972,0.057016224
12973,0.061349694
12974,0.06777101
12975,0.056752738
12976,0.063896395
12977,0.06785788
12978,0.06432523
12979,0.059814237
12980,0.058050327
12981,0.057834253
12982,0.05756652
12983,0.05661989
12984,0.06688243
12985,0.06460904
12986,0.2745854
12987,0.27735764
12988,0.27846023
12989,0.06573329
12990,0.059784442
12991,0.059942484
12992,0.06382996
12993,0.060656752
12994,0.06761265
12995,0.07371081
12996,0.072704874
12997,0.78735006
12998,0.08229403
12999,0.05694761
13000,0.056752738
13001,0.05930396
13002,0.06761265
13003,0.06694537
13004,0.06540107
13005,0.06455804
13006,0.06368644
13007,0.06577469
13008,0.06268372
13009,0.06665175
13010,0.07325093
13011,0.06425435
13012,0.06573008
13013,0.2830031
13014,0.5625572
13015,0.062931
13016,0.060311142
13017,0.061412152
13018,0.06138962
13019,0.061302837
13020,0.06641709
13021,0.05981822
13022,0.06183722
13023,0.05335223
13024,0.061067652
13025,0.06818187
13026,0.06576522
13027,0.061863665
13028,0.06688243
13029,0.083827846
13030,0.06472569
13031,0.062056445
13032,0.0685378
13033,0.066939525
13034,0.06334156
13035,0.061394423
13036,0.06354338
13037,0.064096674
13038,0.054665722
13039,0.062070534
13040,0.06505456
13041,0.06282696
13042,0.063499145
13043,0.061990645
13044,0.06014031
13045,0.2860645
13046,0.2599013
13047,0.06864501
13048,0.06396519
13049,0.055061173
13050,0.06668919
13051,0.06768305
13052,0.06382996
13053,0.07296271
13054,0.06382996
13055,0.06447455
13056,0.06164311
13057,0.0801897
13058,0.059814237
13059,0.07053837
13060,0.064699195
13061,0.060575653
13062,0.062515415
13063,0.0627203
13064,0.059859954
13065,0.06644642
13066,0.06738077
13067,0.06334156
13068,0.067181915
13069,0.2875223
13070,0.27801326
13071,0.055061173
13072,0.05757681
13073,0.057459068
13074,0.061913874
13075,0.06587296
13076,0.06508318
13077,0.059882678
13078,0.053137265
13079,0.06429833
13080,0.6354371
13081,0.05997043
13082,0.06641709
13083,0.06769454
13084,0.06578341
13085,0.06472569
13086,0.06492945
13087,0.05971502
13088,0.068393566
13089,0.06499025
13090,0.07103421
13091,0.057773918
13092,0.07124385
13093,0.05970479
13094,0.5935321
13095,0.05633224
13096,0.05335223
13097,0.27288532
13098,0.06306516
13099,0.25933713
13100,0.06435771
13101,0.065316916
13102,0.05756652
13103,0.064478874
13104,0.062356144
13105,0.066357575
13106,0.06717682
13107,0.06503213
13108,0.066357575
13109,0.06363849
13110,0.064478874
13111,0.056834057
13112,0.06459576
13113,0.06841568
13114,0.056834057
13115,0.065735854
13116,0.06729532
13117,0.064699195
13118,0.06738077
13119,0.058779065
13120,0.06268576
13121,0.07067359
13122,0.2755064
13123,0.054467794
13124,0.06547551
13125,0.073677085
13126,0.066091135
13127,0.060200654
13128,0.72929484
13129,0.05816783
13130,0.055278767
13131,0.5873766
13132,0.07357833
13133,0.07023102
13134,0.061412152
13135,0.07113429
13136,0.2716718
13137,0.27524543
13138,0.062088575
13139,0.06472569
13140,0.05738177
13141,0.06378929
13142,0.061208617
13143,0.064413175
13144,0.62270385
13145,0.063896395
13146,0.06433938
13147,0.06732373
13148,0.059541367
13149,0.07357833
13150,0.31188586
13151,0.5558139
13152,0.059178222
13153,0.06785788
13154,0.6435112
13155,0.06774561
13156,0.062340714
13157,0.26977992
13158,0.0661047
13159,0.062411223
13160,0.06544616
13161,0.06268576
13162,0.068220854
13163,0.06395598
13164,0.71024835
13165,0.067181915
13166,0.059565015
13167,0.2775306
13168,0.079836786
13169,0.27871975
13170,0.5985338
13171,0.64354134
13172,0.28226095
13173,0.065316916
13174,0.055356458
13175,0.6421535
13176,0.6760161
13177,0.5159758
13178,0.054011755
13179,0.26949355
13180,0.059419557
13181,0.06398397
13182,0.065351345
13183,0.06411456
13184,0.06461771
13185,0.06453291
13186,0.06332494
13187,0.06885762
13188,0.06344688
13189,0.07143669
13190,0.06773913
13191,0.26520228
13192,0.10722295
13193,0.06912126
13194,0.06635539
13195,0.27871102
13196,0.06357092
13197,0.61604923
13198,0.6263387
13199,0.7381341
13200,0.05980577
13201,0.07113429
13202,0.06359843
13203,0.064524665
13204,0.5784199
13205,0.079836786
13206,0.06772963
13207,0.07490771
13208,0.06635539
13209,0.062375028
13210,0.064179614
13211,0.061977476
13212,0.6057774
13213,0.05756652
13214,0.056671727
13215,0.069672935
13216,0.064096674
13217,0.061624702
13218,0.06635539
13219,0.27252513
13220,0.6816361
13221,0.063221715
13222,0.28005886
13223,0.061208617
13224,0.06512626
13225,0.701405
13226,0.581779
13227,0.61567736
13228,0.06399714
13229,0.0613262
13230,0.06521749
13231,0.068597004
13232,0.61388814
13233,0.06075328
13234,0.27288532
13235,0.05199399
13236,0.061281707
13237,0.06772963
13238,0.063221715
13239,0.064187415
13240,0.0654517
13241,0.06472395
13242,0.5782549
13243,0.27524543
13244,0.27744648
13245,0.06252581
13246,0.063528545
13247,0.06072529
13248,0.0729725
13249,0.061056092
13250,0.0801897
13251,0.062406942
13252,0.064524665
13253,0.07495047
13254,0.059534267
13255,0.055565383
13256,0.07089817
13257,0.61067903
13258,0.532159
13259,0.6265518
13260,0.050428078
13261,0.06237175
13262,0.27559415
13263,0.26525337
13264,0.05981822
13265,0.06893033
13266,0.060787514
13267,0.06313756
13268,0.06841568
13269,0.06183722
13270,0.5942022
13271,0.60833335
13272,0.064096674
13273,0.06593151
13274,0.060010448
13275,0.06420765
13276,0.0638993
13277,0.6273734
13278,0.0667131
13279,0.06764267
13280,0.070240244
13281,0.064693406
13282,0.061892875
13283,0.066157065
13284,0.060656752
13285,0.6052744
13286,0.6771139
13287,0.29650223
13288,0.06721301
13289,0.081187576
13290,0.061893698
13291,0.2583633
13292,0.061349694
13293,0.06694537
13294,0.056382142
13295,0.06450425
13296,0.06472395
13297,0.061341573
13298,0.05694761
13299,0.28591096
13300,0.57291067
13301,0.27269942
13302,0.26742643
13303,0.069147974
13304,0.059749953
13305,0.06054294
13306,0.61835665
13307,0.060575653
13308,0.06795135
13309,0.06638029
13310,0.061624702
13311,0.060678147
13312,0.061014093
13313,0.26959124
13314,0.28587118
13315,0.29688382
13316,0.26520228
13317,0.6087059
13318,0.27871102
13319,0.066704385
13320,0.27750602
13321,0.277932
13322,0.061931986
13323,0.06472569
13324,0.06352475
13325,0.075677015
13326,0.061863665
13327,0.06181294
13328,0.0648347
13329,0.2768351
13330,0.6280425
13331,0.26790512
13332,0.63952976
13333,0.2784752
13334,0.059541367
13335,0.26643813
13336,0.27428246
13337,0.060404025
13338,0.06732373
13339,0.062528774
13340,0.27997303
13341,0.063215375
13342,0.5578498
13343,0.2692806
13344,0.060678147
13345,0.6250249
13346,0.58667886
13347,0.06729532
13348,0.06488641
13349,0.06305213
13350,0.06453968
13351,0.0648347
13352,0.06038274
13353,0.0648347
13354,0.053137265
13355,0.063215375
13356,0.063100636
13357,0.061353073
13358,0.06332494
13359,0.59939885
13360,0.6052744
13361,0.61462873
13362,0.6294928
13363,0.5831781
13364,0.059814237
13365,0.062412474
13366,0.06070634
13367,0.06585703
13368,0.06412335
13369,0.0613262
13370,0.065104626
13371,0.060442623
13372,0.06273901
13373,0.06227936
13374,0.0658127
13375,0.06778677
13376,0.059933662
13377,0.060892984
13378,0.06732373
13379,0.06696203
13380,0.0729725
13381,0.05959499
13382,0.0603271
13383,0.054601416
13384,0.06408807
13385,0.063730896
13386,0.2944087
13387,0.2830031
13388,0.50400686
13389,0.63992
13390,0.65860295
13391,0.6151895
13392,0.06836685
13393,0.06412335
13394,0.062412474
13395,0.055278767
13396,0.06932151
13397,0.062056445
13398,0.061118845
13399,0.6167453
13400,0.06072529
13401,0.059837617
13402,0.05738177
13403,0.06077656
13404,0.27682957
13405,0.062608965
13406,0.06368644
13407,0.06778677
13408,0.05694761
13409,0.06402853
13410,0.06732373
13411,0.06738077
13412,0.060580842
13413,0.52681214
13414,0.5935321
13415,0.065048374
13416,0.7255784
13417,0.87973434
13418,0.6225268
13419,0.25559354
13420,0.051379286
13421,0.06102497
13422,0.06390075
13423,0.06841568
13424,0.05973899
13425,0.06111598
13426,0.06464639
13427,0.5835796
13428,0.26949355
13429,0.64415383
13430,0.0672113
13431,0.06729943
13432,0.060381792
13433,0.064187914
13434,0.05906439
13435,0.0652637
13436,0.06505456
13437,0.06739323
13438,0.061117835
13439,0.06717682
13440,0.6195108
13441,0.6294928
13442,0.5665152
13443,0.6084264
13444,0.26570454
13445,0.27622998
13446,0.061563496
13447,0.054601416
13448,0.06040073
13449,0.06077847
13450,0.07067359
13451,0.06333987
13452,0.060442623
13453,0.06576522
13454,0.2743549
13455,0.058425874
13456,0.062485237
13457,0.060782347
13458,0.29595253
13459,0.061302837
13460,0.05495667
13461,0.06453291
13462,0.27082998
13463,0.064479105
13464,0.06732373
13465,0.06264898
13466,0.07276359
13467,0.07134156
13468,0.06864501
13469,0.06765885
13470,0.06168508
13471,0.06599869
13472,0.075725675
13473,0.06443955
13474,0.061915938
13475,0.06432523
13476,0.06499406
13477,0.66306967
13478,0.058779065
13479,0.062490188
13480,0.057834253
13481,0.060524028
13482,0.056382142
13483,0.07244088
13484,0.06421201
13485,0.06641709
13486,0.060147405
13487,0.05997043
13488,0.064479105
13489,0.6392416
13490,0.6545005
13491,0.07049315
13492,0.06974714
13493,0.064204045
13494,0.06072529
13495,0.05981822
13496,0.06542384
13497,0.07490771
13498,0.06256822
13499,0.064692
13500,0.058779065
13501,0.06634105
13502,0.06263525
13503,0.062946625
13504,0.06769454
13505,0.06077656
13506,0.5998129
13507,0.061281707
13508,0.06521708
13509,0.063605614
13510,0.06696203
13511,0.06282877
13512,0.63551235
13513,0.06738453
13514,0.062412474
13515,0.058425874
13516,0.06772963
13517,0.057556797
13518,0.06014031
13519,0.06355892
13520,0.06564726
13521,0.061389085
13522,0.06196296
13523,0.053137265
13524,0.066939525
13525,0.06816085
13526,0.06729943
13527,0.060147405
13528,0.06477903
13529,0.068690404
13530,0.06375987
13531,0.061118845
13532,0.057075337
13533,0.6339777
13534,0.059178222
13535,0.06484185
13536,0.06390075
13537,0.06432862
13538,0.062375028
13539,0.06750834
13540,0.06530942
13541,0.06512626
13542,0.059539467
13543,0.06738077
13544,0.07325093
13545,0.13684078
13546,0.0661954
13547,0.06841568
13548,0.2798754
13549,0.060580842
13550,0.07113429
13551,0.06014031
13552,0.062088575
13553,0.059933662
13554,0.06778677
13555,0.63279796
13556,0.62451786
13557,0.050428078
13558,0.06181294
13559,0.05478287
13560,0.059837617
13561,0.06046528
13562,0.064693406
13563,0.2862302
13564,0.05668206
13565,0.06476089
13566,0.73517025
13567,0.062340714
13568,0.061494555
13569,0.06537433
13570,0.062931
13571,0.06992101
13572,0.06483515
13573,0.062412474
13574,0.06587296
13575,0.5461108
13576,0.07113429
13577,0.25559354
13578,0.06646592
13579,0.05738177
13580,0.067246236
13581,0.06177628
13582,0.06252955
13583,0.06289862
13584,0.061494555
13585,0.06253471
13586,0.06644642
13587,0.054770317
13588,0.060442623
13589,0.062411223
13590,0.064187914
13591,0.062931
13592,0.07093684
13593,0.061353073
13594,0.058779065
13595,0.06811514
13596,0.06316202
13597,0.06171374
13598,0.057556797
13599,0.6501517
13600,0.06313756
13601,0.28721377
13602,0.07542282
13603,0.06512626
13604,0.06469457
13605,0.59315675
13606,0.062769234
13607,0.06492945
13608,0.057338405
13609,0.06573329
13610,0.06332494
13611,0.062420525
13612,0.063711844
13613,0.063711844
13614,0.059807993
13615,0.063896395
13616,0.0638993
13617,0.52681214
13618,0.071981795
13619,0.07009139
13620,0.0613262
13621,0.062256187
13622,0.05906439
13623,0.065292425
13624,0.06785788
13625,0.06289862
13626,0.072512165
13627,0.064913735
13628,0.057735454
13629,0.06505142
13630,0.055410843
13631,0.06450425
13632,0.07125061
13633,0.062070534
13634,0.062769234
13635,0.0672113
13636,0.054011755
13637,0.28166282
13638,0.28351513
13639,0.06777101
13640,0.06675279
13641,0.057238054
13642,0.06593151
13643,0.06912126
13644,0.062214416
13645,0.0668865
13646,0.060502417
13647,0.06585703
13648,0.0653255
13649,0.059942484
13650,0.05495667
13651,0.058537763
13652,0.07010093
13653,0.061624702
13654,0.26520228
13655,0.06282696
13656,0.26959124
13657,0.057996064
13658,0.055982385
13659,0.063528545
13660,0.069334276
13661,0.058383465
13662,0.059169404
13663,0.06282696
13664,0.06313756
13665,0.067298904
13666,0.061349694
13667,0.063221715
13668,0.06389614
13669,0.06893033
13670,0.06316349
13671,0.06573329
13672,0.060404025
13673,0.06579794
13674,0.09440338
13675,0.050428078
13676,0.06427919
13677,0.07013634
13678,0.059917565
13679,0.062406942
13680,0.065351345
13681,0.06680162
13682,0.06484185
13683,0.06570227
13684,0.052535478
13685,0.06885952
13686,0.06038274
13687,0.059539467
13688,0.0661954
13689,0.06932151
13690,0.063730896
13691,0.061494555
13692,0.063215375
13693,0.067298904
13694,0.06453291
13695,0.06382203
13696,0.062469546
13697,0.063035265
13698,0.05919464
13699,0.060678147
13700,0.059917565
13701,0.06371933
13702,0.06646592
13703,0.057742476
13704,0.059749953
13705,0.06463839
13706,0.06393768
13707,0.06696203
13708,0.057742476
13709,0.06306746
13710,0.061921027
13711,0.06172236
13712,0.06306516
13713,0.06420765
13714,0.06643669
13715,0.05730548
13716,0.06324895
13717,0.0667131
13718,0.06156198
13719,0.06492945
13720,0.05981822
13721,0.058104664
13722,0.062490188
13723,0.06890266
13724,0.06665175
13725,0.06313756
13726,0.06778677
13727,0.064478874
13728,0.065292425
13729,0.06643669
13730,0.06252581
13731,0.06579794
13732,0.063560575
13733,0.065301925
13734,0.057588853
13735,0.064673856
13736,0.058185805
13737,0.071833394
13738,0.05717492
13739,0.05990908
13740,0.059834734
13741,0.06255495
13742,0.06225678
13743,0.06613781
13744,0.063155055
13745,0.06392802
13746,0.06422936
13747,0.060128696
13748,0.063155055
13749,0.06997925
13750,0.06377524
13751,0.6267353
13752,0.062062033
13753,0.057857152
13754,0.2690762
13755,0.06651343
13756,0.06366965
13757,0.055383366
13758,0.059792474
13759,0.05952913
13760,0.059640903
13761,0.062062033
13762,0.06682462
13763,0.65147936
13764,0.063232884
13765,0.072364636
13766,0.27594304
13767,0.058698136
13768,0.06560042
13769,0.062845096
13770,0.070007175
13771,0.056296557
13772,0.05724817
13773,0.06821149
13774,0.07285883
13775,0.06366965
13776,0.061955526
13777,0.5566432
13778,0.7585569
13779,0.061685283
13780,0.062721185
13781,0.26798055
13782,0.06651343
13783,0.07195128
13784,0.060865536
13785,0.05984394
13786,0.05932931
13787,0.68547976
13788,0.06575815
13789,0.6148372
13790,0.46522152
13791,0.074232
13792,0.5614818
13793,0.06764118
13794,0.2646258
13795,0.0626813
13796,0.067084774
13797,0.06317843
13798,0.06930441
13799,0.06997925
13800,0.06264453
13801,0.063314684
13802,0.07654745
13803,0.08892868
13804,0.056998618
13805,0.2791653
13806,0.06922784
13807,0.067084774
13808,0.06298055
13809,0.060092542
13810,0.054855034
13811,0.06266148
13812,0.06191586
13813,0.06483581
13814,0.05707648
13815,0.06353883
13816,0.06169598
13817,0.07556462
13818,0.28640887
13819,0.056681067
13820,0.062845096
13821,0.055921294
13822,0.5757729
13823,0.06091896
13824,0.063351214
13825,0.28223985
13826,0.27290094
13827,0.061994277
13828,0.05901733
13829,0.06513489
13830,0.059075814
13831,0.063155055
13832,0.057857152
13833,0.06028431
13834,0.06392802
13835,0.063253656
13836,0.060441576
13837,0.06856937
13838,0.05959487
13839,0.6133478
13840,0.06269897
13841,0.064425364
13842,0.059249673
13843,0.058760047
13844,0.060441576
13845,0.061716307
13846,0.061679766
13847,0.06461046
13848,0.5450487
13849,0.063111864
13850,0.07047985
13851,0.059588134
13852,0.061802465
13853,0.54766655
13854,0.05995722
13855,0.05894881
13856,0.060151614
13857,0.065530136
13858,0.059834734
13859,0.06337138
13860,0.0696018
13861,0.061462313
13862,0.06206273
13863,0.06358521
13864,0.07195636
13865,0.05970205
13866,0.06264453
13867,0.085113056
13868,0.05801012
13869,0.059245236
13870,0.06032801
13871,0.06993975
13872,0.060766883
13873,0.06169202
13874,0.06348399
13875,0.26860663
13876,0.058312334
13877,0.06823516
13878,0.058624055
13879,0.054855034
13880,0.059449602
13881,0.061223492
13882,0.06533781
13883,0.06363141
13884,0.07195636
13885,0.0671942
13886,0.27693692
13887,0.27545902
13888,0.065530136
13889,0.060630035
13890,0.0652542
13891,0.06979025
13892,0.06473303
13893,0.05967411
13894,0.061828155
13895,0.06461046
13896,0.06968086
13897,0.065658405
13898,0.065046
13899,0.05932931
13900,0.0668465
13901,0.06157219
13902,0.06647188
13903,0.2811409
13904,0.264351
13905,0.26471925
13906,0.07131914
13907,0.06149319
13908,0.06410996
13909,0.06513489
13910,0.07120069
13911,0.063795805
13912,0.059455343
13913,0.06091896
13914,0.6621516
13915,0.061828155
13916,0.06259638
13917,0.058867518
13918,0.059265707
13919,0.065530136
13920,0.059181787
13921,0.065658405
13922,0.06821149
13923,0.068872616
13924,0.06789775
13925,0.053660568
13926,0.05825534
13927,0.07191531
13928,0.062062033
13929,0.059957284
13930,0.057746448
13931,0.28484008
13932,0.58185107
13933,0.06269897
13934,0.064563096
13935,0.0605371
13936,0.06227418
13937,0.06152615
13938,0.059559006
13939,0.062744
13940,0.063790925
13941,0.06401721
13942,0.059836954
13943,0.06432762
13944,0.060870048
13945,0.08645178
13946,0.060506523
13947,0.06478932
13948,0.064425364
13949,0.06317946
13950,0.065530136
13951,0.0605371
13952,0.07134741
13953,0.063663885
13954,0.060887408
13955,0.06189112
13956,0.06600595
13957,0.071538635
13958,0.06447345
13959,0.07183784
13960,0.056998685
13961,0.27656814
13962,0.27564073
13963,0.0651616
13964,0.06533781
13965,0.066241845
13966,0.05265962
13967,0.05809461
13968,0.061822407
13969,0.070858315
13970,0.062527105
13971,0.06369728
13972,0.059130613
13973,0.059265707
13974,0.05980985
13975,0.07505069
13976,0.06575815
13977,0.06324592
13978,0.06338671
13979,0.063444845
13980,0.0677951
13981,0.0645081
13982,0.08645178
13983,0.0668465
13984,0.061615024
13985,0.066715315
13986,0.06575609
13987,0.27974454
13988,0.05980985
13989,0.05911833
13990,0.059834734
13991,0.059708953
13992,0.063852504
13993,0.06206273
13994,0.064456016
13995,0.05707648
13996,0.071833394
13997,0.2634312
13998,0.0600875
13999,0.06259638
14000,0.05984394
14001,0.0640552
14002,0.063351214
14003,0.060865536
14004,0.06452282
14005,0.063040964
14006,0.06300341
14007,0.06395351
14008,0.06370949
14009,0.62917906
14010,0.06432284
14011,0.06369728
14012,0.27670106
14013,0.07705967
14014,0.2618802
14015,0.058867518
14016,0.06311292
14017,0.06353883
14018,0.059130613
14019,0.056998685
14020,0.061685283
14021,0.0618846
14022,0.06685858
14023,0.06534729
14024,0.0671942
14025,0.065375246
14026,0.06317946
14027,0.05717492
14028,0.055518143
14029,0.06709212
14030,0.058392968
14031,0.06288271
14032,0.06150188
14033,0.07556462
14034,0.061802465
14035,0.27138087
14036,0.27550414
14037,0.0732459
14038,0.06434369
14039,0.06939968
14040,0.0696018
14041,0.061685283
14042,0.06191586
14043,0.63986856
14044,0.0647353
14045,0.060865536
14046,0.66733664
14047,0.2746523
14048,0.054706436
14049,0.0637658
14050,0.06483581
14051,0.059559006
14052,0.26728907
14053,0.27031177
14054,0.059902575
14055,0.06269897
14056,0.07041019
14057,0.064319015
14058,0.06567033
14059,0.06509331
14060,0.74825186
14061,0.0640638
14062,0.06647188
14063,0.059265707
14064,0.070021935
14065,0.29485276
14066,0.5334459
14067,0.07006644
14068,0.064425364
14069,0.5620957
14070,0.060887408
14071,0.05990908
14072,0.2811156
14073,0.058208823
14074,0.065530136
14075,0.061085608
14076,0.072364636
14077,0.624176
14078,0.061277628
14079,0.06823516
14080,0.27733505
14081,0.2746216
14082,0.27564073
14083,0.6101467
14084,0.6918703
14085,0.058867518
14086,0.6675346
14087,0.2821572
14088,0.2811156
14089,0.60140353
14090,0.7512606
14091,0.5787919
14092,0.06575815
14093,0.27149662
14094,0.0661528
14095,0.059799675
14096,0.059301596
14097,0.06022426
14098,0.06288271
14099,0.062845096
14100,0.057524994
14101,0.06255495
14102,0.062448114
14103,0.06280854
14104,0.06856937
14105,0.065301925
14106,0.26918682
14107,0.06337138
14108,0.060996808
14109,0.06628811
14110,0.26870552
14111,0.059186243
14112,0.059519794
14113,0.6240644
14114,0.6591849
14115,0.535986
14116,0.061935782
14117,0.0667485
14118,0.0651616
14119,0.054855034
14120,0.5448499
14121,0.06042268
14122,0.06286747
14123,0.056998618
14124,0.06194013
14125,0.06321787
14126,0.06938372
14127,0.06822714
14128,0.6148273
14129,0.057633303
14130,0.065278485
14131,0.06300341
14132,0.063335165
14133,0.058392968
14134,0.050624788
14135,0.28387636
14136,0.27290094
14137,0.06709212
14138,0.058810424
14139,0.06985105
14140,0.07195128
14141,0.7259398
14142,0.6575945
14143,0.5405786
14144,0.062071368
14145,0.061166413
14146,0.06411016
14147,0.062466502
14148,0.62178284
14149,0.059161924
14150,0.2657514
14151,0.0641999
14152,0.06325668
14153,0.060595516
14154,0.0682326
14155,0.061850972
14156,0.060516212
14157,0.057099782
14158,0.64776844
14159,0.58378893
14160,0.25944215
14161,0.07183115
14162,0.07719665
14163,0.06866137
14164,0.059588134
14165,0.06682462
14166,0.0676784
14167,0.063703336
14168,0.061177112
14169,0.062188406
14170,0.061266858
14171,0.06575609
14172,0.06296064
14173,0.6566531
14174,0.56651026
14175,0.5810687
14176,0.061085608
14177,0.060994115
14178,0.06974807
14179,0.56258166
14180,0.063003935
14181,0.06300341
14182,0.079956
14183,0.07359122
14184,0.05717492
14185,0.058224432
14186,0.6047413
14187,0.6314227
14188,0.058579866
14189,0.058904424
14190,0.1280006
14191,0.05781045
14192,0.074232
14193,0.55002016
14194,0.06208074
14195,0.061709948
14196,0.0732459
14197,0.0637307
14198,0.063232884
14199,0.0632669
14200,0.07183115
14201,0.64761096
14202,0.27409765
14203,0.061799504
14204,0.063603215
14205,0.061118115
14206,0.06612959
14207,0.26755235
14208,0.0641258
14209,0.06152615
14210,0.060595516
14211,0.08149676
14212,0.065130286
14213,0.069691256
14214,0.06286747
14215,0.6645536
14216,0.6640709
14217,0.284199
14218,0.27363554
14219,0.06322081
14220,0.05727964
14221,0.28531972
14222,0.56966984
14223,0.06682462
14224,0.06201946
14225,0.067967765
14226,0.07282782
14227,0.27255866
14228,0.27309683
14229,0.06713535
14230,0.60362905
14231,0.26809517
14232,0.29702523
14233,0.548228
14234,0.2687758
14235,0.06866137
14236,0.27154967
14237,0.2677568
14238,0.061611705
14239,0.06221258
14240,0.26966614
14241,0.062744
14242,0.060128696
14243,0.07077333
14244,0.066143304
14245,0.064330816
14246,0.061223492
14247,0.61748815
14248,0.27174407
14249,0.80510056
14250,0.66423315
14251,0.059305537
14252,0.28098083
14253,0.26888666
14254,0.059075814
14255,0.057257973
14256,0.069595195
14257,0.055515833
14258,0.6372968
14259,0.27770397
14260,0.063475125
14261,0.6757776
14262,0.61039907
14263,0.059011143
14264,0.062474586
14265,0.060844596
14266,0.06259638
14267,0.05901995
14268,0.06410996
14269,0.06434166
14270,0.057857152
14271,0.055901464
14272,0.061952658
14273,0.060870048
14274,0.06357048
14275,0.68532455
14276,0.59421
14277,0.56967074
14278,0.27811322
14279,0.6492839
14280,0.06979025
14281,0.06905836
14282,0.061960347
14283,0.069042176
14284,0.059030287
14285,0.07033088
14286,0.06225022
14287,0.06974166
14288,0.063253656
14289,0.0650768
14290,0.079956
14291,0.0645081
14292,0.059312105
14293,0.0645109
14294,0.058224432
14295,0.06447345
14296,0.059792474
14297,0.05727964
14298,0.060752712
14299,0.06386398
14300,0.27974454
14301,0.05793288
14302,0.6110387
14303,0.66733664
14304,0.60671145
14305,0.5900891
14306,0.06243906
14307,0.08569027
14308,0.06225678
14309,0.0637238
14310,0.07004529
14311,0.06366965
14312,0.6133504
14313,0.06318853
14314,0.07748739
14315,0.059186243
14316,0.07057521
14317,0.08049509
14318,0.06084797
14319,0.107872225
14320,0.060136043
14321,0.061223492
14322,0.063232884
14323,0.06363141
14324,0.07188779
14325,0.057900712
14326,0.06634253
14327,0.65176105
14328,0.65326303
14329,0.06357048
14330,0.6469178
14331,0.5334459
14332,0.75180507
14333,0.27445817
14334,0.06821149
14335,0.05265962
14336,0.063558385
14337,0.05903655
14338,0.07041019
14339,0.060092542
14340,0.3850426
14341,0.063003935
14342,0.580179
14343,0.06293752
14344,0.06410996
14345,0.05807206
14346,0.063314684
14347,0.26888666
14348,0.062062033
14349,0.06204632
14350,0.060766883
14351,0.065278485
14352,0.06322081
14353,0.63986856
14354,0.67160857
14355,0.69466215
14356,0.6602379
14357,0.641482
14358,0.067432374
14359,0.06726438
14360,0.06263912
14361,0.06772142
14362,0.0668465
14363,0.064319015
14364,0.07521423
14365,0.069745824
14366,0.05707648
14367,0.27693692
14368,0.058208823
14369,0.06324592
14370,0.07521423
14371,0.27733505
14372,0.051890343
14373,0.061891884
14374,0.05707046
14375,0.06210572
14376,0.26461756
14377,0.05707648
14378,0.58034265
14379,0.2738365
14380,0.060151614
14381,0.068872616
14382,0.061227508
14383,0.06152615
14384,0.06690714
14385,0.062303
14386,0.058810424
14387,0.07241463
14388,0.05911833
14389,0.06293945
14390,0.2815714
14391,0.06560042
14392,0.064587586
14393,0.06962367
14394,0.062448114
14395,0.059455343
14396,0.06974807
14397,0.079956
14398,0.065019004
14399,0.060314372
14400,0.72411084
14401,0.6235674
14402,0.06503064
14403,0.06091896
14404,0.06394702
14405,0.06038693
14406,0.05969079
14407,0.06432762
14408,0.06336289
14409,0.07241463
14410,0.059455343
14411,0.06905836
14412,0.06358892
14413,0.06939968
14414,0.07156503
14415,0.0645081
14416,0.53499454
14417,0.062643684
14418,0.06300341
14419,0.07093084
14420,0.0647468
14421,0.060371265
14422,0.6581526
14423,0.060870048
14424,0.06370949
14425,0.28163844
14426,0.070858315
14427,0.06951691
14428,0.060151614
14429,0.06480848
14430,0.06325668
14431,0.26854423
14432,0.06189112
14433,0.07929341
14434,0.0637307
14435,0.06617004
14436,0.05969079
14437,0.058693524
14438,0.061955526
14439,0.06474538
14440,0.56651026
14441,0.07217876
14442,0.07057521
14443,0.062452864
14444,0.05984394
14445,0.2703624
14446,0.063703336
14447,0.063852504
14448,0.10823629
14449,0.057633303
14450,0.062845096
14451,0.07183115
14452,0.06772188
14453,0.06785902
14454,0.27205727
14455,0.06324217
14456,0.06997925
14457,0.05708545
14458,0.06269897
14459,0.06419512
14460,0.06795997
14461,0.63051194
14462,0.65902805
14463,0.28098083
14464,0.06392968
14465,0.065464094
14466,0.07041019
14467,0.06650156
14468,0.06243906
14469,0.061799504
14470,0.053660568
14471,0.07505069
14472,0.6616985
14473,0.06759361
14474,0.06211469
14475,0.06350825
14476,0.071270995
14477,0.063703336
14478,0.27223846
14479,0.06397678
14480,0.063232884
14481,0.06136949
14482,0.061955526
14483,0.059519794
14484,0.05039795
14485,0.070108935
14486,0.06059821
14487,0.061994277
14488,0.060371265
14489,0.06317843
14490,0.06846577
14491,0.065464094
14492,0.057099782
14493,0.063172355
14494,0.06377524
14495,0.07295627
14496,0.06305261
14497,0.06269897
14498,0.06221258
14499,0.06286747
14500,0.06688518
14501,0.067432374
14502,0.066143304
14503,0.65322167
14504,0.06613781
14505,0.07195636
14506,0.06318853
14507,0.05911833
14508,0.06243906
14509,0.062062033
14510,0.06149319
14511,0.075182885
14512,0.27031177
14513,0.06288271
14514,0.06606874
14515,0.05707648
14516,0.27472332
14517,0.062744
14518,0.06347312
14519,0.059914228
14520,0.059519794
14521,0.05809461
14522,0.06422936
14523,0.66249764
14524,0.07320125
14525,0.060119383
14526,0.07146905
14527,0.05943681
14528,0.06300341
14529,0.06575609
14530,0.060314372
14531,0.085113056
14532,0.06420147
14533,0.06313515
14534,0.062583975
14535,0.060595516
14536,0.06293752
14537,0.057710834
14538,0.06001739
14539,0.065301925
14540,0.06794722
14541,0.27107513
14542,0.07232748
14543,0.06504924
14544,0.06794722
14545,0.063253656
14546,0.06336289
14547,0.059559006
14548,0.068365075
14549,0.06513489
14550,0.07053869
14551,0.06794722
14552,0.065532744
14553,0.0637307
14554,0.050624788
14555,0.064673856
14556,0.06612959
14557,0.062001955
14558,0.06322081
14559,0.06349018
14560,0.057564884
14561,0.056296557
14562,0.062062033
14563,0.060234796
14564,0.060441576
14565,0.06522636
14566,0.067967765
14567,0.060314372
14568,0.068720974
14569,0.06211469
14570,0.06713535
14571,0.06528233
14572,0.0605371
14573,0.061118115
14574,0.0696018
14575,0.07070479
14576,0.060119383
14577,0.06649094
14578,0.06454045
14579,0.06251233
14580,0.06393159
14581,0.06271887
14582,0.05793288
14583,0.060870048
14584,0.060981736
14585,0.060752712
14586,0.07033088
14587,0.061462313
14588,0.06325668
14589,0.07556462
14590,0.0668465
14591,0.060617737
14592,0.058161333
14593,0.055921294
14594,0.05911885
14595,0.06322081
14596,0.057633303
14597,0.067612484
14598,0.055901464
14599,0.06575609
14600,0.064673856
14601,0.063232884
14602,0.065406
14603,0.068365075
14604,0.07093084
14605,0.068872616
14606,0.064673856
14607,0.06772362
14608,0.06157219
14609,0.06352648
14610,0.063444845
14611,0.05932931
14612,0.061092388
14613,0.06127127
14614,0.055921294
14615,0.06930441
14616,0.068365075
14617,0.09374499
14618,0.05774474
14619,0.059519794
14620,0.07041019
14621,0.071823806
14622,0.060564544
14623,0.061716307
14624,0.074232
14625,0.06401721
14626,0.065272465
14627,0.059996083
14628,0.063196905
14629,0.05039795
14630,0.059559006
14631,0.07070479
14632,0.0626813
14633,0.06784635
14634,0.058695123
14635,0.054766014
14636,0.060752697
14637,0.061501104
14638,0.064924225
14639,0.060801256
14640,0.06173681
14641,0.2683142
14642,0.06172047
14643,0.07469992
14644,0.05861726
14645,0.064430304
14646,0.063643366
14647,0.05909774
14648,0.060198393
14649,0.26728582
14650,0.65566903
14651,0.063325986
14652,0.058186244
14653,0.27196366
14654,0.061816435
14655,0.06458319
14656,0.2669497
14657,0.06854586
14658,0.064228
14659,0.06353404
14660,0.061551493
14661,0.06468733
14662,0.06950997
14663,0.59088117
14664,0.27657878
14665,0.06358066
14666,0.6073278
14667,0.06511583
14668,0.05891336
14669,0.06172047
14670,0.059747722
14671,0.06173681
14672,0.06348959
14673,0.059747722
14674,0.05768878
14675,0.06346608
14676,0.06431286
14677,0.60643566
14678,0.69664633
14679,0.062337454
14680,0.26701805
14681,0.06152126
14682,0.06880953
14683,0.06184593
14684,0.055847157
14685,0.06209951
14686,0.068083085
14687,0.62454736
14688,0.05594232
14689,0.06453474
14690,0.59258854
14691,0.06264681
14692,0.05956924
14693,0.6090456
14694,0.06293801
14695,0.27073538
14696,0.06348137
14697,0.061609287
14698,0.05866358
14699,0.06344266
14700,0.05801038
14701,0.060570326
14702,0.06137383
14703,0.06672933
14704,0.27005246
14705,0.06043491
14706,0.15785894
14707,0.06356925
14708,0.07182509
14709,0.071890615
14710,0.06350383
14711,0.061189793
14712,0.06448921
14713,0.065135725
14714,0.063583806
14715,0.060048945
14716,0.061609287
14717,0.26948765
14718,0.06306246
14719,0.07385473
14720,0.061442107
14721,0.06493868
14722,0.58919114
14723,0.06574986
14724,0.06240366
14725,0.61113185
14726,0.2808358
14727,0.06366977
14728,0.07179396
14729,0.06748217
14730,0.06342003
14731,0.06371572
14732,0.06471143
14733,0.07337304
14734,0.05958276
14735,0.074465014
14736,0.059640992
14737,0.06347196
14738,0.6552876
14739,0.54823345
14740,0.062985554
14741,0.060363956
14742,0.06353404
14743,0.05891336
14744,0.07505676
14745,0.6120798
14746,0.061910618
14747,0.06398566
14748,0.059742678
14749,0.05891336
14750,0.062165197
14751,0.5540081
14752,0.063279666
14753,0.06448921
14754,0.06026206
14755,0.06311826
14756,0.06476481
14757,0.06522214
14758,0.07241733
14759,0.059510246
14760,0.060758088
14761,0.06399301
14762,0.05891336
14763,0.06518348
14764,0.061042767
14765,0.06353404
14766,0.059640992
14767,0.0700028
14768,0.06308675
14769,0.07009376
14770,0.06433953
14771,0.06485961
14772,0.0632615
14773,0.26637402
14774,0.059749056
14775,0.05899346
14776,0.06306246
14777,0.06039178
14778,0.065644786
14779,0.06431505
14780,0.058703076
14781,0.07337304
14782,0.05919951
14783,0.06373304
14784,0.28473413
14785,0.27372727
14786,0.063483566
14787,0.06293801
14788,0.06372546
14789,0.063503474
14790,0.05880794
14791,0.06544022
14792,0.06372476
14793,0.06480848
14794,0.06361287
14795,0.06097487
14796,0.059522547
14797,0.07150661
14798,0.052527655
14799,0.065782964
14800,0.06458319
14801,0.068083085
14802,0.2773996
14803,0.066637635
14804,0.26794675
14805,0.058264427
14806,0.060018506
14807,0.06366977
14808,0.062629044
14809,0.057454765
14810,0.056686074
14811,0.06438586
14812,0.06285113
14813,0.054911736
14814,0.6615871
14815,0.06423346
14816,0.075869344
14817,0.060909875
14818,0.06293801
14819,0.063367315
14820,0.051769927
14821,0.06931409
14822,0.06337754
14823,0.06632198
14824,0.068083085
14825,0.06803124
14826,0.062337454
14827,0.06311826
14828,0.0639609
14829,0.06401528
14830,0.28062218
14831,0.5427976
14832,0.07051347
14833,0.06304779
14834,0.064252265
14835,0.087522216
14836,0.06440335
14837,0.06551879
14838,0.06804289
14839,0.063519925
14840,0.06476196
14841,0.07598484
14842,0.05326708
14843,0.060018506
14844,0.06348137
14845,0.06260031
14846,0.058028318
14847,0.06354618
14848,0.063519925
14849,0.065558635
14850,0.060586944
14851,0.06676317
14852,0.06462736
14853,0.061036617
14854,0.0634673
14855,0.059649244
14856,0.05963611
14857,0.27793208
14858,0.07185475
14859,0.27920625
14860,0.06209951
14861,0.060253333
14862,0.06719167
14863,0.069020525
14864,0.059522547
14865,0.07122577
14866,0.072056636
14867,0.06498439
14868,0.06116993
14869,0.06094952
14870,0.06099297
14871,0.07034174
14872,0.06462736
14873,0.0630466
14874,0.060423646
14875,0.06099699
14876,0.0700028
14877,0.07249345
14878,0.06371572
14879,0.06387692
14880,0.065786846
14881,0.06132081
14882,0.06039178
14883,0.27979437
14884,0.2813145
14885,0.055595543
14886,0.06372075
14887,0.063238494
14888,0.06558531
14889,0.06341369
14890,0.05362978
14891,0.06431505
14892,0.069635704
14893,0.63488585
14894,0.06122024
14895,0.06642124
14896,0.07191954
14897,0.06434293
14898,0.06287983
14899,0.063896425
14900,0.06324015
14901,0.06682614
14902,0.07385473
14903,0.06773696
14904,0.06434293
14905,0.7198596
14906,0.06748217
14907,0.06493868
14908,0.2685678
14909,0.05956924
14910,0.27475473
14911,0.06476481
14912,0.06574093
14913,0.062362418
14914,0.059608772
14915,0.26637402
14916,0.063623704
14917,0.064414494
14918,0.063503474
14919,0.061431
14920,0.07051347
14921,0.05797408
14922,0.05796365
14923,0.06401278
14924,0.06359433
14925,0.06726625
14926,0.056686074
14927,0.06471143
14928,0.067137346
14929,0.06542674
14930,0.06299227
14931,0.059997916
14932,0.26852435
14933,0.063238494
14934,0.06366977
14935,0.06105931
14936,0.06372075
14937,0.054991763
14938,0.44092986
14939,0.058915485
14940,0.05801038
14941,0.63204634
14942,0.27079666
14943,0.05941742
14944,0.06437252
14945,0.06461973
14946,0.06433953
14947,0.059747722
14948,0.2683142
14949,0.27005246
14950,0.063583806
14951,0.06667804
14952,0.27259165
14953,0.0714273
14954,0.06026206
14955,0.06328941
14956,0.579852
14957,0.05919951
14958,0.057381693
14959,0.06646252
14960,0.06632198
14961,0.27679473
14962,0.7886255
14963,0.064430304
14964,0.09053004
14965,0.67327374
14966,0.0526344
14967,0.060894534
14968,0.27903032
14969,0.06313791
14970,0.068459205
14971,0.06263949
14972,0.063583806
14973,0.065558635
14974,0.074465014
14975,0.5364328
14976,0.06331663
14977,0.06094952
14978,0.2650529
14979,0.05954879
14980,0.27333438
14981,0.60371965
14982,0.53946835
14983,0.06458319
14984,0.27465048
14985,0.061362278
14986,0.06409724
14987,0.68648624
14988,0.26381665
14989,0.25535873
14990,0.06331663
14991,0.25506282
14992,0.06269577
14993,0.063986406
14994,0.07179285
14995,0.06320312
14996,0.06354618
14997,0.06348137
14998,0.074465014
14999,0.06268389
15000,0.070275985
15001,0.06320312
15002,0.06411203
15003,0.07337304
15004,0.27333972
15005,0.057676665
15006,0.061609287
15007,0.05595029
15008,0.26608506
15009,0.06318034
15010,0.07051347
15011,0.71916986
15012,0.3629114
15013,0.5922762
15014,0.06122024
15015,0.05904164
15016,0.05560121
15017,0.6451027
15018,0.07651987
15019,0.060708784
15020,0.057967637
15021,0.05606009
15022,0.061061434
15023,0.066303395
15024,0.061042767
15025,0.05941742
15026,0.63396776
15027,0.06427554
15028,0.06258078
15029,0.057545833
15030,0.06623661
15031,0.06237195
15032,0.05909534
15033,0.27142876
15034,0.27742338
15035,0.066497706
15036,0.2723378
15037,0.061820682
15038,0.064000845
15039,0.74562025
15040,0.5939154
15041,0.63467836
15042,0.070828274
15043,0.27196366
15044,0.060109682
15045,0.062012304
15046,0.26398176
15047,0.06318034
15048,0.5913771
15049,0.061036617
15050,0.063379586
15051,0.06257798
15052,0.05606009
15053,0.061816435
15054,0.06869538
15055,0.071123
15056,0.65566903
15057,0.64970326
15058,0.279837
15059,0.06459689
15060,0.060363956
15061,0.06348515
15062,0.060048945
15063,0.06728043
15064,0.071470745
15065,0.057676665
15066,0.065558635
15067,0.06105931
15068,0.063390695
15069,0.06358066
15070,0.05954879
15071,0.73357904
15072,0.65353703
15073,0.6093764
15074,0.060576823
15075,0.063271545
15076,0.27679473
15077,0.5365035
15078,0.058148965
15079,0.06269017
15080,0.061189793
15081,0.05859026
15082,0.05286379
15083,0.06431505
15084,0.59372675
15085,0.5682576
15086,0.06369915
15087,0.06574986
15088,0.06611324
15089,0.28048572
15090,0.062629044
15091,0.67375755
15092,0.2711645
15093,0.0644681
15094,0.06457202
15095,0.05899346
15096,0.0628748
15097,0.06269577
15098,0.06682614
15099,0.26854813
15100,0.2731149
15101,0.060048945
15102,0.06116993
15103,0.06269017
15104,0.06299227
15105,0.06359433
15106,0.28652033
15107,0.06953079
15108,0.071570195
15109,0.06497184
15110,0.07122577
15111,0.07407945
15112,0.06728043
15113,0.063155286
15114,0.63301784
15115,0.6562067
15116,0.5891029
15117,0.06436632
15118,0.06696165
15119,0.06530912
15120,0.26898935
15121,0.56281996
15122,0.061609287
15123,0.06728488
15124,0.058264427
15125,0.066496946
15126,0.25506282
15127,0.064000845
15128,0.27079666
15129,0.2651334
15130,0.2754293
15131,0.6603061
15132,0.06890242
15133,0.066783145
15134,0.26403362
15135,0.27191436
15136,0.06366316
15137,0.63860786
15138,0.06342951
15139,0.06634798
15140,0.061036617
15141,0.070828274
15142,0.06152126
15143,0.7668018
15144,0.27671915
15145,0.667159
15146,0.27541122
15147,0.06646252
15148,0.27891955
15149,0.28473413
15150,0.06326478
15151,0.070828274
15152,0.075506635
15153,0.06676317
15154,0.5279857
15155,0.27767208
15156,0.061061434
15157,0.5830972
15158,0.6496188
15159,0.06476481
15160,0.056098048
15161,0.058028318
15162,0.062446244
15163,0.057666298
15164,0.06574986
15165,0.063279666
15166,0.064104594
15167,0.061630037
15168,0.060048945
15169,0.056626666
15170,0.061741926
15171,0.60370016
15172,0.56563246
15173,0.6017294
15174,0.57353973
15175,0.60188997
15176,0.06337754
15177,0.05887298
15178,0.063770324
15179,0.06348515
15180,0.06693346
15181,0.06050737
15182,0.057454765
15183,0.0639609
15184,0.05594232
15185,0.28517067
15186,0.06313791
15187,0.06348959
15188,0.06454616
15189,0.0672639
15190,0.06269577
15191,0.058148965
15192,0.061562445
15193,0.06099699
15194,0.06260031
15195,0.06773696
15196,0.06392554
15197,0.058099627
15198,0.27860025
15199,0.06408938
15200,0.59988725
15201,0.6846565
15202,0.5891029
15203,0.28517067
15204,0.061061434
15205,0.06320312
15206,0.071380265
15207,0.06764756
15208,0.06580698
15209,0.05844272
15210,0.059510276
15211,0.5506936
15212,0.06935235
15213,0.06672933
15214,0.262942
15215,0.05941742
15216,0.061630037
15217,0.0647022
15218,0.06728043
15219,0.073038615
15220,0.062029347
15221,0.06269577
15222,0.09376599
15223,0.06418469
15224,0.06451586
15225,0.06379667
15226,0.6370439
15227,0.7182346
15228,0.26108664
15229,0.6347243
15230,0.623249
15231,0.6392792
15232,0.28579175
15233,0.061562445
15234,0.06917692
15235,0.06521618
15236,0.056893554
15237,0.06144887
15238,0.064000845
15239,0.06672933
15240,0.6392792
15241,0.06502142
15242,0.5598706
15243,0.06646252
15244,0.06693346
15245,0.06347196
15246,0.063238494
15247,0.06434293
15248,0.060423646
15249,0.06431505
15250,0.0630206
15251,0.059997916
15252,0.5923738
15253,0.5951143
15254,0.6517181
15255,0.71130276
15256,0.26984388
15257,0.27191436
15258,0.06433953
15259,0.059997916
15260,0.06438586
15261,0.06854586
15262,0.065135725
15263,0.06475723
15264,0.059629012
15265,0.06634761
15266,0.05844272
15267,0.05758498
15268,0.27218285
15269,0.063074656
15270,0.06173906
15271,0.070506774
15272,0.06931409
15273,0.26637402
15274,0.06468733
15275,0.058099627
15276,0.27114818
15277,0.2651334
15278,0.06152126
15279,0.07060344
15280,0.06005038
15281,0.05560121
15282,0.05974439
15283,0.06269577
15284,0.0600971
15285,0.05560121
15286,0.058695123
15287,0.06506488
15288,0.2750217
15289,0.059510246
15290,0.06105931
15291,0.060659032
15292,0.059144516
15293,0.06122024
15294,0.06427554
15295,0.06433953
15296,0.06344266
15297,0.80292624
15298,0.6876561
15299,0.06442802
15300,0.06405321
15301,0.060460925
15302,0.06738993
15303,0.06596374
15304,0.070082866
15305,0.061609287
15306,0.064087465
15307,0.06536992
15308,0.06167837
15309,0.07029231
15310,0.054911736
15311,0.06180571
15312,0.063279666
15313,0.06453474
15314,0.06476481
15315,0.6628076
15316,0.061565228
15317,0.061362278
15318,0.06369915
15319,0.06005038
15320,0.06803124
15321,0.5394672
15322,0.057676665
15323,0.05360839
15324,0.06442802
15325,0.053208623
15326,0.06909335
15327,0.06369915
15328,0.06300681
15329,0.06251447
15330,0.056893554
15331,0.06634761
15332,0.06005038
15333,0.061042003
15334,0.2808358
15335,0.07029231
15336,0.06400034
15337,0.06489455
15338,0.064924225
15339,0.062165197
15340,0.05904164
15341,0.06024695
15342,0.060423646
15343,0.65556735
15344,0.06474683
15345,0.065558635
15346,0.06423346
15347,0.07337304
15348,0.060659032
15349,0.27684635
15350,0.060338493
15351,0.073037624
15352,0.06463828
15353,0.06335163
15354,0.06260031
15355,0.05680602
15356,0.06307702
15357,0.06392554
15358,0.06580698
15359,0.06690244
15360,0.065119825
15361,0.05969737
15362,0.06931409
15363,0.06535564
15364,0.06303393
15365,0.6053929
15366,0.6076956
15367,0.2836885
15368,0.10190064
15369,0.06257798
15370,0.06457202
15371,0.06097487
15372,0.059861127
15373,0.26805335
15374,0.05705382
15375,0.054802336
15376,0.58480585
15377,0.063390695
15378,0.063623704
15379,0.06133304
15380,0.0681463
15381,0.05940665
15382,0.0700028
15383,0.065227196
15384,0.07440644
15385,0.2681242
15386,0.066626996
15387,0.063271545
15388,0.0714273
15389,0.066783145
15390,0.060894534
15391,0.07029231
15392,0.06120497
15393,0.06383789
15394,0.05963611
15395,0.0663398
15396,0.06672933
15397,0.06501308
15398,0.06784635
15399,0.07060344
15400,0.06580698
15401,0.06290883
15402,0.06184593
15403,0.06344266
15404,0.07139143
15405,0.06063507
15406,0.0623987
15407,0.063731834
15408,0.65327805
15409,0.07051347
15410,0.060524542
15411,0.06854586
15412,0.07182509
15413,0.06180571
15414,0.06353404
15415,0.06269577
15416,0.06489455
15417,0.5897121
15418,0.063717805
15419,0.060498666
15420,0.06344266
15421,0.062970996
15422,0.06167837
15423,0.070225306
15424,0.063325986
15425,0.060416743
15426,0.06323512
15427,0.059861127
15428,0.602102
15429,0.060635652
15430,0.06341369
15431,0.07051347
15432,0.06255197
15433,0.06444426
15434,0.06544022
15435,0.06379667
15436,0.06463828
15437,0.06409724
15438,0.0650981
15439,0.060801256
15440,0.07385473
15441,0.06344266
15442,0.062226485
15443,0.06551879
15444,0.06469843
15445,0.06212018
15446,0.2765881
15447,0.27330637
15448,0.05803328
15449,0.05606009
15450,0.063519925
15451,0.06358066
15452,0.058704093
15453,0.06427554
15454,0.062318265
15455,0.06393055
15456,0.06471143
15457,0.06107792
15458,0.05801038
15459,0.07385473
15460,0.05907705
15461,0.058148965
15462,0.064000845
15463,0.06963196
15464,0.065568745
15465,0.061902903
15466,0.064087465
15467,0.06099699
15468,0.71702623
15469,0.06293801
15470,0.060554896
15471,0.06152126
15472,0.060708784
15473,0.0645054
15474,0.060303148
15475,0.058148965
15476,0.06356925
15477,0.06634761
15478,0.06335163
15479,0.063074656
15480,0.08230721
15481,0.054802336
15482,0.08527085
15483,0.06971506
15484,0.06394798
15485,0.060690906
15486,0.08527085
15487,0.06437252
15488,0.056963716
15489,0.06398566
15490,0.06260031
15491,0.063371964
15492,0.07139143
15493,0.0647022
15494,0.06303772
15495,0.28579175
15496,0.08527085
15497,0.06361218
15498,0.063191466
15499,0.063238494
15500,0.063960046
15501,0.063825704
15502,0.05954879
15503,0.06385906
15504,0.06290689
15505,0.06152126
15506,0.060524542
15507,0.06205725
15508,0.06971506
15509,0.06269577
15510,0.05360839
15511,0.057967637
15512,0.060768433
15513,0.06530912
15514,0.05963611
15515,0.05974439
15516,0.060984746
15517,0.0700028
15518,0.06459071
15519,0.06269017
15520,0.0762838
15521,0.061501104
15522,0.06519973
15523,0.061641846
15524,0.060801256
15525,0.058264427
15526,0.06324248
15527,0.063091874
15528,0.069635704
15529,0.061801217
15530,0.071890615
15531,0.065558635
15532,0.0526344
15533,0.06409724
15534,0.2754293
15535,0.07241733
15536,0.07051347
15537,0.06586043
15538,0.07264857
15539,0.06363873
15540,0.06355844
15541,0.061490905
15542,0.066798076
15543,0.05968924
15544,0.06877134
15545,0.06474211
15546,0.06491554
15547,0.059883125
15548,0.26980585
15549,0.061008744
15550,0.5888695
15551,0.52967453
15552,0.066798076
15553,0.26418716
15554,0.059119098
15555,0.612051
15556,0.0645595
15557,0.058289412
15558,0.057994116
15559,0.057994116
15560,0.059883125
15561,0.06516447
15562,0.06605944
15563,0.26314056
15564,0.0698901
15565,0.63124603
15566,0.066777155
15567,0.051554907
15568,0.27504772
15569,0.06852082
15570,0.0658096
15571,0.056495033
15572,0.06474211
15573,0.05968924
15574,0.055788018
15575,0.06246538
15576,0.06378017
15577,0.5891421
15578,0.59288204
15579,0.05998615
15580,0.064049326
15581,0.07001189
15582,0.06271512
15583,0.06244068
15584,0.06368779
15585,0.06392121
15586,0.057508774
15587,0.5888695
15588,0.059907936
15589,0.0633572
15590,0.6110791
15591,0.06173118
15592,0.06374178
15593,0.6215139
15594,0.06347042
15595,0.051554907
15596,0.26740637
15597,0.061681278
15598,0.06593951
15599,0.062488686
15600,0.05968924
15601,0.062376402
15602,0.07153202
15603,0.060498912
15604,0.06474211
15605,0.05652728
15606,0.6789795
15607,0.064429425
15608,0.06926628
15609,0.089761384
15610,0.05968924
15611,0.06308665
15612,0.06382889
15613,0.06965041
15614,0.06320555
15615,0.05693938
15616,0.057002302
15617,0.06835446
15618,0.059279494
15619,0.063674316
15620,0.065172836
15621,0.2626849
15622,0.06366794
15623,0.058240406
15624,0.063840255
15625,0.06376171
15626,0.06435149
15627,0.7092154
15628,0.061567288
15629,0.063239805
15630,0.25498486
15631,0.6510138
15632,0.06606646
15633,0.059477266
15634,0.061941773
15635,0.06246538
15636,0.056458168
15637,0.052995607
15638,0.06155872
15639,0.061299533
15640,0.06010167
15641,0.073222235
15642,0.05863499
15643,0.27644482
15644,0.6871241
15645,0.063865885
15646,0.06277261
15647,0.27336633
15648,0.060359266
15649,0.06498463
15650,0.06990475
15651,0.066133626
15652,0.2505655
15653,0.06737814
15654,0.06500693
15655,0.06389351
15656,0.06279721
15657,0.269856
15658,0.60926604
15659,0.061514266
15660,0.062308345
15661,0.05693938
15662,0.06986677
15663,0.059600763
15664,0.061838523
15665,0.06356109
15666,0.061445147
15667,0.066385135
15668,0.06344297
15669,0.062222518
15670,0.06556617
15671,0.06134479
15672,0.065396495
15673,0.058872513
15674,0.06354816
15675,0.062496353
15676,0.06449721
15677,0.0598766
15678,0.05855543
15679,0.052779287
15680,0.0509013
15681,0.06173118
15682,0.06093366
15683,0.06010167
15684,0.06366108
15685,0.063167855
15686,0.06314973
15687,0.066732556
15688,0.0586874
15689,0.28479725
15690,0.27542236
15691,0.06566335
15692,0.056776427
15693,0.06247221
15694,0.06604996
15695,0.06314973
15696,0.066798076
15697,0.06509748
15698,0.063528016
15699,0.05693938
15700,0.059883125
15701,0.06253779
15702,0.064504854
15703,0.0634789
15704,0.26740637
15705,0.06391965
15706,0.26016358
15707,0.26511726
15708,0.06512687
15709,0.07041352
15710,0.06350294
15711,0.059759222
15712,0.05998615
15713,0.06392121
15714,0.06090982
15715,0.274874
15716,0.0639904
15717,0.6229291
15718,0.06147072
15719,0.060817372
15720,0.066133626
15721,0.063501745
15722,0.06449721
15723,0.06387059
15724,0.064490095
15725,0.060498912
15726,0.06301684
15727,0.051554907
15728,0.06395372
15729,0.060640443
15730,0.060190417
15731,0.064429425
15732,0.2618438
15733,0.60968345
15734,0.06738222
15735,0.06049615
15736,0.06986677
15737,0.06416136
15738,0.13665088
15739,0.05693938
15740,0.064429425
15741,0.062572554
15742,0.0566017
15743,0.06386405
15744,0.07468305
15745,0.06402043
15746,0.06356109
15747,0.06345575
15748,0.06374337
15749,0.06407276
15750,0.06307353
15751,0.05671806
15752,0.06736285
15753,0.059928462
15754,0.064429425
15755,0.057021387
15756,0.060390603
15757,0.066504344
15758,0.06152031
15759,0.06250469
15760,0.0634057
15761,0.603172
15762,0.06463187
15763,0.0643999
15764,0.05852966
15765,0.05903945
15766,0.059671722
15767,0.06356865
15768,0.067258544
15769,0.07510313
15770,0.06719595
15771,0.06384114
15772,0.066359185
15773,0.069810785
15774,0.056776427
15775,0.065264605
15776,0.066282295
15777,0.059967097
15778,0.058944587
15779,0.065909296
15780,0.06767258
15781,0.057002302
15782,0.06780567
15783,0.064033955
15784,0.064070605
15785,0.70444584
15786,0.055467222
15787,0.06246538
15788,0.064707376
15789,0.06233863
15790,0.06736285
15791,0.05126428
15792,0.060667533
15793,0.061490905
15794,0.06096968
15795,0.58256435
15796,0.054331128
15797,0.06271512
15798,0.05917894
15799,0.06320555
15800,0.06569711
15801,0.062384132
15802,0.06378017
15803,0.06990475
15804,0.06296835
15805,0.065150395
15806,0.05855543
15807,0.06500948
15808,0.5758576
15809,0.0645595
15810,0.063840255
15811,0.78018224
15812,0.06148499
15813,0.27465138
15814,0.0637987
15815,0.0590142
15816,0.0637471
15817,0.06270398
15818,0.05917894
15819,0.06467205
15820,0.053309683
15821,0.056422178
15822,0.0601573
15823,0.065062135
15824,0.061476484
15825,0.070720255
15826,0.06320555
15827,0.06281147
15828,0.05968924
15829,0.06289149
15830,0.062457453
15831,0.06392121
15832,0.06512329
15833,0.0598766
15834,0.058648676
15835,0.0637471
15836,0.070389956
15837,0.060554486
15838,0.2694138
15839,0.06852082
15840,0.06463187
15841,0.06645335
15842,0.2691694
15843,0.50666356
15844,0.060667533
15845,0.060996372
15846,0.5838761
15847,0.05997951
15848,0.056958653
15849,0.064490095
15850,0.26965
15851,0.27476305
15852,0.06432873
15853,0.062331676
15854,0.06415222
15855,0.27766687
15856,0.0635989
15857,0.056602787
15858,0.077044524
15859,0.5679622
15860,0.063681014
15861,0.06146102
15862,0.0633572
15863,0.061731726
15864,0.27673066
15865,0.6167109
15866,0.061719194
15867,0.11183541
15868,0.560051
15869,0.06352537
15870,0.27486166
15871,0.06780567
15872,0.063840255
15873,0.06350098
15874,0.06370257
15875,0.064100556
15876,0.061961066
15877,0.066282295
15878,0.49364328
15879,0.057972882
15880,0.06542281
15881,0.06337844
15882,0.06155872
15883,0.063227884
15884,0.55622005
15885,0.5895296
15886,0.06378068
15887,0.26137695
15888,0.27664
15889,0.06965041
15890,0.61014056
15891,0.5559841
15892,0.26521268
15893,0.06373838
15894,0.27065223
15895,0.057288446
15896,0.059576023
15897,0.057508774
15898,0.056776427
15899,0.06386824
15900,0.06218302
15901,0.062288713
15902,0.056458168
15903,0.06645335
15904,0.054331128
15905,0.057972882
15906,0.26940122
15907,0.06403228
15908,0.06793042
15909,0.06345575
15910,0.7147308
15911,0.06761831
15912,0.06593951
15913,0.5964885
15914,0.58974385
15915,0.6501138
15916,0.062450092
15917,0.057021387
15918,0.0598766
15919,0.7452224
15920,0.06345575
15921,0.06542281
15922,0.06363033
15923,0.066359185
15924,0.061445147
15925,0.057972882
15926,0.61275625
15927,0.063681014
15928,0.063528016
15929,0.07467057
15930,0.06146102
15931,0.06133608
15932,0.06120571
15933,0.5316616
15934,0.6229291
15935,0.06415222
15936,0.058293298
15937,0.06278982
15938,0.05693938
15939,0.6219373
15940,0.6825641
15941,0.61137223
15942,0.06301167
15943,0.06341632
15944,0.06045545
15945,0.6448051
15946,0.05652728
15947,0.7086435
15948,0.065264605
15949,0.06415222
15950,0.06737814
15951,0.053160008
15952,0.062481422
15953,0.06363777
15954,0.0635567
15955,0.4994011
15956,0.5689054
15957,0.26313683
15958,0.06361277
15959,0.06601225
15960,0.06278672
15961,0.064821124
15962,0.06460191
15963,0.0637379
15964,0.065143876
15965,0.06305284
15966,0.06586043
15967,0.06492421
15968,0.06582654
15969,0.061476484
15970,0.52743286
15971,0.623222
15972,0.78783727
15973,0.06251889
15974,0.06363873
15975,0.26418716
15976,0.66930026
15977,0.060498912
15978,0.064638644
15979,0.06435149
15980,0.06287831
15981,0.05693763
15982,0.06121247
15983,0.5985095
15984,0.5932264
15985,0.064226694
15986,0.06516447
15987,0.06354816
15988,0.062495332
15989,0.062247247
15990,0.59352696
15991,0.26998666
15992,0.06679729
15993,0.05967228
15994,0.06385346
15995,0.063681014
15996,0.11787491
15997,0.5062928
15998,0.06435149
15999,0.066732556
16000,0.07041352
16001,0.06146521
16002,0.06642249
16003,0.2832248
16004,0.28130543
16005,0.06735011
16006,0.062896244
16007,0.06736285
16008,0.07468305
16009,0.05661538
16010,0.06093366
16011,0.06719595
16012,0.26314056
16013,0.598372
16014,0.25569376
16015,0.26712826
16016,0.0639904
16017,0.059546355
16018,0.26591828
16019,0.5062928
16020,0.058657646
16021,0.0590142
16022,0.0648742
16023,0.060190417
16024,0.06542962
16025,0.28267068
16026,0.06059808
16027,0.28209978
16028,0.2700884
16029,0.052995607
16030,0.6277838
16031,0.0601573
16032,0.06546216
16033,0.26137695
16034,0.274874
16035,0.06377772
16036,0.06271512
16037,0.063528016
16038,0.062021792
16039,0.06382889
16040,0.066282295
16041,0.06679729
16042,0.67989975
16043,0.28024724
16044,0.68176734
16045,0.27089655
16046,0.06500693
16047,0.074345715
16048,0.28398037
16049,0.06251534
16050,0.06411382
16051,0.06339152
16052,0.618613
16053,0.26418716
16054,0.06315241
16055,0.05676737
16056,0.5919839
16057,0.5192011
16058,0.06314973
16059,0.063673094
16060,0.06093366
16061,0.061378974
16062,0.06147072
16063,0.06492421
16064,0.06333192
16065,0.06445827
16066,0.061972074
16067,0.059546355
16068,0.06281147
16069,0.06852082
16070,0.6626557
16071,0.60943866
16072,0.55648184
16073,0.7536503
16074,0.61086065
16075,0.05787195
16076,0.064067654
16077,0.061445147
16078,0.06247221
16079,0.06315241
16080,0.26064628
16081,0.06512217
16082,0.07198846
16083,0.06376171
16084,0.06248751
16085,0.06385346
16086,0.06662057
16087,0.06360897
16088,0.061882365
16089,0.06374337
16090,0.06010167
16091,0.057806745
16092,0.057527043
16093,0.06203926
16094,0.062308345
16095,0.064504854
16096,0.242472
16097,0.06382803
16098,0.5998735
16099,0.69844234
16100,0.6386372
16101,0.5114636
16102,0.05823875
16103,0.06249654
16104,0.061476484
16105,0.053309683
16106,0.07108655
16107,0.5561026
16108,0.07443588
16109,0.0648982
16110,0.064067654
16111,0.06345709
16112,0.0601573
16113,0.066282295
16114,0.063524894
16115,0.064735696
16116,0.06363589
16117,0.06546216
16118,0.06407276
16119,0.061008744
16120,0.06389351
16121,0.061378974
16122,0.5992302
16123,0.5094713
16124,0.26693767
16125,0.62341815
16126,0.5838391
16127,0.617039
16128,0.28212962
16129,0.06403718
16130,0.06363873
16131,0.06593951
16132,0.063501745
16133,0.06119005
16134,0.06572576
16135,0.6609439
16136,0.2669593
16137,0.6494968
16138,0.06527488
16139,0.06427966
16140,0.05513221
16141,0.06071242
16142,0.06281147
16143,0.060640443
16144,0.06407276
16145,0.06371797
16146,0.07175196
16147,0.76690304
16148,0.78338665
16149,0.5840467
16150,0.2704683
16151,0.5927731
16152,0.25918502
16153,0.062080853
16154,0.06491554
16155,0.061490905
16156,0.05643231
16157,0.059264448
16158,0.06500693
16159,0.069810785
16160,0.07001189
16161,0.059928462
16162,0.058648676
16163,0.0648742
16164,0.06378017
16165,0.05948975
16166,0.53417236
16167,0.064070605
16168,0.061299533
16169,0.06105415
16170,0.07556553
16171,0.26965
16172,0.064350635
16173,0.058829866
16174,0.5594356
16175,0.06374178
16176,0.0598766
16177,0.06403228
16178,0.064506054
16179,0.0637713
16180,0.067800574
16181,0.06773895
16182,0.065909296
16183,0.06761831
16184,0.059546355
16185,0.06347042
16186,0.06255778
16187,0.26909393
16188,0.07108655
16189,0.064506054
16190,0.07374407
16191,0.06319001
16192,0.06492421
16193,0.060142692
16194,0.07029753
16195,0.059477266
16196,0.05967228
16197,0.06059808
16198,0.060257174
16199,0.6556246
16200,0.6370707
16201,0.06601656
16202,0.052995607
16203,0.058944587
16204,0.05903945
16205,0.0642804
16206,0.056776427
16207,0.06757119
16208,0.0623706
16209,0.065542586
16210,0.07041352
16211,0.06146521
16212,0.056422178
16213,0.06389351
16214,0.06378068
16215,0.0610141
16216,0.6679309
16217,0.057089318
16218,0.06374178
16219,0.06275314
16220,0.062488686
16221,0.061736837
16222,0.592804
16223,0.06254325
16224,0.06279143
16225,0.0598766
16226,0.059600763
16227,0.0586874
16228,0.05948975
16229,0.062686756
16230,0.06732869
16231,0.06287831
16232,0.06307353
16233,0.06341632
16234,0.06378068
16235,0.07001189
16236,0.06430133
16237,0.060934316
16238,0.06570599
16239,0.063629255
16240,0.06350098
16241,0.06319151
16242,0.56517506
16243,0.061736837
16244,0.06305284
16245,0.06371797
16246,0.06071242
16247,0.060392205
16248,0.061522767
16249,0.06308665
16250,0.27486166
16251,0.069810785
16252,0.064774916
16253,0.06756362
16254,0.09389866
16255,0.06389382
16256,0.06335924
16257,0.26610634
16258,0.05832669
16259,0.061681278
16260,0.058944587
16261,0.06234294
16262,0.059883125
16263,0.66732144
16264,0.5536344
16265,0.06134479
16266,0.062686756
16267,0.05948975
16268,0.06133608
16269,0.06467205
16270,0.093515374
16271,0.064490095
16272,0.06384114
16273,0.60160035
16274,0.057288446
16275,0.06305284
16276,0.06278399
16277,0.063892916
16278,0.06365588
16279,0.055809814
16280,0.05652728
16281,0.27089655
16282,0.06738222
16283,0.064033955
16284,0.06560741
16285,0.056776427
16286,0.064638644
16287,0.060105015
16288,0.06173118
16289,0.07118759
16290,0.064429425
16291,0.06520775
16292,0.06248757
16293,0.052053165
16294,0.06736285
16295,0.07309872
16296,0.06305596
16297,0.06986035
16298,0.058648676
16299,0.064151
16300,0.06411382
16301,0.062021792
16302,0.06345575
16303,0.06432873
16304,0.06368779
16305,0.7698815
16306,0.06389351
16307,0.06368779
16308,0.060102798
16309,0.055313535
16310,0.067258544
16311,0.0586874
16312,0.551679
16313,0.07118759
16314,0.07001189
16315,0.060085814
16316,0.063501745
16317,0.06363777
16318,0.059279494
16319,0.06821997
16320,0.06790044
16321,0.060467575
16322,0.5838391
16323,0.06281147
16324,0.064421125
16325,0.06248757
16326,0.059759222
16327,0.0623706
16328,0.05752984
16329,0.0634789
16330,0.06363873
16331,0.06990475
16332,0.05968924
16333,0.06986035
16334,0.06296835
16335,0.059950143
16336,0.26912895
16337,0.06522055
16338,0.06152031
16339,0.05967228
16340,0.06737814
16341,0.06477766
16342,0.2968464
16343,0.27818844
16344,0.2711499
16345,0.06572576
16346,0.062080853
16347,0.06790044
16348,0.052554846
16349,0.058911286
16350,0.061445147
16351,0.062080853
16352,0.063674316
16353,0.06345687
16354,0.0635989
16355,0.06289149
16356,0.06233863
16357,0.06308502
16358,0.06283138
16359,0.09752644
16360,0.061705675
16361,0.056458168
16362,0.05968924
16363,0.27354556
16364,0.06287831
16365,0.060094893
16366,0.06308502
16367,0.06492421
16368,0.06521877
16369,0.06417553
16370,0.06281804
16371,0.059264448
16372,0.06542962
16373,0.06389382
16374,0.06356865
16375,0.062222518
16376,0.06241863
16377,0.06994148
16378,0.05652728
16379,0.05427155
16380,0.052779287
16381,0.061719194
16382,0.06084152
16383,0.07986145
16384,0.066133626
16385,0.06512329
16386,0.06072739
16387,0.05863499
16388,0.06360897
16389,0.06038434
16390,0.06474211
16391,0.059671722
16392,0.06278399
16393,0.06576061
16394,0.063984185
16395,0.065143876
16396,0.065143876
16397,0.06500693
16398,0.06277938
16399,0.06374337
16400,0.07118759
16401,0.064821124
16402,0.063524894
16403,0.06843732
16404,0.05917894
16405,0.061052065
16406,0.06214659
16407,0.06155872
16408,0.05802329
16409,0.06989061
16410,0.055788018
16411,0.06117836
16412,0.06417553
16413,0.06374178
16414,0.06281038
16415,0.06278672
16416,0.06737814
16417,0.06604996
16418,0.05997951
16419,0.06049615
16420,0.06147072
16421,0.075980656
16422,0.06569711
16423,0.06378017
16424,0.062488686
16425,0.055684667
16426,0.059450254
16427,0.06038434
16428,0.05693763
16429,0.06068227
16430,0.06374337
16431,0.07446584
16432,0.062367715
16433,0.06308854
16434,0.063159816
16435,0.06633747
16436,0.066233404
16437,0.059901755
16438,0.07044348
16439,0.060676645
16440,0.057602916
16441,0.06319607
16442,0.06675518
16443,0.066536
16444,0.06332707
16445,0.064549364
16446,0.26700193
16447,0.058994684
16448,0.061071247
16449,0.2676396
16450,0.06523336
16451,0.27985656
16452,0.06636906
16453,0.26849696
16454,0.06088696
16455,0.06420572
16456,0.06441687
16457,0.053138267
16458,0.06617869
16459,0.051194172
16460,0.06437982
16461,0.066449344
16462,0.65489066
16463,0.2687391
16464,0.06425712
16465,0.066167094
16466,0.06309598
16467,0.058018867
16468,0.059138715
16469,0.062806174
16470,0.06405622
16471,0.26618695
16472,0.61186427
16473,0.06017383
16474,0.07210676
16475,0.060382437
16476,0.063794374
16477,0.061071247
16478,0.06407497
16479,0.07110539
16480,0.06566103
16481,0.064549364
16482,0.6718962
16483,0.070147984
16484,0.0652649
16485,0.6078888
16486,0.059920155
16487,0.06407076
16488,0.52089065
16489,0.06132128
16490,0.30037567
16491,0.06601727
16492,0.06883449
16493,0.06327315
16494,0.059503727
16495,0.06130651
16496,0.06325045
16497,0.062790066
16498,0.060424857
16499,0.06453105
16500,0.060171604
16501,0.63747776
16502,0.05733181
16503,0.059499003
16504,0.066167094
16505,0.057273388
16506,0.063821405
16507,0.06258871
16508,0.06340218
16509,0.07106335
16510,0.27308345
16511,0.2716438
16512,0.07658548
16513,0.058111943
16514,0.07034111
16515,0.07008384
16516,0.46615776
16517,0.05598141
16518,0.06743834
16519,0.28232324
16520,0.6406655
16521,0.06509921
16522,0.063623816
16523,0.06760169
16524,0.06167877
16525,0.070933655
16526,0.06644815
16527,0.06356138
16528,0.060319517
16529,0.061956547
16530,0.063159816
16531,0.055449497
16532,0.26564214
16533,0.66000605
16534,0.061841134
16535,0.27046698
16536,0.062367715
16537,0.06368072
16538,0.05656507
16539,0.26885965
16540,0.06527787
16541,0.07405322
16542,0.05639379
16543,0.06368072
16544,0.056407806
16545,0.6429399
16546,0.5828146
16547,0.06814239
16548,0.060205165
16549,0.06891063
16550,0.06509438
16551,0.06257561
16552,0.053138267
16553,0.06362924
16554,0.068518385
16555,0.06045669
16556,0.06667135
16557,0.06408221
16558,0.0623124
16559,0.06349126
16560,0.056812264
16561,0.057602916
16562,0.06272179
16563,0.0652649
16564,0.27211258
16565,0.06623939
16566,0.06358622
16567,0.058356736
16568,0.07110539
16569,0.0660246
16570,0.059503566
16571,0.06107537
16572,0.0769496
16573,0.06695101
16574,0.060205165
16575,0.059386108
16576,0.27469087
16577,0.06199654
16578,0.062188238
16579,0.067298494
16580,0.066337444
16581,0.059901755
16582,0.06561495
16583,0.071795195
16584,0.059503566
16585,0.065195166
16586,0.058459632
16587,0.06635867
16588,0.058407094
16589,0.2525913
16590,0.059619088
16591,0.27062294
16592,0.27546868
16593,0.2689578
16594,0.06659211
16595,0.060676645
16596,0.06972638
16597,0.060803328
16598,0.055449497
16599,0.056523934
16600,0.072717525
16601,0.7003653
16602,0.059901755
16603,0.06561495
16604,0.0647046
16605,0.058407094
16606,0.06431415
16607,0.057647396
16608,0.055904478
16609,0.057384353
16610,0.062287744
16611,0.059280105
16612,0.06362924
16613,0.07202006
16614,0.07008384
16615,0.058436025
16616,0.06588569
16617,0.063867785
16618,0.058436025
16619,0.27211258
16620,0.64131266
16621,0.062806174
16622,0.05771692
16623,0.059615612
16624,0.06362924
16625,0.06779632
16626,0.060205165
16627,0.06700414
16628,0.058310833
16629,0.06302636
16630,0.06469599
16631,0.061983794
16632,0.059371088
16633,0.06576695
16634,0.06437982
16635,0.05942277
16636,0.06633747
16637,0.06580156
16638,0.05332341
16639,0.06265521
16640,0.062448144
16641,0.097147614
16642,0.063806415
16643,0.056812264
16644,0.058310833
16645,0.060205165
16646,0.06804756
16647,0.06759991
16648,0.27355015
16649,0.06743155
16650,0.063641965
16651,0.057141274
16652,0.06134841
16653,0.06037369
16654,0.06874798
16655,0.056290828
16656,0.06736546
16657,0.07013353
16658,0.0633962
16659,0.0653824
16660,0.06779632
16661,0.062018406
16662,0.06115394
16663,0.05828325
16664,0.065326996
16665,0.07002508
16666,0.064896666
16667,0.056442823
16668,0.057303086
16669,0.06111116
16670,0.063479386
16671,0.066483706
16672,0.06802528
16673,0.5477261
16674,0.06872572
16675,0.08253806
16676,0.06410796
16677,0.059603866
16678,0.06622139
16679,0.059619088
16680,0.061670724
16681,0.05332341
16682,0.2690356
16683,0.061401766
16684,0.068831675
16685,0.06327315
16686,0.05321215
16687,0.061451532
16688,0.06633747
16689,0.06926707
16690,0.06351904
16691,0.0640016
16692,0.06271667
16693,0.06648832
16694,0.06302636
16695,0.06776838
16696,0.71141356
16697,0.06113466
16698,0.056958053
16699,0.309716
16700,0.0621333
16701,0.27660826
16702,0.06598623
16703,0.06326626
16704,0.0598544
16705,0.061692532
16706,0.058407094
16707,0.058994684
16708,0.28364822
16709,0.065195166
16710,0.2765223
16711,0.060358193
16712,0.06281198
16713,0.066828035
16714,0.063818105
16715,0.0660246
16716,0.058596496
16717,0.061195675
16718,0.058356736
16719,0.0633962
16720,0.08253806
16721,0.27803573
16722,0.06576695
16723,0.063907936
16724,0.06720103
16725,0.059603866
16726,0.6827165
16727,0.061809797
16728,0.063806415
16729,0.060761355
16730,0.06743834
16731,0.6364518
16732,0.059371088
16733,0.06465754
16734,0.72948915
16735,0.05942277
16736,0.06193517
16737,0.07251409
16738,0.06742492
16739,0.062951565
16740,0.06588569
16741,0.2714901
16742,0.2730662
16743,0.055558927
16744,0.06414546
16745,0.07642081
16746,0.28061387
16747,0.06832445
16748,0.0671627
16749,0.26342782
16750,0.6716489
16751,0.05656507
16752,0.06326194
16753,0.07049629
16754,0.06478576
16755,0.061826833
16756,0.67642134
16757,0.056997444
16758,0.060319517
16759,0.6318535
16760,0.06130651
16761,0.28147775
16762,0.062007524
16763,0.06390279
16764,0.07202006
16765,0.06271667
16766,0.05815746
16767,0.62123954
16768,0.0633962
16769,0.066337444
16770,0.07738826
16771,0.06553087
16772,0.054034166
16773,0.63853645
16774,0.6580528
16775,0.06269925
16776,0.27525607
16777,0.061906453
16778,0.2695609
16779,0.69447386
16780,0.27030504
16781,0.28263512
16782,0.06643044
16783,0.27795914
16784,0.0633951
16785,0.06776838
16786,0.054617062
16787,0.060205165
16788,0.06695328
16789,0.05588683
16790,0.06509728
16791,0.059499003
16792,0.06708869
16793,0.061906453
16794,0.059972864
16795,0.0756655
16796,0.29334784
16797,0.06015963
16798,0.07106335
16799,0.27308345
16800,0.05941115
16801,0.056290828
16802,0.6072693
16803,0.59573984
16804,0.5557834
16805,0.05815746
16806,0.08221488
16807,0.067965224
16808,0.66335636
16809,0.062418822
16810,0.06806877
16811,0.061220583
16812,0.05753044
16813,0.063498676
16814,0.066837035
16815,0.058444995
16816,0.061836466
16817,0.64679086
16818,0.06399479
16819,0.060171604
16820,0.060424857
16821,0.060171604
16822,0.06806877
16823,0.06286507
16824,0.26447338
16825,0.6537763
16826,0.061164577
16827,0.06707791
16828,0.06690285
16829,0.27062294
16830,0.7141597
16831,0.6324022
16832,0.54922706
16833,0.06760169
16834,0.06911095
16835,0.06295207
16836,0.7074777
16837,0.061401766
16838,0.28216204
16839,0.06315096
16840,0.052882645
16841,0.07450663
16842,0.06712072
16843,0.06320114
16844,0.06340218
16845,0.064549364
16846,0.61243933
16847,0.58677906
16848,0.2698415
16849,0.06249376
16850,0.067689136
16851,0.06529663
16852,0.28462198
16853,0.060329758
16854,0.06323879
16855,0.06292024
16856,0.06351904
16857,0.07222897
16858,0.06720103
16859,0.06523336
16860,0.06435074
16861,0.65210724
16862,0.6409663
16863,0.6417139
16864,0.06782964
16865,0.06742492
16866,0.27120525
16867,0.31258073
16868,0.06115394
16869,0.062808454
16870,0.06779632
16871,0.06804756
16872,0.05950412
16873,0.06341449
16874,0.51314414
16875,0.7017972
16876,0.05656507
16877,0.06808776
16878,0.0397602
16879,0.063154355
16880,0.055363126
16881,0.53154844
16882,0.28689393
16883,0.059718873
16884,0.057070117
16885,0.06529663
16886,0.0636242
16887,0.07522472
16888,0.062217284
16889,0.2779667
16890,0.27081105
16891,0.06341858
16892,0.062274512
16893,0.0630668
16894,0.06965338
16895,0.06782964
16896,0.27880695
16897,0.0641361
16898,0.05699859
16899,0.020617316
16900,0.061770156
16901,0.06965338
16902,0.06351382
16903,0.060147196
16904,0.68278277
16905,0.78927094
16906,0.28689393
16907,0.2676396
16908,0.07012677
16909,0.06253801
16910,0.27211258
16911,0.65477175
16912,0.0655295
16913,0.065967016
16914,0.06134841
16915,0.05815746
16916,0.27030504
16917,0.05828247
16918,0.2709329
16919,0.27484983
16920,0.2689578
16921,0.5484733
16922,0.26775447
16923,0.051810484
16924,0.061228063
16925,0.27480882
16926,0.06622139
16927,0.065511785
16928,0.06399479
16929,0.058559064
16930,0.058471322
16931,0.06699497
16932,0.062287744
16933,0.066828035
16934,0.62358123
16935,0.2692832
16936,0.63187927
16937,0.27497905
16938,0.062806174
16939,0.06341858
16940,0.685935
16941,0.06281616
16942,0.06115394
16943,0.055734836
16944,0.066934176
16945,0.5477261
16946,0.2698415
16947,0.054034166
16948,0.059503727
16949,0.6412006
16950,0.5539757
16951,0.07106335
16952,0.07135509
16953,0.065063044
16954,0.061956547
16955,0.057930075
16956,0.058302134
16957,0.068290435
16958,0.0633962
16959,0.06464646
16960,0.06293842
16961,0.6393246
16962,0.60911596
16963,0.65477175
16964,0.6648688
16965,0.73260355
16966,0.05941115
16967,0.061139423
16968,0.07008384
16969,0.27391118
16970,0.06699497
16971,0.07062663
16972,0.06743155
16973,0.06911095
16974,0.06295207
16975,0.06573726
16976,0.06332707
16977,0.061299156
16978,0.0640016
16979,0.06528903
16980,0.06015963
16981,0.05608359
16982,0.06736546
16983,0.0756655
16984,0.06517257
16985,0.06641858
16986,0.2704875
16987,0.2704875
16988,0.62425387
16989,0.7540525
16990,0.65803474
16991,0.2680957
16992,0.058912728
16993,0.06953944
16994,0.06332707
16995,0.06267796
16996,0.062448144
16997,0.062048476
16998,0.06270418
16999,0.066673175
17000,0.86658436
17001,0.05649258
17002,0.058024254
17003,0.06467105
17004,0.06606297
17005,0.0647046
17006,0.06478576
17007,0.06617869
17008,0.059386108
17009,0.065967016
17010,0.06328911
17011,0.06624448
17012,0.06965338
17013,0.06013135
17014,0.06017383
17015,0.57633305
17016,0.71727353
17017,0.276375
17018,0.5557834
17019,0.65477175
17020,0.6473434
17021,0.27355015
17022,0.06115394
17023,0.059972864
17024,0.059920155
17025,0.06130651
17026,0.069951445
17027,0.063235514
17028,0.0703291
17029,0.41960102
17030,0.27898824
17031,0.64069915
17032,0.06052616
17033,0.065568894
17034,0.06971786
17035,0.062053643
17036,0.06466134
17037,0.05598141
17038,0.0607769
17039,0.07011666
17040,0.06134841
17041,0.063498676
17042,0.6333808
17043,0.62504333
17044,0.65803474
17045,0.27797252
17046,0.62504333
17047,0.07013353
17048,0.058994684
17049,0.06193517
17050,0.066449344
17051,0.06410796
17052,0.05608359
17053,0.061951492
17054,0.06281616
17055,0.06617869
17056,0.27731854
17057,0.0581103
17058,0.06623939
17059,0.59389824
17060,0.061951492
17061,0.06467105
17062,0.06301241
17063,0.26636544
17064,0.065706536
17065,0.061195675
17066,0.62369853
17067,0.06441687
17068,0.06620973
17069,0.059503566
17070,0.06601727
17071,0.0633962
17072,0.060814716
17073,0.06498065
17074,0.055619042
17075,0.060424857
17076,0.066233404
17077,0.0607769
17078,0.2696436
17079,0.062951565
17080,0.051810484
17081,0.06588569
17082,0.06410796
17083,0.063641965
17084,0.060970433
17085,0.06641858
17086,0.059920155
17087,0.07410296
17088,0.5893339
17089,0.6458747
17090,0.05933975
17091,0.0561869
17092,0.06577567
17093,0.07258068
17094,0.057298366
17095,0.06501244
17096,0.05873893
17097,0.06130651
17098,0.06398776
17099,0.07450663
17100,0.058596496
17101,0.06360945
17102,0.06281198
17103,0.06302842
17104,0.6648688
17105,0.06708869
17106,0.06420572
17107,0.06893709
17108,0.058559064
17109,0.056523934
17110,0.6771158
17111,0.06474621
17112,0.06611364
17113,0.0620443
17114,0.0510216
17115,0.06804471
17116,0.06015963
17117,0.059920155
17118,0.058111943
17119,0.058498293
17120,0.06636906
17121,0.060711112
17122,0.06269925
17123,0.060205165
17124,0.0565073
17125,0.06335623
17126,0.063021384
17127,0.06661345
17128,0.06808375
17129,0.2698415
17130,0.0654885
17131,0.071795195
17132,0.06189718
17133,0.072717525
17134,0.06808776
17135,0.065591045
17136,0.0640952
17137,0.28232324
17138,0.067650035
17139,0.06740182
17140,0.06405022
17141,0.058994684
17142,0.065731026
17143,0.068518385
17144,0.27497905
17145,0.06334114
17146,0.062965766
17147,0.060424857
17148,0.0633951
17149,0.06199654
17150,0.6255525
17151,0.65194905
17152,0.28111497
17153,0.061836086
17154,0.05699859
17155,0.06582774
17156,0.057273388
17157,0.1318379
17158,0.058111943
17159,0.06293842
17160,0.5444479
17161,0.05639379
17162,0.06329267
17163,0.065063044
17164,0.061220583
17165,0.06115394
17166,0.0640016
17167,0.06324279
17168,0.6737331
17169,0.056818776
17170,0.062048476
17171,0.06489488
17172,0.06249376
17173,0.0653824
17174,0.06611364
17175,0.067707576
17176,0.06189718
17177,0.066449344
17178,0.062048476
17179,0.059901755
17180,0.06737161
17181,0.061401766
17182,0.059612837
17183,0.06263564
17184,0.062048476
17185,0.060358193
17186,0.059298478
17187,0.06451643
17188,0.06130651
17189,0.061983794
17190,0.06211504
17191,0.06013135
17192,0.062882744
17193,0.6956877
17194,0.0614278
17195,0.06509921
17196,0.058254205
17197,0.06821219
17198,0.06167599
17199,0.06332707
17200,0.06440181
17201,0.054617062
17202,0.28511742
17203,0.06509921
17204,0.064896666
17205,0.06611364
17206,0.06258871
17207,0.074619144
17208,0.06523336
17209,0.060970433
17210,0.06263564
17211,0.065531746
17212,0.06699497
17213,0.05075341
17214,0.054034166
17215,0.06509921
17216,0.0591897
17217,0.6810413
17218,0.06253801
17219,0.07450663
17220,0.06264687
17221,0.07210676
17222,0.067965224
17223,0.05921496
17224,0.063806415
17225,0.06134841
17226,0.07258068
17227,0.05588683
17228,0.062925816
17229,0.061773125
17230,0.058908276
17231,0.056296516
17232,0.062835656
17233,0.06286507
17234,0.058436025
17235,0.056645427
17236,0.2739304
17237,0.27201957
17238,0.067298494
17239,0.061809797
17240,0.06263564
17241,0.06435074
17242,0.05873893
17243,0.063479386
17244,0.0633951
17245,0.06265521
17246,0.06527787
17247,0.062835656
17248,0.06130651
17249,0.055449497
17250,0.0671627
17251,0.059386108
17252,0.05699859
17253,0.059972864
17254,0.066233404
17255,0.06441687
17256,0.06509728
17257,0.0769496
17258,0.06613571
17259,0.06088696
17260,0.06527787
17261,0.063641965
17262,0.06501406
17263,0.05598141
17264,0.06425684
17265,0.062806174
17266,0.069799244
17267,0.06553087
17268,0.07034111
17269,0.06184357
17270,0.07011666
17271,0.059503727
17272,0.06300794
17273,0.067158796
17274,0.05639379
17275,0.06514825
17276,0.062053643
17277,0.0656523
17278,0.06345756
17279,0.060273778
17280,0.06180698
17281,0.06384225
17282,0.06465133
17283,0.0663022
17284,0.06378678
17285,0.06712072
17286,0.043001052
17287,0.05321215
17288,0.06324279
17289,0.06287576
17290,0.065511785
17291,0.06685936
17292,0.059298478
17293,0.06624448
17294,0.06362254
17295,0.05566866
17296,0.074926496
17297,0.06451643
17298,0.06782964
17299,0.06088696
17300,0.06410796
17301,0.07106335
17302,0.07154957
17303,0.061836466
17304,0.056359563
17305,0.0660246
17306,0.055363126
17307,0.06620973
17308,0.05942277
17309,0.06183304
17310,0.28069803
17311,0.05941761
17312,0.062274512
17313,0.06320114
17314,0.062489264
17315,0.05771692
17316,0.06407076
17317,0.063479386
17318,0.055449497
17319,0.061080147
17320,0.060273778
17321,0.06601727
17322,0.072717525
17323,0.06984004
17324,0.06740182
17325,0.07228234
17326,0.07410296
17327,0.064631894
17328,0.06928311
17329,0.066344075
17330,0.075307794
17331,0.2756637
17332,0.061037518
17333,0.060325842
17334,0.064474754
17335,0.067496344
17336,0.067116566
17337,0.080945395
17338,0.072109126
17339,0.06839368
17340,0.06592871
17341,0.6095092
17342,0.062426135
17343,0.06127895
17344,0.06113707
17345,0.28073174
17346,0.06609598
17347,0.2717452
17348,0.063624345
17349,0.062438793
17350,0.06779461
17351,0.070673496
17352,0.074762344
17353,0.06543205
17354,0.06990141
17355,0.6751459
17356,0.058763474
17357,0.59899193
17358,0.2713753
17359,0.06737862
17360,0.2815706
17361,0.061395943
17362,0.065186135
17363,0.07533345
17364,0.06047341
17365,0.060995646
17366,0.06500781
17367,0.2729878
17368,0.7401812
17369,0.7707004
17370,0.062401325
17371,0.26941353
17372,0.06616838
17373,0.0694895
17374,0.06571553
17375,0.06555025
17376,0.0640023
17377,0.062828526
17378,0.6660359
17379,0.06886699
17380,0.28158158
17381,0.6954528
17382,0.060477953
17383,0.075218484
17384,0.59911066
17385,0.06237871
17386,0.27565658
17387,0.06279992
17388,0.06206558
17389,0.0640056
17390,0.06655683
17391,0.066344075
17392,0.0618454
17393,0.06070208
17394,0.06407539
17395,0.07137359
17396,0.06980849
17397,0.058763474
17398,0.64536196
17399,0.062253725
17400,0.06912962
17401,0.068943486
17402,0.07092085
17403,0.06722495
17404,0.062774144
17405,0.06262733
17406,0.05858166
17407,0.06545284
17408,0.06886699
17409,0.06543205
17410,0.06668575
17411,0.2771481
17412,0.06561053
17413,0.084635906
17414,0.05983127
17415,0.035945754
17416,0.065491885
17417,0.675893
17418,0.0657432
17419,0.06487597
17420,0.5894916
17421,0.27574232
17422,0.07114784
17423,0.061846707
17424,0.06448064
17425,0.058406617
17426,0.0632548
17427,0.06416717
17428,0.06587183
17429,0.06484459
17430,0.061045025
17431,0.07829536
17432,0.07894135
17433,0.064545855
17434,0.06565306
17435,0.27619523
17436,0.6551823
17437,0.06968247
17438,0.2865328
17439,0.06833784
17440,0.06395909
17441,0.057621647
17442,0.06760169
17443,0.07934722
17444,0.26982334
17445,0.063272044
17446,0.072109126
17447,0.06629795
17448,0.06466349
17449,0.27169698
17450,0.6337904
17451,0.064342394
17452,0.06603063
17453,0.066344075
17454,0.06454413
17455,0.06567762
17456,0.059865113
17457,0.062820524
17458,0.06674321
17459,0.066998206
17460,0.05882332
17461,0.063425474
17462,0.06503496
17463,0.07211137
17464,0.06442812
17465,0.061231054
17466,0.07345892
17467,0.065904476
17468,0.06261591
17469,0.06087372
17470,0.27846116
17471,0.0639833
17472,0.06504049
17473,0.0656307
17474,0.066194184
17475,0.06562757
17476,0.06589427
17477,0.05983127
17478,0.0742625
17479,0.06592871
17480,0.07262407
17481,0.07419445
17482,0.28396803
17483,0.06722495
17484,0.06555025
17485,0.064603075
17486,0.07161022
17487,0.061963495
17488,0.06377037
17489,0.06567997
17490,0.06372289
17491,0.073445715
17492,0.06610829
17493,0.06127895
17494,0.058902144
17495,0.058578756
17496,0.069951914
17497,0.058691062
17498,0.27439982
17499,0.2728795
17500,0.2599759
17501,0.06429743
17502,0.06668575
17503,0.05962342
17504,0.06886699
17505,0.061558995
17506,0.06110494
17507,0.06724161
17508,0.07729348
17509,0.68618953
17510,0.061631396
17511,0.05955076
17512,0.066344075
17513,0.06501842
17514,0.06772131
17515,0.06824851
17516,0.07977865
17517,0.0652741
17518,0.061980594
17519,0.06555025
17520,0.05892883
17521,0.070365235
17522,0.06312112
17523,0.059694517
17524,0.29135737
17525,0.27565658
17526,0.06901466
17527,0.06081378
17528,0.072822645
17529,0.06081378
17530,0.060794156
17531,0.06567997
17532,0.06355532
17533,0.060439747
17534,0.06440682
17535,0.061556604
17536,0.060002062
17537,0.0661424
17538,0.06448064
17539,0.0701046
17540,0.06087372
17541,0.06409495
17542,0.06556939
17543,0.06332544
17544,0.08662137
17545,0.07345892
17546,0.0680203
17547,0.060897328
17548,0.062820524
17549,0.064205974
17550,0.063028686
17551,0.070860155
17552,0.2743492
17553,0.27665368
17554,0.05855975
17555,0.06156661
17556,0.0607606
17557,0.074466825
17558,0.060290053
17559,0.06922744
17560,0.061883103
17561,0.07029741
17562,0.0639235
17563,0.058426235
17564,0.059832484
17565,0.06383513
17566,0.06563065
17567,0.06488329
17568,0.06630287
17569,0.06833784
17570,0.062290132
17571,0.060372416
17572,0.06783803
17573,0.05873204
17574,0.08570674
17575,0.061759796
17576,0.27136254
17577,0.066344075
17578,0.06348
17579,0.05819453
17580,0.06411499
17581,0.09285012
17582,0.06503496
17583,0.06703046
17584,0.06372289
17585,0.06674943
17586,0.2717452
17587,0.0672922
17588,0.06514856
17589,0.068192735
17590,0.06195902
17591,0.06754205
17592,0.062375486
17593,0.06098311
17594,0.05889515
17595,0.075218484
17596,0.06642362
17597,0.06409495
17598,0.06395909
17599,0.59763855
17600,0.06113397
17601,0.06763264
17602,0.59521294
17603,0.059005808
17604,0.28096277
17605,0.06682278
17606,0.06237871
17607,0.06491689
17608,0.066344075
17609,0.080945395
17610,0.06548848
17611,0.06343626
17612,0.27532133
17613,0.0591768
17614,0.06992197
17615,0.075218484
17616,0.06829872
17617,0.07962466
17618,0.061950225
17619,0.060903244
17620,0.06237747
17621,0.065423355
17622,0.0638784
17623,0.06533418
17624,0.07398752
17625,0.063425474
17626,0.06429485
17627,0.27754804
17628,0.6386015
17629,0.05918739
17630,0.06312112
17631,0.073445715
17632,0.070524946
17633,0.0647073
17634,0.6448022
17635,0.058691062
17636,0.55852866
17637,0.28360316
17638,0.06772131
17639,0.06824851
17640,0.06343626
17641,0.07936467
17642,0.061377082
17643,0.2882718
17644,0.2728795
17645,0.061838422
17646,0.059510585
17647,0.06503496
17648,0.06668185
17649,0.063482635
17650,0.05846938
17651,0.6509267
17652,0.06777889
17653,0.06603063
17654,0.07441013
17655,0.07300331
17656,0.28872848
17657,0.5822017
17658,0.0665135
17659,0.6081804
17660,0.073795676
17661,0.27818704
17662,0.06574747
17663,0.0584686
17664,0.072273366
17665,0.058763474
17666,0.063028686
17667,0.07002915
17668,0.62981325
17669,0.067923956
17670,0.07001833
17671,0.27659643
17672,0.06127895
17673,0.24526872
17674,0.6485544
17675,0.60656375
17676,0.060325842
17677,0.28096277
17678,0.28097975
17679,0.53972274
17680,0.28434145
17681,0.6616058
17682,0.062375486
17683,0.2691664
17684,0.059681106
17685,0.063465886
17686,0.06504049
17687,0.059367247
17688,0.06357419
17689,0.0714529
17690,0.0712274
17691,0.062828526
17692,0.061856266
17693,0.06548848
17694,0.06548848
17695,0.0647529
17696,0.2780225
17697,0.27169698
17698,0.06488329
17699,0.62256736
17700,0.059131097
17701,0.067066096
17702,0.6431453
17703,0.59856254
17704,0.6731063
17705,0.067695856
17706,0.06665401
17707,0.07159378
17708,0.061906796
17709,0.5981118
17710,0.061368413
17711,0.070380084
17712,0.07388586
17713,0.07353823
17714,0.064205974
17715,0.066998206
17716,0.067323945
17717,0.06823876
17718,0.6790183
17719,0.0656307
17720,0.068033084
17721,0.29179457
17722,0.061231054
17723,0.063873746
17724,0.065138385
17725,0.29095748
17726,0.6380001
17727,0.063028686
17728,0.061217375
17729,0.070380084
17730,0.058406617
17731,0.78201205
17732,0.6553167
17733,0.6557106
17734,0.058458928
17735,0.06355532
17736,0.062137254
17737,0.27692103
17738,0.06278714
17739,0.28830782
17740,0.07039365
17741,0.06485786
17742,0.06278714
17743,0.06332544
17744,0.067323945
17745,0.061533842
17746,0.655564
17747,0.6708059
17748,0.27136254
17749,0.062014874
17750,0.06494715
17751,0.06693058
17752,0.0646612
17753,0.05414041
17754,0.07478799
17755,0.06655683
17756,0.06587183
17757,0.07262407
17758,0.06841995
17759,0.06574747
17760,0.7359399
17761,0.6436624
17762,0.8029892
17763,0.066344075
17764,0.06555025
17765,0.27725217
17766,0.28158158
17767,0.07364649
17768,0.06371916
17769,0.072109126
17770,0.065904476
17771,0.06900764
17772,0.6273331
17773,0.70908356
17774,0.06720458
17775,0.065491885
17776,0.059037138
17777,0.06383513
17778,0.06657816
17779,0.6833709
17780,0.066447444
17781,0.059131097
17782,0.05885929
17783,0.07092076
17784,0.061368413
17785,0.07364649
17786,0.060853437
17787,0.27299508
17788,0.61996204
17789,0.05993479
17790,0.065904476
17791,0.06237871
17792,0.06334547
17793,0.2729975
17794,0.066572286
17795,0.06474979
17796,0.06098311
17797,0.07077923
17798,0.06581346
17799,0.062290132
17800,0.06630287
17801,0.607532
17802,0.39447355
17803,0.2771481
17804,0.27192196
17805,0.073040925
17806,0.065904476
17807,0.073445715
17808,0.6368571
17809,0.059037138
17810,0.063651934
17811,0.07870998
17812,0.060076997
17813,0.05858166
17814,0.07559801
17815,0.07870998
17816,0.6094913
17817,0.28445208
17818,0.27382237
17819,0.74080795
17820,0.075812966
17821,0.07729348
17822,0.060650803
17823,0.27565658
17824,0.063028686
17825,0.06722648
17826,0.06216096
17827,0.0714529
17828,0.06298671
17829,0.067116566
17830,0.06345596
17831,0.27421775
17832,0.6615579
17833,0.27718282
17834,0.6830744
17835,0.64414626
17836,0.06324424
17837,0.072382756
17838,0.29065776
17839,0.07559801
17840,0.0636939
17841,0.06704391
17842,0.06466349
17843,0.62638223
17844,0.28388244
17845,0.06703801
17846,0.061963495
17847,0.59916085
17848,0.6778657
17849,0.06452503
17850,0.0646717
17851,0.065193005
17852,0.061810985
17853,0.06413396
17854,0.07329899
17855,0.060439747
17856,0.066837884
17857,0.060639836
17858,0.060650803
17859,0.64536196
17860,0.6716854
17861,0.59922856
17862,0.62542224
17863,0.6138707
17864,0.0647073
17865,0.072114475
17866,0.066104986
17867,0.061421216
17868,0.06657816
17869,0.066998206
17870,0.067496344
17871,0.05768565
17872,0.06464286
17873,0.060853437
17874,0.06722495
17875,0.0636939
17876,0.06237561
17877,0.06494715
17878,0.073040925
17879,0.06170121
17880,0.06665401
17881,0.061980594
17882,0.06577365
17883,0.060794156
17884,0.2747474
17885,0.06262733
17886,0.62978196
17887,0.65852654
17888,0.62335145
17889,0.2771871
17890,0.058921486
17891,0.06087372
17892,0.066808954
17893,0.063165605
17894,0.06237871
17895,0.06640778
17896,0.06540465
17897,0.06237561
17898,0.6222241
17899,0.05885929
17900,0.06969768
17901,0.06429485
17902,0.060315482
17903,0.057892013
17904,0.0611963
17905,0.06685882
17906,0.06577365
17907,0.06953491
17908,0.0611963
17909,0.089626454
17910,0.061345816
17911,0.056488793
17912,0.070860155
17913,0.6234839
17914,0.71916616
17915,0.26925793
17916,0.6454642
17917,0.58877945
17918,0.6331613
17919,0.27562398
17920,0.061231054
17921,0.072926566
17922,0.06387976
17923,0.080945395
17924,0.060903244
17925,0.060933232
17926,0.064603075
17927,0.607532
17928,0.27847058
17929,0.6146458
17930,0.061556604
17931,0.08841909
17932,0.063425474
17933,0.057892013
17934,0.061993897
17935,0.061200712
17936,0.07478799
17937,0.06901466
17938,0.06102767
17939,0.63138646
17940,0.6110491
17941,0.6790183
17942,0.6331521
17943,0.2725294
17944,0.28016332
17945,0.061775144
17946,0.0742625
17947,0.06540465
17948,0.06087372
17949,0.06824851
17950,0.06298811
17951,0.073711134
17952,0.06387976
17953,0.066104986
17954,0.07818203
17955,0.062980264
17956,0.066309124
17957,0.06327315
17958,0.6500383
17959,0.06371916
17960,0.062137254
17961,0.062243666
17962,0.06543205
17963,0.27692103
17964,0.058763474
17965,0.0591768
17966,0.27566496
17967,0.27976248
17968,0.069951914
17969,0.075413555
17970,0.06171716
17971,0.06487597
17972,0.061474845
17973,0.06665401
17974,0.06724161
17975,0.06409495
17976,0.06466349
17977,0.059792213
17978,0.061759796
17979,0.060897328
17980,0.0680203
17981,0.065904476
17982,0.061868105
17983,0.075218484
17984,0.06289742
17985,0.06892399
17986,0.06581346
17987,0.69997257
17988,0.58867913
17989,0.0701046
17990,0.06193292
17991,0.06728282
17992,0.06382936
17993,0.06087372
17994,0.060372416
17995,0.061517753
17996,0.06206558
17997,0.06076649
17998,0.06485786
17999,0.07559801
18000,0.08222054
18001,0.06740061
18002,0.05861238
18003,0.07262407
18004,0.58566624
18005,0.064205974
18006,0.06567997
18007,0.27815577
18008,0.06493809
18009,0.07296375
18010,0.63269967
18011,0.066837884
18012,0.062463757
18013,0.06324424
18014,0.06251365
18015,0.07240006
18016,0.063651934
18017,0.06540465
18018,0.061657175
18019,0.06237561
18020,0.07085455
18021,0.06829872
18022,0.07077448
18023,0.06545284
18024,0.061815336
18025,0.06131182
18026,0.27619523
18027,0.0591768
18028,0.06332544
18029,0.058743685
18030,0.060650803
18031,0.059897598
18032,0.060354244
18033,0.060646836
18034,0.28271964
18035,0.063425474
18036,0.075413555
18037,0.062055364
18038,0.066104986
18039,0.059681106
18040,0.06450893
18041,0.29214966
18042,0.06991362
18043,0.06900764
18044,0.060853437
18045,0.06332544
18046,0.06416452
18047,0.06871416
18048,0.6708059
18049,0.68002254
18050,0.2705724
18051,0.061906796
18052,0.061091714
18053,0.0701046
18054,0.061963495
18055,0.06740293
18056,0.061983604
18057,0.07035573
18058,0.6474228
18059,0.062290132
18060,0.068512544
18061,0.060933232
18062,0.06278714
18063,0.057621647
18064,0.061838422
18065,0.06427313
18066,0.5981118
18067,0.06731537
18068,0.28050044
18069,0.061857738
18070,0.060002062
18071,0.06670742
18072,0.06297167
18073,0.0680203
18074,0.06722495
18075,0.060372416
18076,0.062438793
18077,0.06448064
18078,0.06450893
18079,0.062955074
18080,0.06777889
18081,0.06657816
18082,0.064467624
18083,0.064474754
18084,0.0646612
18085,0.06278714
18086,0.06381846
18087,0.07159378
18088,0.058426235
18089,0.0633565
18090,0.0611963
18091,0.58108157
18092,0.061806303
18093,0.26941353
18094,0.06429743
18095,0.06257412
18096,0.062467113
18097,0.065904476
18098,0.061682474
18099,0.27192196
18100,0.059992544
18101,0.06602263
18102,0.058406617
18103,0.0731751
18104,0.06555025
18105,0.060933232
18106,0.061094616
18107,0.069906324
18108,0.05984245
18109,0.06548848
18110,0.62874967
18111,0.05856872
18112,0.07159378
18113,0.069951914
18114,0.06262733
18115,0.06630287
18116,0.063028686
18117,0.06501842
18118,0.061368413
18119,0.061312906
18120,0.05335153
18121,0.06488329
18122,0.063327655
18123,0.06214707
18124,0.061421216
18125,0.06783803
18126,0.05856872
18127,0.06777755
18128,0.27222246
18129,0.27280998
18130,0.06594115
18131,0.061006762
18132,0.06588675
18133,0.07923484
18134,0.0607606
18135,0.06722648
18136,0.06561053
18137,0.067323945
18138,0.072479375
18139,0.07907599
18140,0.075307794
18141,0.061200712
18142,0.06973614
18143,0.061846707
18144,0.05993479
18145,0.058538064
18146,0.0646612
18147,0.0657432
18148,0.07092076
18149,0.06567762
18150,0.06286228
18151,0.06884856
18152,0.062014874
18153,0.06985977
18154,0.07329899
18155,0.07225386
18156,0.062774144
18157,0.058743685
18158,0.06657816
18159,0.064603075
18160,0.066808954
18161,0.07923484
18162,0.062243666
18163,0.061377082
18164,0.060521185
18165,0.072479375
18166,0.06722648
18167,0.068943486
18168,0.061037518
18169,0.06162263
18170,0.07141871
18171,0.27724013
18172,0.063651815
18173,0.059037138
18174,0.06493809
18175,0.06998428
18176,0.07784524
18177,0.06545284
18178,0.06313669
18179,0.06969768
18180,0.06901466
18181,0.060729466
18182,0.06131182
18183,0.053008735
18184,0.064843334
18185,0.063651934
18186,0.061006762
18187,0.07425109
18188,0.07482953
18189,0.14247304
18190,0.0731751
18191,0.065193005
18192,0.06470006
18193,0.0640056
18194,0.059492093
18195,0.06728282
18196,0.061963495
18197,0.06555025
18198,0.06494293
18199,0.2754498
18200,0.058891974
18201,0.06485365
18202,0.06622782
18203,0.061395943
18204,0.06763264
18205,0.062684156
18206,0.06206558
18207,0.060869318
18208,0.05850266
18209,0.057621647
18210,0.05855975
18211,0.06692746
18212,0.06289742
18213,0.06953491
18214,0.060897328
18215,0.065193005
18216,0.062828526
18217,0.06321876
18218,0.06681598
18219,0.06615078
18220,0.06449003
18221,0.07138353
18222,0.05609323
18223,0.27657706
18224,0.0660225
18225,0.063761584
18226,0.06322129
18227,0.07262182
18228,0.0670376
18229,0.06029194
18230,0.063200496
18231,0.064616986
18232,0.05400182
18233,0.5859176
18234,0.6143989
18235,0.060743935
18236,0.061671868
18237,0.064114414
18238,0.27952585
18239,0.06384833
18240,0.066474624
18241,0.06449051
18242,0.06292178
18243,0.07494302
18244,0.06773442
18245,0.27930364
18246,0.061650578
18247,0.60628605
18248,0.2793451
18249,0.065275855
18250,0.06744619
18251,0.06582271
18252,0.064716905
18253,0.07370185
18254,0.06889107
18255,0.06200928
18256,0.06473735
18257,0.07527322
18258,0.062320475
18259,0.0679918
18260,0.2697773
18261,0.66134316
18262,0.50115037
18263,0.06539228
18264,0.27025875
18265,0.060880862
18266,0.0698304
18267,0.06367057
18268,0.06367057
18269,0.06564058
18270,0.6337761
18271,0.060017627
18272,0.05137939
18273,0.5765596
18274,0.06435889
18275,0.061984453
18276,0.5690409
18277,0.06693034
18278,0.61704713
18279,0.06123296
18280,0.05376347
18281,0.09371276
18282,0.0655728
18283,0.060116205
18284,0.28176376
18285,0.0698304
18286,0.0668656
18287,0.0661582
18288,0.059198048
18289,0.291825
18290,0.06631558
18291,0.06554037
18292,0.061650578
18293,0.06329275
18294,0.06367057
18295,0.05449338
18296,0.06546033
18297,0.06803233
18298,0.065057196
18299,0.059304923
18300,0.2895643
18301,0.06765133
18302,0.06228501
18303,0.06877191
18304,0.06889107
18305,0.6725537
18306,0.06315682
18307,0.06935754
18308,0.28512913
18309,0.28615123
18310,0.07383073
18311,0.069786325
18312,0.06533881
18313,0.06494781
18314,0.06396969
18315,0.06628379
18316,0.059328653
18317,0.06543477
18318,0.053977128
18319,0.066066675
18320,0.07101204
18321,0.06822001
18322,0.06180952
18323,0.6367658
18324,0.06323348
18325,0.28165486
18326,0.061584227
18327,0.06396969
18328,0.061169002
18329,0.060116205
18330,0.05606272
18331,0.06558099
18332,0.06227886
18333,0.067562215
18334,0.07112143
18335,0.06665005
18336,0.06449491
18337,0.6296142
18338,0.06343916
18339,0.061397124
18340,0.06531292
18341,0.06354856
18342,0.06634875
18343,0.07594061
18344,0.0654958
18345,0.062277615
18346,0.061377577
18347,0.0653644
18348,0.058620464
18349,0.06267911
18350,0.0650989
18351,0.06251676
18352,0.0670376
18353,0.07567336
18354,0.0623513
18355,0.06306295
18356,0.06779224
18357,0.06278209
18358,0.27163708
18359,0.053941842
18360,0.0660225
18361,0.06468991
18362,0.06193621
18363,0.06367057
18364,0.06731581
18365,0.07112373
18366,0.06749534
18367,0.062396508
18368,0.060116205
18369,0.5863227
18370,0.06489589
18371,0.06476683
18372,0.06571324
18373,0.07095469
18374,0.066438824
18375,0.06998751
18376,0.06391853
18377,0.0660225
18378,0.070439085
18379,0.064228155
18380,0.05400182
18381,0.062277615
18382,0.26882255
18383,0.0679918
18384,0.27183446
18385,0.28824744
18386,0.27458286
18387,0.06619272
18388,0.06278209
18389,0.063906364
18390,0.066341646
18391,0.060880862
18392,0.061650578
18393,0.06968691
18394,0.06476683
18395,0.5771463
18396,0.0736483
18397,0.064276
18398,0.06632171
18399,0.07143108
18400,0.06165167
18401,0.059267588
18402,0.066700205
18403,0.064079076
18404,0.06803233
18405,0.06558904
18406,0.06811307
18407,0.05986912
18408,0.29857674
18409,0.06138675
18410,0.0608613
18411,0.26539478
18412,0.59767246
18413,0.057481345
18414,0.0679918
18415,0.063770965
18416,0.065997064
18417,0.06202481
18418,0.0607853
18419,0.07158229
18420,0.07473494
18421,0.064465895
18422,0.06864415
18423,0.06864415
18424,0.06119772
18425,0.07027367
18426,0.06574067
18427,0.07163713
18428,0.06749305
18429,0.0654958
18430,0.06738753
18431,0.06447812
18432,0.06557185
18433,0.063761584
18434,0.07095469
18435,0.07303477
18436,0.06190505
18437,0.060821217
18438,0.06291977
18439,0.27274865
18440,0.06623296
18441,0.061650578
18442,0.059267588
18443,0.062320475
18444,0.06096707
18445,0.06822001
18446,0.0649463
18447,0.1008253
18448,0.060759895
18449,0.060872167
18450,0.07337744
18451,0.059133075
18452,0.06440701
18453,0.06915359
18454,0.06660047
18455,0.06954252
18456,0.06468991
18457,0.06315682
18458,0.059304923
18459,0.069311135
18460,0.0623513
18461,0.066144556
18462,0.0653644
18463,0.06133521
18464,0.27112886
18465,0.06415859
18466,0.06539053
18467,0.06541309
18468,0.056861293
18469,0.06489589
18470,0.06654379
18471,0.06006611
18472,0.06396267
18473,0.063021466
18474,0.05986912
18475,0.05821239
18476,0.06719798
18477,0.063021466
18478,0.07370185
18479,0.067581
18480,0.05965441
18481,0.05137939
18482,0.06592051
18483,0.06669296
18484,0.06571994
18485,0.06200308
18486,0.06571994
18487,0.6463268
18488,0.060966898
18489,0.06543477
18490,0.7947778
18491,0.060137585
18492,0.2819515
18493,0.068098165
18494,0.06541309
18495,0.059375897
18496,0.07112373
18497,0.062407453
18498,0.07027367
18499,0.0697395
18500,0.06571324
18501,0.069859765
18502,0.291825
18503,0.062470607
18504,0.06233036
18505,0.07216974
18506,0.09371276
18507,0.0670376
18508,0.065425195
18509,0.06457444
18510,0.05976373
18511,0.060880862
18512,0.06457444
18513,0.278003
18514,0.062292308
18515,0.06449051
18516,0.062089924
18517,0.06806665
18518,0.63463974
18519,0.07138353
18520,0.0633425
18521,0.06811307
18522,0.062097
18523,0.06410319
18524,0.57879305
18525,0.06594332
18526,0.06630406
18527,0.66244644
18528,0.06242405
18529,0.07095872
18530,0.061729275
18531,0.06255924
18532,0.07292673
18533,0.060116205
18534,0.2717005
18535,0.27380842
18536,0.065425284
18537,0.060872167
18538,0.06631558
18539,0.06434808
18540,0.07090305
18541,0.061729275
18542,0.58659196
18543,0.064094886
18544,0.077586345
18545,0.0658397
18546,0.0698304
18547,0.06680207
18548,0.7662998
18549,0.6473485
18550,0.06416824
18551,0.06558904
18552,0.6175978
18553,0.055104192
18554,0.7809944
18555,0.067623585
18556,0.0655446
18557,0.06592051
18558,0.065521754
18559,0.6666397
18560,0.06147273
18561,0.08229233
18562,0.27667916
18563,0.06512385
18564,0.2780029
18565,0.595723
18566,0.61086917
18567,0.060998935
18568,0.27595314
18569,0.2756662
18570,0.06138675
18571,0.61931
18572,0.27313265
18573,0.65320605
18574,0.09636241
18575,0.07084593
18576,0.069318876
18577,0.06302916
18578,0.066083476
18579,0.063250326
18580,0.09381784
18581,0.06582271
18582,0.066700205
18583,0.06639762
18584,0.06228501
18585,0.27815476
18586,0.07594061
18587,0.06864415
18588,0.06069889
18589,0.07126241
18590,0.278003
18591,0.2719239
18592,0.06437935
18593,0.06533419
18594,0.26539478
18595,0.067988776
18596,0.62656105
18597,0.625546
18598,0.7270626
18599,0.06375441
18600,0.06822001
18601,0.6518134
18602,0.06546033
18603,0.07043391
18604,0.06381574
18605,0.06329275
18606,0.074363574
18607,0.07095469
18608,0.058578275
18609,0.07090305
18610,0.6494957
18611,0.066837005
18612,0.072735295
18613,0.075307876
18614,0.05878492
18615,0.06200308
18616,0.09636241
18617,0.278003
18618,0.67640847
18619,0.06632171
18620,0.061021883
18621,0.056294538
18622,0.27528852
18623,0.68090457
18624,0.6633806
18625,0.5729038
18626,0.065425195
18627,0.07787983
18628,0.0699956
18629,0.2759029
18630,0.06879013
18631,0.27890936
18632,0.06098481
18633,0.06396267
18634,0.061797224
18635,0.06740628
18636,0.06193621
18637,0.060936626
18638,0.60628605
18639,0.5889753
18640,0.2700489
18641,0.06852685
18642,0.070580706
18643,0.06301904
18644,0.06295743
18645,0.064021714
18646,0.06147273
18647,0.0658747
18648,0.065521754
18649,0.0610596
18650,0.057565313
18651,0.09371276
18652,0.5949653
18653,0.6299417
18654,0.65836734
18655,0.06222668
18656,0.07101204
18657,0.06922576
18658,0.80233943
18659,0.07043391
18660,0.063795865
18661,0.069786325
18662,0.06792408
18663,0.07186439
18664,0.06078644
18665,0.6840889
18666,0.6462735
18667,0.059375897
18668,0.064537786
18669,0.07262182
18670,0.06922576
18671,0.06285859
18672,0.80233943
18673,0.274037
18674,0.0658747
18675,0.06574067
18676,0.065425284
18677,0.08229233
18678,0.064166866
18679,0.06552766
18680,0.27811265
18681,0.2724624
18682,0.06571324
18683,0.061535656
18684,0.06592051
18685,0.06611116
18686,0.06301904
18687,0.2707186
18688,0.06541309
18689,0.06512385
18690,0.06571994
18691,0.061984453
18692,0.062320475
18693,0.06719798
18694,0.064590015
18695,0.6731954
18696,0.65062225
18697,0.27413267
18698,0.07112373
18699,0.0730269
18700,0.06434475
18701,0.06558709
18702,0.60394645
18703,0.06634875
18704,0.059624255
18705,0.09827911
18706,0.0653886
18707,0.06390329
18708,0.09371276
18709,0.07476757
18710,0.5358091
18711,0.27595764
18712,0.2719239
18713,0.63284457
18714,0.06299584
18715,0.06452791
18716,0.06676168
18717,0.28217354
18718,0.06564013
18719,0.0680835
18720,0.60578966
18721,0.072671436
18722,0.060317334
18723,0.06242405
18724,0.06719798
18725,0.28217354
18726,0.6473485
18727,0.77431405
18728,0.6459318
18729,0.6323513
18730,0.05449338
18731,0.05591886
18732,0.62929535
18733,0.06814358
18734,0.060998935
18735,0.06079945
18736,0.63909715
18737,0.278003
18738,0.06328957
18739,0.06306295
18740,0.617066
18741,0.30008167
18742,0.06364502
18743,0.062277615
18744,0.075307876
18745,0.063200496
18746,0.059304923
18747,0.061729275
18748,0.06543477
18749,0.06293764
18750,0.06588348
18751,0.061164495
18752,0.061169002
18753,0.060000833
18754,0.061021883
18755,0.6103226
18756,0.68735826
18757,0.5573878
18758,0.60397404
18759,0.63463974
18760,0.06069889
18761,0.061164495
18762,0.07221129
18763,0.05929262
18764,0.066090986
18765,0.06539228
18766,0.06306295
18767,0.06491865
18768,0.06295743
18769,0.06049284
18770,0.065189056
18771,0.06228501
18772,0.06653995
18773,0.06141756
18774,0.062396508
18775,0.06856244
18776,0.06665005
18777,0.06367057
18778,0.066747405
18779,0.061797224
18780,0.06772121
18781,0.06377996
18782,0.070439085
18783,0.6737034
18784,0.06539053
18785,0.58387136
18786,0.64116615
18787,0.5779786
18788,0.28315282
18789,0.06077784
18790,0.05250942
18791,0.063200496
18792,0.061210565
18793,0.06498385
18794,0.06571994
18795,0.061584227
18796,0.06749534
18797,0.6328414
18798,0.06512385
18799,0.05773195
18800,0.06279413
18801,0.06457444
18802,0.06773442
18803,0.058644045
18804,0.06320438
18805,0.06861901
18806,0.06558709
18807,0.070580706
18808,0.0665517
18809,0.063021466
18810,0.06573269
18811,0.6260542
18812,0.63549936
18813,0.28001976
18814,0.6530341
18815,0.6336472
18816,0.5064082
18817,0.27890936
18818,0.059969924
18819,0.063021466
18820,0.0571091
18821,0.072735295
18822,0.05857032
18823,0.06623296
18824,0.06861901
18825,0.05929262
18826,0.06652923
18827,0.6167075
18828,0.05137939
18829,0.65731585
18830,0.066700205
18831,0.06803233
18832,0.06689561
18833,0.070666745
18834,0.12036787
18835,0.061397124
18836,0.06740628
18837,0.064537786
18838,0.06533419
18839,0.64130336
18840,0.640782
18841,0.6471936
18842,0.27906278
18843,0.6612792
18844,0.06573269
18845,0.06477057
18846,0.06864415
18847,0.059304923
18848,0.066015564
18849,0.05877325
18850,0.06077146
18851,0.062371876
18852,0.06574067
18853,0.2793451
18854,0.06822978
18855,0.0627556
18856,0.061683625
18857,0.27233276
18858,0.06165167
18859,0.062175453
18860,0.07296998
18861,0.061672404
18862,0.28004065
18863,0.06328957
18864,0.07300604
18865,0.6852508
18866,0.27704272
18867,0.05611537
18868,0.06479026
18869,0.06291292
18870,0.07158229
18871,0.057731505
18872,0.06773442
18873,0.06316456
18874,0.06571324
18875,0.066341646
18876,0.07615417
18877,0.2668717
18878,0.0647437
18879,0.06654379
18880,0.06543109
18881,0.05992924
18882,0.06452791
18883,0.060432628
18884,0.058280416
18885,0.0730269
18886,0.58003956
18887,0.64129174
18888,0.07179838
18889,0.068110004
18890,0.0728667
18891,0.061729275
18892,0.07090305
18893,0.06506836
18894,0.062407453
18895,0.075307876
18896,0.061535656
18897,0.06779224
18898,0.06665005
18899,0.07305174
18900,0.06546033
18901,0.0649463
18902,0.63909715
18903,0.065079264
18904,0.0649463
18905,0.26727104
18906,0.0613062
18907,0.06740628
18908,0.6250385
18909,0.066474624
18910,0.06719798
18911,0.06731581
18912,0.27112886
18913,0.060175512
18914,0.06411541
18915,0.07167422
18916,0.06844112
18917,0.06237386
18918,0.07428779
18919,0.06473735
18920,0.06948162
18921,0.0680835
18922,0.06279413
18923,0.0655446
18924,0.06222668
18925,0.065593
18926,0.06660047
18927,0.278003
18928,0.056294538
18929,0.06889107
18930,0.06571324
18931,0.06871499
18932,0.060759895
18933,0.061059985
18934,0.0719437
18935,0.2705139
18936,0.064465895
18937,0.059512
18938,0.052919075
18939,0.067988776
18940,0.06154227
18941,0.065521754
18942,0.27971923
18943,0.071144365
18944,0.0610596
18945,0.07143108
18946,0.054100756
18947,0.06098481
18948,0.5589974
18949,0.6549424
18950,0.06600632
18951,0.06200308
18952,0.05976373
18953,0.06323348
18954,0.06352136
18955,0.060241107
18956,0.06533732
18957,0.07179838
18958,0.06415859
18959,0.6453086
18960,0.06306295
18961,0.07370185
18962,0.07242394
18963,0.08019744
18964,0.06652923
18965,0.064537786
18966,0.267885
18967,0.0650989
18968,0.063761584
18969,0.058465034
18970,0.07289086
18971,0.0623513
18972,0.06822001
18973,0.06539053
18974,0.06466505
18975,0.06441434
18976,0.061697118
18977,0.06314634
18978,0.07594061
18979,0.06177593
18980,0.06844112
18981,0.07556669
18982,0.0655446
18983,0.07084593
18984,0.06749305
18985,0.06395131
18986,0.06435889
18987,0.05877325
18988,0.67836124
18989,0.060576435
18990,0.06165167
18991,0.06516259
18992,0.06543477
18993,0.05878492
18994,0.06856244
18995,0.062330175
18996,0.060137585
18997,0.56577396
18998,0.06447812
18999,0.06772121
19000,0.06494581
19001,0.07095469
19002,0.062915325
19003,0.0679918
19004,0.06329377
19005,0.063868135
19006,0.06558904
19007,0.062203795
19008,0.06615365
19009,0.06989001
19010,0.07494302
19011,0.06096707
19012,0.30285636
19013,0.06744619
19014,0.075307876
19015,0.06398082
19016,0.0658397
19017,0.06252705
19018,0.0695805
19019,0.06731581
19020,0.0730269
19021,0.07084593
19022,0.062407453
19023,0.09371276
19024,0.06296707
19025,0.053941842
19026,0.06549043
19027,0.06512385
19028,0.053941842
19029,0.065043144
19030,0.066747405
19031,0.06829706
19032,0.066438824
19033,0.060175512
19034,0.2756662
19035,0.26727104
19036,0.28343916
19037,0.065425284
19038,0.057791233
19039,0.062330175
19040,0.06398082
19041,0.0623513
19042,0.057394512
19043,0.06329776
19044,0.06314634
19045,0.06541309
19046,0.0697395
19047,0.06532715
19048,0.07289086
19049,0.0695805
19050,0.064276
19051,0.07027367
19052,0.064925335
19053,0.06674522
19054,0.05591886
19055,0.06779224
19056,0.27664465
19057,0.06448967
19058,0.0678951
19059,0.06434475
19060,0.058280416
19061,0.064869575
19062,0.06592285
19063,0.065593
19064,0.070666745
19065,0.0679918
19066,0.06806665
19067,0.06415859
19068,0.060600504
19069,0.058620464
19070,0.064094886
19071,0.07158229
19072,0.06773442
19073,0.064925335
19074,0.062330175
19075,0.064925335
19076,0.06380914
19077,0.06190505
19078,0.061021883
19079,0.06069889
19080,0.06367239
19081,0.055781215
19082,0.061672404
19083,0.06630406
19084,0.28746372
19085,0.07027367
19086,0.06417273
19087,0.06536677
19088,0.06634875
19089,0.062089924
19090,0.06449491
19091,0.067684926
19092,0.0865818
19093,0.06327941
19094,0.06744619
19095,0.07615417
19096,0.06719798
19097,0.065425284
19098,0.05413068
19099,0.06098481
19100,0.06329776
19101,0.06104512
19102,0.067684926
19103,0.065079264
19104,0.06325436
19105,0.059294548
19106,0.065997064
19107,0.056294538
19108,0.06532466
19109,0.0720938
19110,0.06437935
19111,0.068696834
19112,0.0649463
19113,0.0610596
19114,0.06864415
19115,0.06380914
19116,0.0670148
19117,0.06588348
19118,0.06652923
19119,0.07112373
19120,0.06427473
19121,0.059294548
19122,0.06561286
19123,0.056861293
19124,0.069028504
19125,0.062464412
19126,0.06817753
19127,0.06508926
19128,0.06541546
19129,0.05939625
19130,0.06591778
19131,0.06260183
19132,0.07047377
19133,0.06372673
19134,0.058253095
19135,0.056654863
19136,0.06213214
19137,0.058799226
19138,0.6732906
19139,0.27130175
19140,0.0636495
19141,0.063509285
19142,0.065166235
19143,0.27540132
19144,0.06231855
19145,0.062079027
19146,0.06478026
19147,0.055748172
19148,0.06267539
19149,0.06283627
19150,0.6123723
19151,0.28074154
19152,0.06781199
19153,0.062469203
19154,0.064633705
19155,0.06081266
19156,0.052921
19157,0.052921
19158,0.065573946
19159,0.06305204
19160,0.28445485
19161,0.3088467
19162,0.63776964
19163,0.06181132
19164,0.064892985
19165,0.06382446
19166,0.0654095
19167,0.0646074
19168,0.05712526
19169,0.062194232
19170,0.064317785
19171,0.06149541
19172,0.64272934
19173,0.06401702
19174,0.066333376
19175,0.6182773
19176,0.065229654
19177,0.6527709
19178,0.060848046
19179,0.06643152
19180,0.5434643
19181,0.06292592
19182,0.061631568
19183,0.07093092
19184,0.06463687
19185,0.061144676
19186,0.062016893
19187,0.060631108
19188,0.06523742
19189,0.06679923
19190,0.06001095
19191,0.2766282
19192,0.06594214
19193,0.06357441
19194,0.06635294
19195,0.06591303
19196,0.05773705
19197,0.05782645
19198,0.06627494
19199,0.06230649
19200,0.06555049
19201,0.067111336
19202,0.06473527
19203,0.062356807
19204,0.062337987
19205,0.06318729
19206,0.7094849
19207,0.06000134
19208,0.06267793
19209,0.6173116
19210,0.6211269
19211,0.066156864
19212,0.060862027
19213,0.060271535
19214,0.06287169
19215,0.061340816
19216,0.050470043
19217,0.058261927
19218,0.06040756
19219,0.08349231
19220,0.06743406
19221,0.05730998
19222,0.066207424
19223,0.6131669
19224,0.06591778
19225,0.27948675
19226,0.063852884
19227,0.06596515
19228,0.056740023
19229,0.07006954
19230,0.060590427
19231,0.27709967
19232,0.07073561
19233,0.062337987
19234,0.07041246
19235,0.061631568
19236,0.06998044
19237,0.27965662
19238,0.5301641
19239,0.060590427
19240,0.06168565
19241,0.07093092
19242,0.06372673
19243,0.07117009
19244,0.05953386
19245,0.0669148
19246,0.05712526
19247,0.06261817
19248,0.062572904
19249,0.0654095
19250,0.06213213
19251,0.06572409
19252,0.060838778
19253,0.064190075
19254,0.0630808
19255,0.07149268
19256,0.06231855
19257,0.28271902
19258,0.07331119
19259,0.065530054
19260,0.064181335
19261,0.06305854
19262,0.059202153
19263,0.060431637
19264,0.060918014
19265,0.060262684
19266,0.06298414
19267,0.06323955
19268,0.6556262
19269,0.062506646
19270,0.06758957
19271,0.06385926
19272,0.066207424
19273,0.06693871
19274,0.07010086
19275,0.06915238
19276,0.062194232
19277,0.06500524
19278,0.07610639
19279,0.07006954
19280,0.06641365
19281,0.05773705
19282,0.2822159
19283,0.06304299
19284,0.27276108
19285,0.25532454
19286,0.2720276
19287,0.06541546
19288,0.06314222
19289,0.06367906
19290,0.061194118
19291,0.06488135
19292,0.06267793
19293,0.06409139
19294,0.062736444
19295,0.6043234
19296,0.06670458
19297,0.05918317
19298,0.06197734
19299,0.06382446
19300,0.06627143
19301,0.06506948
19302,0.06730135
19303,0.06284066
19304,0.064578466
19305,0.06572866
19306,0.05749719
19307,0.06654123
19308,0.06277259
19309,0.28840074
19310,0.0640252
19311,0.06128942
19312,0.28470406
19313,0.6251459
19314,0.05815378
19315,0.06710525
19316,0.06788235
19317,0.07306386
19318,0.067139514
19319,0.059213907
19320,0.06788235
19321,0.059202153
19322,0.06906609
19323,0.06388295
19324,0.07958442
19325,0.06156305
19326,0.06168565
19327,0.066266544
19328,0.06146799
19329,0.057250574
19330,0.059007857
19331,0.061663304
19332,0.060848046
19333,0.06415536
19334,0.071229205
19335,0.06156305
19336,0.07431402
19337,0.065008484
19338,0.06413794
19339,0.065160565
19340,0.06643152
19341,0.28702348
19342,0.057250574
19343,0.06537652
19344,0.06572409
19345,0.063635215
19346,0.06001095
19347,0.061735913
19348,0.060875963
19349,0.069222786
19350,0.092488036
19351,0.06478026
19352,0.06758957
19353,0.068213984
19354,0.06596515
19355,0.063635215
19356,0.062991574
19357,0.064578466
19358,0.062020827
19359,0.062572904
19360,0.0736357
19361,0.06671114
19362,0.07009677
19363,0.06371575
19364,0.2802257
19365,0.063525714
19366,0.2817228
19367,0.06014039
19368,0.0640252
19369,0.063508205
19370,0.0664652
19371,0.0669148
19372,0.06788235
19373,0.07389394
19374,0.26789966
19375,0.06508926
19376,0.06411229
19377,0.06158377
19378,0.05749719
19379,0.062469203
19380,0.058781788
19381,0.05909429
19382,0.27965662
19383,0.060468823
19384,0.056974955
19385,0.0620111
19386,0.6340465
19387,0.063646376
19388,0.06998044
19389,0.5779044
19390,0.06230649
19391,0.3101635
19392,0.0678635
19393,0.06537652
19394,0.064241886
19395,0.06675349
19396,0.06302721
19397,0.05935562
19398,0.059618123
19399,0.07095857
19400,0.07015622
19401,0.06572866
19402,0.061210264
19403,0.0682705
19404,0.05895743
19405,0.06069892
19406,0.06572409
19407,0.059936106
19408,0.06305204
19409,0.07152055
19410,0.06302721
19411,0.06572866
19412,0.062696785
19413,0.060117103
19414,0.063427076
19415,0.6974802
19416,0.061299123
19417,0.06626047
19418,0.06446981
19419,0.0654095
19420,0.062110364
19421,0.062986314
19422,0.58858943
19423,0.06091309
19424,0.0620111
19425,0.6636436
19426,0.28470406
19427,0.06426546
19428,0.071229205
19429,0.06312659
19430,0.064767405
19431,0.27701184
19432,0.65495896
19433,0.05440834
19434,0.06302721
19435,0.27688685
19436,0.05873576
19437,0.06728391
19438,0.28840074
19439,0.5486626
19440,0.060117103
19441,0.07622991
19442,0.058947477
19443,0.065573946
19444,0.27866527
19445,0.6334472
19446,0.06296819
19447,0.2871194
19448,0.062233873
19449,0.060561568
19450,0.06532507
19451,0.06710525
19452,0.07595551
19453,0.063767605
19454,0.05749719
19455,0.6386693
19456,0.2821376
19457,0.06589061
19458,0.27361864
19459,0.057466652
19460,0.28826275
19461,0.60548115
19462,0.58707356
19463,0.068085775
19464,0.0663779
19465,0.27413538
19466,0.061657388
19467,0.69628805
19468,0.6219702
19469,0.5842043
19470,0.059862707
19471,0.28259006
19472,0.05909429
19473,0.06298414
19474,0.0664652
19475,0.06262931
19476,0.05918317
19477,0.05866622
19478,0.06591303
19479,0.0998175
19480,0.060261574
19481,0.061553113
19482,0.06523742
19483,0.60229504
19484,0.67040706
19485,0.06461223
19486,0.0679536
19487,0.627086
19488,0.066883475
19489,0.060739417
19490,0.6169715
19491,0.582962
19492,0.70552975
19493,0.06715435
19494,0.06817753
19495,0.059444837
19496,0.643946
19497,0.06188956
19498,0.0572958
19499,0.06743406
19500,0.07610639
19501,0.06591778
19502,0.05538704
19503,0.052921
19504,0.06424917
19505,0.06388131
19506,0.60374063
19507,0.06045248
19508,0.06434365
19509,0.06401702
19510,0.06274332
19511,0.05895743
19512,0.05675451
19513,0.5510107
19514,0.5950846
19515,0.06597439
19516,0.063646376
19517,0.06596515
19518,0.062696785
19519,0.5368619
19520,0.5234772
19521,0.7418827
19522,0.06434365
19523,0.063870914
19524,0.062164888
19525,0.27990615
19526,0.06378411
19527,0.0643541
19528,0.054960664
19529,0.06370229
19530,0.06508926
19531,0.05538704
19532,0.060117103
19533,0.060183678
19534,0.06357441
19535,0.6470007
19536,0.6211269
19537,0.29857028
19538,0.063966684
19539,0.06278156
19540,0.062696785
19541,0.06289625
19542,0.056145217
19543,0.074306056
19544,0.06382446
19545,0.06382446
19546,0.06366843
19547,0.07423185
19548,0.06302721
19549,0.0572958
19550,0.7011445
19551,0.60703045
19552,0.6993701
19553,0.06041447
19554,0.05767797
19555,0.2794804
19556,0.052480247
19557,0.6254074
19558,0.06998044
19559,0.06616395
19560,0.06268998
19561,0.064359345
19562,0.06257282
19563,0.08037837
19564,0.5748784
19565,0.6907841
19566,0.06803285
19567,0.0585689
19568,0.06572409
19569,0.06230649
19570,0.06195189
19571,0.59151655
19572,0.27891645
19573,0.061101194
19574,0.06467445
19575,0.07331737
19576,0.06001095
19577,0.05772808
19578,0.060435444
19579,0.28017023
19580,0.27969256
19581,0.06323829
19582,0.06189274
19583,0.06597439
19584,0.06467994
19585,0.27391422
19586,0.06001095
19587,0.05953386
19588,0.06091309
19589,0.06667798
19590,0.0585689
19591,0.06693871
19592,0.06728391
19593,0.6330781
19594,0.68104625
19595,0.28259006
19596,0.061881103
19597,0.072327465
19598,0.06730135
19599,0.06424917
19600,0.62877804
19601,0.06138881
19602,0.0630383
19603,0.06091309
19604,0.06277811
19605,0.063875355
19606,0.06151281
19607,0.27805424
19608,0.7051894
19609,0.65152705
19610,0.06304299
19611,0.6449986
19612,0.07331119
19613,0.06372673
19614,0.06437724
19615,0.27688685
19616,0.060262684
19617,0.06715435
19618,0.27484003
19619,0.055835128
19620,0.059007857
19621,0.06343759
19622,0.06171699
19623,0.279043
19624,0.64459455
19625,0.2686549
19626,0.61347663
19627,0.6791263
19628,0.0664652
19629,0.058676016
19630,0.59591126
19631,0.06171699
19632,0.06384825
19633,0.059894044
19634,0.06200868
19635,0.6596069
19636,0.2873967
19637,0.06683648
19638,0.65289724
19639,0.66190666
19640,0.0678635
19641,0.060227796
19642,0.0678635
19643,0.06213213
19644,0.069028504
19645,0.06168565
19646,0.06523742
19647,0.059936106
19648,0.05773705
19649,0.06262931
19650,0.06081266
19651,0.64014304
19652,0.6443436
19653,0.6853817
19654,0.60470504
19655,0.62723446
19656,0.06053023
19657,0.0639665
19658,0.070239596
19659,0.062991574
19660,0.27393976
19661,0.06434558
19662,0.05460611
19663,0.062194232
19664,0.07423185
19665,0.061515305
19666,0.06413794
19667,0.06213214
19668,0.06636017
19669,0.06285195
19670,0.0572958
19671,0.062202536
19672,0.06555049
19673,0.06274332
19674,0.061539438
19675,0.06138319
19676,0.06346984
19677,0.0655929
19678,0.27708623
19679,0.06284087
19680,0.61804414
19681,0.67040706
19682,0.57279706
19683,0.2754265
19684,0.059363026
19685,0.06728391
19686,0.06228098
19687,0.05767797
19688,0.06700372
19689,0.06110409
19690,0.06886964
19691,0.65356225
19692,0.06320578
19693,0.06200868
19694,0.05953386
19695,0.06675349
19696,0.06481186
19697,0.059894044
19698,0.0654095
19699,0.065703064
19700,0.06643152
19701,0.060330663
19702,0.06447354
19703,0.0714748
19704,0.063525714
19705,0.6290981
19706,0.5989656
19707,0.28549337
19708,0.61606985
19709,0.7132529
19710,0.66576135
19711,0.27935877
19712,0.06019517
19713,0.06636017
19714,0.065322116
19715,0.059936106
19716,0.06572409
19717,0.07124528
19718,0.062126976
19719,0.6554744
19720,0.07573679
19721,0.59230644
19722,0.06523742
19723,0.07431402
19724,0.061340816
19725,0.06715435
19726,0.06234162
19727,0.06964342
19728,0.06292592
19729,0.056740023
19730,0.060227796
19731,0.06343789
19732,0.6483939
19733,0.62723446
19734,0.5734882
19735,0.66687346
19736,0.276128
19737,0.08197475
19738,0.06314672
19739,0.06457822
19740,0.058667626
19741,0.061340816
19742,0.06197734
19743,0.065160565
19744,0.06513512
19745,0.062162198
19746,0.06401702
19747,0.279043
19748,0.06197027
19749,0.07213644
19750,0.28405285
19751,0.06014039
19752,0.061660994
19753,0.07060151
19754,0.06197734
19755,0.27609742
19756,0.061299164
19757,0.06461223
19758,0.27683672
19759,0.27321988
19760,0.0617044
19761,0.060227796
19762,0.06280695
19763,0.061268207
19764,0.06220474
19765,0.06599494
19766,0.057904214
19767,0.06391018
19768,0.06363202
19769,0.067752235
19770,0.27864155
19771,0.06110409
19772,0.062079027
19773,0.063260645
19774,0.06228429
19775,0.061631568
19776,0.06193645
19777,0.06463687
19778,0.065573946
19779,0.064241886
19780,0.71534705
19781,0.6328377
19782,0.0594858
19783,0.06280695
19784,0.060918014
19785,0.08037837
19786,0.060703736
19787,0.0590775
19788,0.0654159
19789,0.066333376
19790,0.0594858
19791,0.058799226
19792,0.07041246
19793,0.07124528
19794,0.06228098
19795,0.06627143
19796,0.065530054
19797,0.53936654
19798,0.0651425
19799,0.069164686
19800,0.060329482
19801,0.06070808
19802,0.061829813
19803,0.62053955
19804,0.06643152
19805,0.06257773
19806,0.06265386
19807,0.06195189
19808,0.06460187
19809,0.064359345
19810,0.062233873
19811,0.06461298
19812,0.27476457
19813,0.07484268
19814,0.06299628
19815,0.06298414
19816,0.06447354
19817,0.068194725
19818,0.064576074
19819,0.065322116
19820,0.07331119
19821,0.2967382
19822,0.06424917
19823,0.0634399
19824,0.06906609
19825,0.065513276
19826,0.06385926
19827,0.060246732
19828,0.06254697
19829,0.27173552
19830,0.07124528
19831,0.05935562
19832,0.08349231
19833,0.06332479
19834,0.059862707
19835,0.28259006
19836,0.06635294
19837,0.058261927
19838,0.060133845
19839,0.064874254
19840,0.06728391
19841,0.06947087
19842,0.61916846
19843,0.6899233
19844,0.27482384
19845,0.06395857
19846,0.06143056
19847,0.060051367
19848,0.055511057
19849,0.06589061
19850,0.06262931
19851,0.07152055
19852,0.60202414
19853,0.062233873
19854,0.062042434
19855,0.06277811
19856,0.06193645
19857,0.066156864
19858,0.063635215
19859,0.062377207
19860,0.06671401
19861,0.28693345
19862,0.06287169
19863,0.06459723
19864,0.057714306
19865,0.05538704
19866,0.030206587
19867,0.06197734
19868,0.0590775
19869,0.06947087
19870,0.06670458
19871,0.065200016
19872,0.057918847
19873,0.059535056
19874,0.05815378
19875,0.06388131
19876,0.061553113
19877,0.055125915
19878,0.06363544
19879,0.06594214
19880,0.06280695
19881,0.073245145
19882,0.06001095
19883,0.06151281
19884,0.06178641
19885,0.66946965
19886,0.062023647
19887,0.06715435
19888,0.064398214
19889,0.06081266
19890,0.06693871
19891,0.06260183
19892,0.05825432
19893,0.055075902
19894,0.28445485
19895,0.0617044
19896,0.06572866
19897,0.07092185
19898,0.072836705
19899,0.059864495
19900,0.06347289
19901,0.060435444
19902,0.06679923
19903,0.061660994
19904,0.06388131
19905,0.0620111
19906,0.057904214
19907,0.065513276
19908,0.59684116
19909,0.069164686
19910,0.065660596
19911,0.06171699
19912,0.065229654
19913,0.065513276
19914,0.059898373
19915,0.06289625
19916,0.062572904
19917,0.066207424
19918,0.062164888
19919,0.06532507
19920,0.2851677
19921,0.0714052
19922,0.061599735
19923,0.06257282
19924,0.06353109
19925,0.0654095
19926,0.062236585
19927,0.27377415
19928,0.062291197
19929,0.5766651
19930,0.059936106
19931,0.069014505
19932,0.064767405
19933,0.06679923
19934,0.0640252
19935,0.05960813
19936,0.06758957
19937,0.06378411
19938,0.06751695
19939,0.061553113
19940,0.05895743
19941,0.052480247
19942,0.06382446
19943,0.07093092
19944,0.06604447
19945,0.26627514
19946,0.06228098
19947,0.060929183
19948,0.062390424
19949,0.06146799
19950,0.07617757
19951,0.06758957
19952,0.05815378
19953,0.06699104
19954,0.07260333
19955,0.060262684
19956,0.058781788
19957,0.06382446
19958,0.06671114
19959,0.060713746
19960,0.06532507
19961,0.05815378
19962,0.059022132
19963,0.060918014
19964,0.06504987
19965,0.06001095
19966,0.062728085
19967,0.06473527
19968,0.06277811
19969,0.06171699
19970,0.07040091
19971,0.06762251
19972,0.05953386
19973,0.06296819
19974,0.27935877
19975,0.059862707
19976,0.063635215
19977,0.06409139
19978,0.07300984
19979,0.06283627
19980,0.0714052
19981,0.06594716
19982,0.063042566
19983,0.07149268
19984,0.06184169
19985,0.08349231
19986,0.066333376
19987,0.062445015
19988,0.06466819
19989,0.06257282
19990,0.060424194
19991,0.06591778
19992,0.08934419
19993,0.062451873
19994,0.07573679
19995,0.08959461
19996,0.062923074
19997,0.0630808
19998,0.06285195
19999,0.06467445
20000,0.061599735
20001,0.0634399
20002,0.073245145
20003,0.072836705
20004,0.06110409
20005,0.06594716
20006,0.063646376
20007,0.06305854
20008,0.065513276
20009,0.065513276
20010,0.05732274
20011,0.06284087
20012,0.06363202
20013,0.06335182
20014,0.05712526
20015,0.06671401
20016,0.0642134
20017,0.058914296
20018,0.059297845
20019,0.062305376
20020,0.067563355
20021,0.073694535
20022,0.059509516
20023,0.057294805
20024,0.06429426
20025,0.06777401
20026,0.06606969
20027,0.061306957
20028,0.05854983
20029,0.060312256
20030,0.28345433
20031,0.27266887
20032,0.66257465
20033,0.06718883
20034,0.2757896
20035,0.06320401
20036,0.06544629
20037,0.05831486
20038,0.06094093
20039,0.06404074
20040,0.06252882
20041,0.63818413
20042,0.070163995
20043,0.062599234
20044,0.06264356
20045,0.072746344
20046,0.072746344
20047,0.062018868
20048,0.066298515
20049,0.06152969
20050,0.05995958
20051,0.059657816
20052,0.7558179
20053,0.5650376
20054,0.06231215
20055,0.06729723
20056,0.28147095
20057,0.06584174
20058,0.054764427
20059,0.06727027
20060,0.064349614
20061,0.057411816
20062,0.6689216
20063,0.052518185
20064,0.069677874
20065,0.67167884
20066,0.66072243
20067,0.05847264
20068,0.2900029
20069,0.05953535
20070,0.069419496
20071,0.056768894
20072,0.060343593
20073,0.05801317
20074,0.06497991
20075,0.06174604
20076,0.058992192
20077,0.06513679
20078,0.66104734
20079,0.07681716
20080,0.06094093
20081,0.06973286
20082,0.06366972
20083,0.062277276
20084,0.06363545
20085,0.07396303
20086,0.06299621
20087,0.06241924
20088,0.2828547
20089,0.06588969
20090,0.06433059
20091,0.064274535
20092,0.07270002
20093,0.063898526
20094,0.065561935
20095,0.650082
20096,0.06264356
20097,0.06252882
20098,0.2600171
20099,0.71384007
20100,0.06420319
20101,0.06306956
20102,0.067968264
20103,0.059692312
20104,0.061536603
20105,0.062387418
20106,0.064041436
20107,0.06280197
20108,0.052150007
20109,0.06344688
20110,0.06453815
20111,0.29927814
20112,0.54185474
20113,0.2872814
20114,0.06215262
20115,0.06418208
20116,0.067427
20117,0.063685514
20118,0.27646318
20119,0.06854255
20120,0.058435995
20121,0.06231215
20122,0.28379112
20123,0.26800194
20124,0.09326184
20125,0.07146174
20126,0.06306956
20127,0.061329003
20128,0.060583167
20129,0.062849164
20130,0.067823984
20131,0.067563355
20132,0.063318215
20133,0.06218274
20134,0.061334103
20135,0.06563452
20136,0.06328453
20137,0.062371485
20138,0.063967116
20139,0.065700926
20140,0.068651274
20141,0.060322158
20142,0.28513944
20143,0.07525507
20144,0.07877512
20145,0.050056577
20146,0.067402415
20147,0.057626028
20148,0.06280197
20149,0.06196526
20150,0.065151215
20151,0.06272184
20152,0.06407805
20153,0.30024976
20154,0.06671584
20155,0.063678816
20156,0.058562703
20157,0.056768894
20158,0.07368871
20159,0.06755428
20160,0.06957674
20161,0.06429295
20162,0.063678816
20163,0.059746962
20164,0.05831486
20165,0.06709338
20166,0.05550757
20167,0.062476523
20168,0.28561434
20169,0.28083494
20170,0.27646318
20171,0.065685995
20172,0.060285598
20173,0.0595128
20174,0.06678896
20175,0.06381342
20176,0.07776572
20177,0.060888544
20178,0.058283523
20179,0.6456174
20180,0.05988741
20181,0.06683258
20182,0.06407805
20183,0.05988741
20184,0.06743777
20185,0.06314324
20186,0.061968107
20187,0.067427
20188,0.060096398
20189,0.054267745
20190,0.05988741
20191,0.06231215
20192,0.06582927
20193,0.061314706
20194,0.06453815
20195,0.06533262
20196,0.6544304
20197,0.58288395
20198,0.3022135
20199,0.063503176
20200,0.07270002
20201,0.069225475
20202,0.06203561
20203,0.07146174
20204,0.06338543
20205,0.06332254
20206,0.059746962
20207,0.062240727
20208,0.06660463
20209,0.064041436
20210,0.06272184
20211,0.0692568
20212,0.06660463
20213,0.059297845
20214,0.06320401
20215,0.06203561
20216,0.06218036
20217,0.067823984
20218,0.059368413
20219,0.06319954
20220,0.06307191
20221,0.06744787
20222,0.07476675
20223,0.07174239
20224,0.06161412
20225,0.06280197
20226,0.078586325
20227,0.05075665
20228,0.2600171
20229,0.27646318
20230,0.06439302
20231,0.06376225
20232,0.062305376
20233,0.057025198
20234,0.06376225
20235,0.06522524
20236,0.06276241
20237,0.06264356
20238,0.063150726
20239,0.06314324
20240,0.059692312
20241,0.06602195
20242,0.061537404
20243,0.065151215
20244,0.06272795
20245,0.06127828
20246,0.07070885
20247,0.069330394
20248,0.07186842
20249,0.057411816
20250,0.28812182
20251,0.062825814
20252,0.27537432
20253,0.057582874
20254,0.06857608
20255,0.062599234
20256,0.05875076
20257,0.06252882
20258,0.059746962
20259,0.2893899
20260,0.063678816
20261,0.06414715
20262,0.06196526
20263,0.06674595
20264,0.062073603
20265,0.0623963
20266,0.061537404
20267,0.06729663
20268,0.27668732
20269,0.06470466
20270,0.06744787
20271,0.06187268
20272,0.6762195
20273,0.06735239
20274,0.06584174
20275,0.5296067
20276,0.073407695
20277,0.27984336
20278,0.06353566
20279,0.059776787
20280,0.07877512
20281,0.057411816
20282,0.061843824
20283,0.06729663
20284,0.06439302
20285,0.06353566
20286,0.06353566
20287,0.2823041
20288,0.054443967
20289,0.065516844
20290,0.058562703
20291,0.06582927
20292,0.062115274
20293,0.059850004
20294,0.072633296
20295,0.06470466
20296,0.07087084
20297,0.2663629
20298,0.06705968
20299,0.059297845
20300,0.062198896
20301,0.28429797
20302,0.6406006
20303,0.064370275
20304,0.065244526
20305,0.06798492
20306,0.055090286
20307,0.061691854
20308,0.61033756
20309,0.06281191
20310,0.06428097
20311,0.7404575
20312,0.26739332
20313,0.06231215
20314,0.07046384
20315,0.06157377
20316,0.062678024
20317,0.060460694
20318,0.2900029
20319,0.64128244
20320,0.06310232
20321,0.067427
20322,0.27467513
20323,0.061329056
20324,0.05806476
20325,0.2809598
20326,0.6304968
20327,0.07541805
20328,0.07476675
20329,0.066759005
20330,0.064903535
20331,0.2888577
20332,0.59251994
20333,0.07196192
20334,0.064753935
20335,0.28158206
20336,0.067829914
20337,0.06347376
20338,0.065700926
20339,0.063685514
20340,0.06293931
20341,0.062305376
20342,0.064529754
20343,0.6813385
20344,0.27418476
20345,0.06293931
20346,0.06306423
20347,0.061801862
20348,0.26096156
20349,0.66257465
20350,0.6391318
20351,0.062050357
20352,0.061888862
20353,0.2907015
20354,0.06306423
20355,0.65647614
20356,0.67169863
20357,0.5854581
20358,0.061843824
20359,0.06513103
20360,0.27090603
20361,0.06565556
20362,0.061334103
20363,0.06938957
20364,0.06468596
20365,0.060312256
20366,0.06480316
20367,0.06854255
20368,0.057728626
20369,0.06701745
20370,0.056923296
20371,0.061152995
20372,0.067823984
20373,0.06727027
20374,0.6458974
20375,0.26096156
20376,0.062211927
20377,0.06449121
20378,0.069605105
20379,0.06740649
20380,0.06973962
20381,0.6732211
20382,0.55306405
20383,0.64947265
20384,0.06885352
20385,0.08136671
20386,0.7153713
20387,0.061691854
20388,0.055090286
20389,0.062033918
20390,0.061843824
20391,0.05835257
20392,0.063685514
20393,0.062066946
20394,0.06943473
20395,0.63766605
20396,0.067402415
20397,0.063967116
20398,0.067829914
20399,0.062115274
20400,0.06320401
20401,0.07053504
20402,0.6427323
20403,0.7152465
20404,0.06258959
20405,0.06949452
20406,0.06499486
20407,0.06368365
20408,0.657099
20409,0.66731477
20410,0.6590122
20411,0.066388726
20412,0.06556841
20413,0.06408946
20414,0.6973582
20415,0.06885352
20416,0.28158206
20417,0.06670786
20418,0.050808594
20419,0.07044487
20420,0.06481548
20421,0.07060429
20422,0.069677874
20423,0.06604868
20424,0.6052136
20425,0.5480711
20426,0.28249824
20427,0.06451238
20428,0.06604868
20429,0.06683258
20430,0.06286917
20431,0.07174239
20432,0.060109776
20433,0.07133395
20434,0.060899783
20435,0.06217395
20436,0.2851614
20437,0.06353566
20438,0.7015985
20439,0.7979777
20440,0.6628089
20441,0.06196526
20442,0.06683258
20443,0.2737652
20444,0.06190284
20445,0.61632377
20446,0.06561248
20447,0.06761802
20448,0.05936802
20449,0.0658984
20450,0.061713878
20451,0.059360925
20452,0.6756187
20453,0.6717538
20454,0.06404074
20455,0.06299621
20456,0.05957079
20457,0.26648736
20458,0.06949452
20459,0.66426295
20460,0.27924478
20461,0.07271911
20462,0.071045846
20463,0.06486894
20464,0.049615823
20465,0.059094585
20466,0.06512685
20467,0.3130696
20468,0.28902784
20469,0.06560051
20470,0.06716597
20471,0.06938982
20472,0.07016233
20473,0.064529754
20474,0.06628983
20475,0.060262024
20476,0.06003638
20477,0.06127828
20478,0.06994199
20479,0.06383772
20480,0.0615374
20481,0.06954048
20482,0.7155085
20483,0.6903896
20484,0.6177902
20485,0.27610233
20486,0.061843824
20487,0.061814405
20488,0.06190284
20489,0.58800805
20490,0.061991636
20491,0.06660463
20492,0.058283523
20493,0.065300435
20494,0.07095271
20495,0.06367684
20496,0.30233985
20497,0.7506946
20498,0.062196646
20499,0.6194062
20500,0.06505252
20501,0.06657306
20502,0.06308304
20503,0.29978722
20504,0.06420319
20505,0.05629319
20506,0.26589844
20507,0.05988741
20508,0.06942822
20509,0.06528668
20510,0.057472013
20511,0.06679921
20512,0.6702933
20513,0.28022632
20514,0.6591726
20515,0.29978722
20516,0.059368413
20517,0.06407805
20518,0.673098
20519,0.2757896
20520,0.06082916
20521,0.06583155
20522,0.6481219
20523,0.067075156
20524,0.061278157
20525,0.6581013
20526,0.28299478
20527,0.06659421
20528,0.060663063
20529,0.056128263
20530,0.06094093
20531,0.06319954
20532,0.06624287
20533,0.06949452
20534,0.06414715
20535,0.05953535
20536,0.07053504
20537,0.06338543
20538,0.62537
20539,0.6618286
20540,0.6636069
20541,0.66324097
20542,0.56916094
20543,0.07364035
20544,0.06347445
20545,0.06808796
20546,0.06272184
20547,0.063096575
20548,0.067169964
20549,0.06559096
20550,0.06347376
20551,0.065625615
20552,0.063678816
20553,0.06584174
20554,0.06563452
20555,0.06060395
20556,0.058283523
20557,0.062784694
20558,0.06902894
20559,0.06418181
20560,0.066678636
20561,0.06130927
20562,0.06252882
20563,0.58288395
20564,0.29781264
20565,0.65439564
20566,0.74432504
20567,0.64153284
20568,0.2780806
20569,0.05589287
20570,0.07052684
20571,0.068651274
20572,0.06598767
20573,0.06353566
20574,0.075415544
20575,0.059198145
20576,0.07368871
20577,0.5949623
20578,0.060985386
20579,0.05875076
20580,0.06085129
20581,0.07100824
20582,0.066816896
20583,0.07046384
20584,0.06683258
20585,0.05917196
20586,0.062115274
20587,0.070552744
20588,0.061383262
20589,0.068651274
20590,0.07601614
20591,0.06674028
20592,0.6204494
20593,0.66946685
20594,0.29524738
20595,0.5997522
20596,0.7773698
20597,0.73102605
20598,0.2680607
20599,0.05801317
20600,0.06293931
20601,0.06410126
20602,0.060921673
20603,0.06478098
20604,0.061699014
20605,0.058724552
20606,0.66913605
20607,0.06367684
20608,0.6406006
20609,0.06152774
20610,0.059733447
20611,0.063685514
20612,0.065244526
20613,0.06728545
20614,0.05629319
20615,0.0683146
20616,0.05940345
20617,0.06338334
20618,0.6690015
20619,0.5916009
20620,0.59792113
20621,0.28287
20622,0.6007809
20623,0.059360925
20624,0.065923885
20625,0.062476523
20626,0.05835257
20627,0.06045197
20628,0.06040403
20629,0.057728626
20630,0.06296869
20631,0.06777401
20632,0.64023066
20633,0.06542849
20634,0.06408946
20635,0.06039573
20636,0.62286925
20637,0.057843145
20638,0.059657816
20639,0.06453815
20640,0.08760632
20641,0.6507617
20642,0.06533262
20643,0.06060395
20644,0.27196482
20645,0.27828336
20646,0.06798492
20647,0.06280197
20648,0.07174239
20649,0.064903535
20650,0.06353566
20651,0.060151525
20652,0.078586325
20653,0.063898526
20654,0.066005304
20655,0.06536496
20656,0.06533262
20657,0.063096575
20658,0.06306956
20659,0.061691854
20660,0.059509516
20661,0.09374459
20662,0.06624287
20663,0.06808796
20664,0.05589287
20665,0.07271911
20666,0.06314324
20667,0.062132638
20668,0.69497514
20669,0.8656122
20670,0.06878328
20671,0.056128263
20672,0.064428486
20673,0.0668545
20674,0.061968107
20675,0.062849164
20676,0.060888544
20677,0.06854255
20678,0.06296869
20679,0.060098916
20680,0.06595798
20681,0.07133395
20682,0.06542141
20683,0.062825814
20684,0.06522524
20685,0.7152465
20686,0.057515427
20687,0.05973861
20688,0.28008866
20689,0.057515427
20690,0.065700926
20691,0.6725183
20692,0.06094093
20693,0.06318573
20694,0.067389004
20695,0.060927473
20696,0.06328453
20697,0.0605364
20698,0.06306423
20699,0.066147335
20700,0.068651274
20701,0.059656616
20702,0.2834372
20703,0.06808052
20704,0.063289784
20705,0.064274535
20706,0.055098582
20707,0.062115274
20708,0.06606969
20709,0.060158174
20710,0.0619654
20711,0.059509516
20712,0.2715152
20713,0.062305376
20714,0.066018365
20715,0.067563355
20716,0.06660644
20717,0.061623488
20718,0.06696955
20719,0.2722446
20720,0.081018224
20721,0.28561434
20722,0.0658984
20723,0.06678896
20724,0.06799302
20725,0.0668545
20726,0.066147335
20727,0.062057592
20728,0.06314324
20729,0.06729723
20730,0.06628983
20731,0.06328453
20732,0.062066946
20733,0.064529754
20734,0.06994199
20735,0.76012844
20736,0.7497049
20737,0.049615823
20738,0.06670786
20739,0.06854255
20740,0.075969316
20741,0.06598767
20742,0.061623488
20743,0.06161412
20744,0.08136671
20745,0.0624212
20746,0.70566106
20747,0.07166435
20748,0.06439302
20749,0.06917513
20750,0.05940609
20751,0.062481858
20752,0.053860974
20753,0.07016233
20754,0.59942144
20755,0.06157377
20756,0.061979562
20757,0.060929082
20758,0.062361233
20759,0.0595128
20760,0.072142795
20761,0.06878328
20762,0.06296869
20763,0.05835257
20764,0.06671584
20765,0.05925579
20766,0.06486894
20767,0.07133395
20768,0.062277276
20769,0.12187084
20770,0.06854255
20771,0.06310475
20772,0.06559096
20773,0.06628983
20774,0.072980836
20775,0.063399665
20776,0.06407961
20777,0.05958128
20778,0.060262024
20779,0.6954574
20780,0.06183415
20781,0.058562703
20782,0.06440544
20783,0.062371485
20784,0.06353566
20785,0.06118433
20786,0.07088205
20787,0.6218758
20788,0.06785282
20789,0.06276241
20790,0.06616122
20791,0.06417186
20792,0.05847264
20793,0.053044897
20794,0.06808796
20795,0.06094093
20796,0.06913484
20797,0.07146174
20798,0.061306957
20799,0.6392761
20800,0.065923885
20801,0.06683258
20802,0.059365537
20803,0.0652187
20804,0.059776787
20805,0.06583155
20806,0.06218036
20807,0.060927473
20808,0.063685514
20809,0.06911312
20810,0.06338334
20811,0.06453455
20812,0.27537432
20813,0.06709338
20814,0.06911312
20815,0.062144138
20816,0.06513103
20817,0.061653662
20818,0.061843824
20819,0.28345433
20820,0.2757896
20821,0.63783324
20822,0.051197413
20823,0.059746962
20824,0.05947818
20825,0.06973962
20826,0.06478098
20827,0.07070885
20828,0.06296869
20829,0.05957079
20830,0.06670786
20831,0.058914296
20832,0.067829914
20833,0.06196526
20834,0.060529217
20835,0.07263013
20836,0.06542141
20837,0.06500342
20838,0.06744787
20839,0.25923944
20840,0.06729663
20841,0.06198041
20842,0.06347486
20843,0.07396303
20844,0.06439302
20845,0.069660656
20846,0.06190284
20847,0.06634879
20848,0.060888544
20849,0.061278157
20850,0.07255754
20851,0.056952775
20852,0.06235608
20853,0.062481858
20854,0.06602195
20855,0.06564456
20856,0.067427
20857,0.06487794
20858,0.05854086
20859,0.06533262
20860,0.07174239
20861,0.06325741
20862,0.06260086
20863,0.0683146
20864,0.06983036
20865,0.7320158
20866,0.060285598
20867,0.06973962
20868,0.06252882
20869,0.07100824
20870,0.061843824
20871,0.06954048
20872,0.06407511
20873,0.06217395
20874,0.057025198
20875,0.06264356
20876,0.07046384
20877,0.08136671
20878,0.069330394
20879,0.061691854
20880,0.05847264
20881,0.06197817
20882,0.06943473
20883,0.062391184
20884,0.06310232
20885,0.066043
20886,0.061473176
20887,0.06582927
20888,0.058207087
20889,0.062481858
20890,0.08313226
20891,0.06605258
20892,0.05756372
20893,0.05952783
20894,0.0683146
20895,0.06046663
20896,0.07004664
20897,0.06393787
20898,0.10209076
20899,0.06616122
20900,0.06457956
20901,0.06894508
20902,0.06523267
20903,0.061968107
20904,0.059972517
20905,0.07859706
20906,0.06538715
20907,0.0733057
20908,0.062820464
20909,0.0680649
20910,0.06371791
20911,0.06227943
20912,0.06481157
20913,0.06351429
20914,0.06676812
20915,0.06754789
20916,0.06395218
20917,0.06552119
20918,0.27238217
20919,0.60977864
20920,0.06585073
20921,0.060377132
20922,0.28793904
20923,0.06459581
20924,0.2822833
20925,0.06848739
20926,0.06239262
20927,0.06283477
20928,0.06224202
20929,0.07118922
20930,0.059108563
20931,0.06371791
20932,0.07154484
20933,0.58782977
20934,0.06289053
20935,0.06939696
20936,0.07400134
20937,0.05747016
20938,0.059066378
20939,0.063202605
20940,0.06357833
20941,0.06357833
20942,0.07569068
20943,0.05462324
20944,0.6108211
20945,0.5939324
20946,0.06527041
20947,0.06748576
20948,0.060678132
20949,0.66074926
20950,0.05899038
20951,0.06217893
20952,0.062425554
20953,0.07038121
20954,0.68722403
20955,0.061629754
20956,0.06681117
20957,0.62666595
20958,0.062434234
20959,0.61040854
20960,0.06440697
20961,0.6629135
20962,0.06779205
20963,0.063733615
20964,0.060101338
20965,0.06757488
20966,0.0668531
20967,0.06388427
20968,0.06857785
20969,0.062190916
20970,0.06485001
20971,0.60368985
20972,0.06373724
20973,0.06386645
20974,0.07859706
20975,0.05747016
20976,0.06689732
20977,0.065444365
20978,0.062591165
20979,0.06194209
20980,0.062112425
20981,0.06516698
20982,0.2830473
20983,0.060976636
20984,0.061787847
20985,0.06687741
20986,0.070262104
20987,0.07135222
20988,0.062043738
20989,0.69338816
20990,0.07163681
20991,0.06585073
20992,0.06731331
20993,0.6177641
20994,0.067097016
20995,0.06044487
20996,0.06189343
20997,0.061919585
20998,0.06806631
20999,0.062027894
21000,0.06338112
21001,0.06383403
21002,0.060794186
21003,0.06158978
21004,0.064002946
21005,0.06586676
21006,0.28010157
21007,0.27669957
21008,0.06763743
21009,0.06227943
21010,0.066983484
21011,0.06030961
21012,0.26589116
21013,0.067794256
21014,0.06351429
21015,0.062043738
21016,0.059066378
21017,0.06723502
21018,0.06604708
21019,0.68876535
21020,0.06338112
21021,0.06109616
21022,0.0596051
21023,0.067592405
21024,0.071057215
21025,0.06289053
21026,0.07145449
21027,0.13215783
21028,0.05747016
21029,0.06175422
21030,0.06768487
21031,0.054156125
21032,0.061840404
21033,0.06257009
21034,0.05947955
21035,0.06432682
21036,0.07838453
21037,0.062632926
21038,0.06429548
21039,0.07015089
21040,0.27238217
21041,0.062815174
21042,0.065455735
21043,0.060383055
21044,0.07020726
21045,0.06330851
21046,0.06477526
21047,0.062258918
21048,0.067362696
21049,0.071354166
21050,0.06385902
21051,0.66572535
21052,0.06841525
21053,0.066872716
21054,0.0665213
21055,0.06552119
21056,0.061840404
21057,0.07154484
21058,0.0586229
21059,0.06560814
21060,0.06611099
21061,0.06731331
21062,0.070956625
21063,0.062473346
21064,0.06608926
21065,0.26954657
21066,0.06420418
21067,0.2794021
21068,0.28470287
21069,0.6071512
21070,0.060948644
21071,0.06226527
21072,0.06361021
21073,0.06970566
21074,0.082675844
21075,0.072823055
21076,0.061322678
21077,0.061351582
21078,0.683683
21079,0.06440697
21080,0.06753319
21081,0.066361465
21082,0.06561916
21083,0.06373724
21084,0.06463346
21085,0.06494511
21086,0.059453793
21087,0.06656696
21088,0.065402955
21089,0.07104215
21090,0.064594455
21091,0.065524496
21092,0.07104215
21093,0.07059549
21094,0.07838453
21095,0.06857785
21096,0.26912087
21097,0.69985265
21098,0.06763743
21099,0.070200376
21100,0.06477526
21101,0.0596051
21102,0.06748624
21103,0.07020726
21104,0.058602717
21105,0.05978295
21106,0.06848183
21107,0.06352484
21108,0.06393882
21109,0.06217893
21110,0.06052615
21111,0.0687156
21112,0.062473346
21113,0.06369632
21114,0.059324566
21115,0.27740127
21116,0.06717256
21117,0.06514725
21118,0.06457599
21119,0.060009282
21120,0.06429548
21121,0.06192378
21122,0.059872597
21123,0.058519665
21124,0.06618434
21125,0.062929854
21126,0.2807321
21127,0.27738297
21128,0.06456873
21129,0.06554711
21130,0.071296215
21131,0.060948644
21132,0.06334336
21133,0.06127678
21134,0.055504248
21135,0.06477526
21136,0.062730856
21137,0.07154484
21138,0.060377132
21139,0.059895627
21140,0.06527041
21141,0.07070891
21142,0.0704212
21143,0.06253065
21144,0.062591165
21145,0.06228102
21146,0.0695751
21147,0.062278733
21148,0.06169917
21149,0.052699734
21150,0.6431112
21151,0.060746986
21152,0.06658016
21153,0.064793505
21154,0.06246401
21155,0.062190916
21156,0.07176987
21157,0.061322678
21158,0.0665213
21159,0.07031686
21160,0.06719706
21161,0.065624185
21162,0.06327568
21163,0.059118696
21164,0.06691024
21165,0.06719706
21166,0.0712831
21167,0.06371791
21168,0.05462324
21169,0.26874796
21170,0.06681117
21171,0.06868522
21172,0.053594347
21173,0.6714706
21174,0.05973057
21175,0.06944375
21176,0.59787387
21177,0.069037795
21178,0.26885808
21179,0.2779732
21180,0.063051805
21181,0.064209625
21182,0.06375253
21183,0.06731172
21184,0.06257009
21185,0.070628926
21186,0.2714885
21187,0.06586017
21188,0.06429548
21189,0.065963104
21190,0.06291082
21191,0.062043738
21192,0.06267498
21193,0.061098456
21194,0.05747016
21195,0.059403356
21196,0.06431154
21197,0.063932374
21198,0.080301896
21199,0.06420418
21200,0.06514102
21201,0.70840156
21202,0.06536799
21203,0.059180524
21204,0.06703938
21205,0.050416175
21206,0.06723502
21207,0.06330851
21208,0.6455421
21209,0.070956625
21210,0.052699734
21211,0.61996794
21212,0.27114955
21213,0.05638763
21214,0.06743137
21215,0.061447892
21216,0.061172653
21217,0.27984694
21218,0.6069404
21219,0.060788736
21220,0.06720369
21221,0.060525216
21222,0.2956768
21223,0.06257009
21224,0.06477526
21225,0.06447124
21226,0.6483995
21227,0.061485536
21228,0.053507417
21229,0.06409636
21230,0.06677339
21231,0.27738297
21232,0.6482099
21233,0.061115455
21234,0.06552059
21235,0.7104656
21236,0.06408071
21237,0.06918336
21238,0.068839595
21239,0.059421584
21240,0.060976636
21241,0.081817515
21242,0.067925885
21243,0.055550646
21244,0.67220145
21245,0.27958646
21246,0.06228378
21247,0.28285143
21248,0.050416175
21249,0.26912087
21250,0.642855
21251,0.6755049
21252,0.063733615
21253,0.062815174
21254,0.27323237
21255,0.057456374
21256,0.6439575
21257,0.65876895
21258,0.5524378
21259,0.06611099
21260,0.079388805
21261,0.2737484
21262,0.06105064
21263,0.059108563
21264,0.06442814
21265,0.07104215
21266,0.07135222
21267,0.06875525
21268,0.06376269
21269,0.058602717
21270,0.060383055
21271,0.059240937
21272,0.080301896
21273,0.06701944
21274,0.5718631
21275,0.27139574
21276,0.06257009
21277,0.067837745
21278,0.27748704
21279,0.071057215
21280,0.0694944
21281,0.73014104
21282,0.67220145
21283,0.6724033
21284,0.07104215
21285,0.09240167
21286,0.060831565
21287,0.6515215
21288,0.06227943
21289,0.059118696
21290,0.06466929
21291,0.06944375
21292,0.06875525
21293,0.063907295
21294,0.06480842
21295,0.062667504
21296,0.5718112
21297,0.06848739
21298,0.058602717
21299,0.2722106
21300,0.0609376
21301,0.06169917
21302,0.06514102
21303,0.76931477
21304,0.7378076
21305,0.058689516
21306,0.058533985
21307,0.06536799
21308,0.061378215
21309,0.68332505
21310,0.6922804
21311,0.6166591
21312,0.06386645
21313,0.06438819
21314,0.06281481
21315,0.6219719
21316,0.06442814
21317,0.6888523
21318,0.06054056
21319,0.064740896
21320,0.074102156
21321,0.059390135
21322,0.06970566
21323,0.06438819
21324,0.061910313
21325,0.69943357
21326,0.6403691
21327,0.28196007
21328,0.06654089
21329,0.062269066
21330,0.07137518
21331,0.061586224
21332,0.06415279
21333,0.27323237
21334,0.28087392
21335,0.06246401
21336,0.06352484
21337,0.054156125
21338,0.062278733
21339,0.6859467
21340,0.64250135
21341,0.6572918
21342,0.058799714
21343,0.062190916
21344,0.29438043
21345,0.70396614
21346,0.061853126
21347,0.06438819
21348,0.070262104
21349,0.06361021
21350,0.6552625
21351,0.5999254
21352,0.060575686
21353,0.06328812
21354,0.063154474
21355,0.06656696
21356,0.0682865
21357,0.5143234
21358,0.2774542
21359,0.06703938
21360,0.06757488
21361,0.06514102
21362,0.05967464
21363,0.06906145
21364,0.062269066
21365,0.28024468
21366,0.26834178
21367,0.0789862
21368,0.058390703
21369,0.06793975
21370,0.065674655
21371,0.27813372
21372,0.06868522
21373,0.06283477
21374,0.0712831
21375,0.050416175
21376,0.06731331
21377,0.065756544
21378,0.6408006
21379,0.6698917
21380,0.5718631
21381,0.29398015
21382,0.07478519
21383,0.065444365
21384,0.060794186
21385,0.6073426
21386,0.060575686
21387,0.06677339
21388,0.064609475
21389,0.062485486
21390,0.06703938
21391,0.060569555
21392,0.28050542
21393,0.27391043
21394,0.2922194
21395,0.63261557
21396,0.27209806
21397,0.05973057
21398,0.0586229
21399,0.28063294
21400,0.062574275
21401,0.066361465
21402,0.6355716
21403,0.072910205
21404,0.06340692
21405,0.06257009
21406,0.06217893
21407,0.060470875
21408,0.61362493
21409,0.66951954
21410,0.67245483
21411,0.2841529
21412,0.062434234
21413,0.06196722
21414,0.5711085
21415,0.06531378
21416,0.2922194
21417,0.06824674
21418,0.07869091
21419,0.64446723
21420,0.2727212
21421,0.067723304
21422,0.7124727
21423,0.26834178
21424,0.064609475
21425,0.06560001
21426,0.063154474
21427,0.063114785
21428,0.07353901
21429,0.063948885
21430,0.066729516
21431,0.06304344
21432,0.05899038
21433,0.06440697
21434,0.063733615
21435,0.60659194
21436,0.67220145
21437,0.70933616
21438,0.5889534
21439,0.5952774
21440,0.059324566
21441,0.07047264
21442,0.07059549
21443,0.058488883
21444,0.06386645
21445,0.2825502
21446,0.06395218
21447,0.058602717
21448,0.06723502
21449,0.06231833
21450,0.06358183
21451,0.06376636
21452,0.06848739
21453,0.06474708
21454,0.06474708
21455,0.059240937
21456,0.066361465
21457,0.065208785
21458,0.05399993
21459,0.06731331
21460,0.06388427
21461,0.057306845
21462,0.6233699
21463,0.06361021
21464,0.6501559
21465,0.6262064
21466,0.67405087
21467,0.5789827
21468,0.061840404
21469,0.06346936
21470,0.06023473
21471,0.059444673
21472,0.06720369
21473,0.05579456
21474,0.06169917
21475,0.05870343
21476,0.5830331
21477,0.06044487
21478,0.06494192
21479,0.0641881
21480,0.061401926
21481,0.2895379
21482,0.06800096
21483,0.06730498
21484,0.06300685
21485,0.060810365
21486,0.059658036
21487,0.06021664
21488,0.06534683
21489,0.0717462
21490,0.59612244
21491,0.64676535
21492,0.28372204
21493,0.65343326
21494,0.6305382
21495,0.6629135
21496,0.2895379
21497,0.055960834
21498,0.06167891
21499,0.062434234
21500,0.06409636
21501,0.060678132
21502,0.05579456
21503,0.6305382
21504,0.27239645
21505,0.6233644
21506,0.06432682
21507,0.063202605
21508,0.06379578
21509,0.0609376
21510,0.06957759
21511,0.07264948
21512,0.06310535
21513,0.063932374
21514,0.06604708
21515,0.061840404
21516,0.619883
21517,0.6512592
21518,0.62031007
21519,0.27738297
21520,0.280186
21521,0.27850088
21522,0.06505271
21523,0.06616293
21524,0.06488371
21525,0.05951645
21526,0.06677339
21527,0.061910313
21528,0.060650606
21529,0.06105064
21530,0.2922194
21531,0.06438819
21532,0.06376269
21533,0.06169917
21534,0.6469028
21535,0.07408852
21536,0.06689732
21537,0.06746549
21538,0.07118922
21539,0.27266276
21540,0.05963756
21541,0.06781184
21542,0.28077576
21543,0.10227886
21544,0.06092932
21545,0.06681117
21546,0.06052615
21547,0.061847825
21548,0.07859706
21549,0.06590101
21550,0.06469262
21551,0.062228255
21552,0.0688178
21553,0.06448642
21554,0.06635656
21555,0.06735124
21556,0.07105821
21557,0.06360252
21558,0.064795665
21559,0.060009282
21560,0.06956789
21561,0.060794186
21562,0.06583228
21563,0.06586676
21564,0.27723822
21565,0.55860555
21566,0.61996794
21567,0.06719706
21568,0.060794186
21569,0.063051805
21570,0.06283752
21571,0.063051805
21572,0.0602459
21573,0.061447892
21574,0.06352484
21575,0.06626179
21576,0.06654089
21577,0.78285164
21578,0.05370132
21579,0.053594347
21580,0.27050596
21581,0.061023746
21582,0.070262104
21583,0.61438113
21584,0.059390135
21585,0.06677339
21586,0.05771947
21587,0.06604708
21588,0.057456374
21589,0.06226527
21590,0.06715055
21591,0.06167891
21592,0.066872716
21593,0.070628926
21594,0.06169917
21595,0.29676637
21596,0.060575686
21597,0.060746986
21598,0.06379578
21599,0.06523608
21600,0.05947955
21601,0.061440226
21602,0.071700916
21603,0.06492074
21604,0.2740582
21605,0.07137518
21606,0.06477526
21607,0.06703938
21608,0.06715055
21609,0.06127287
21610,0.2715841
21611,0.06626179
21612,0.0696677
21613,0.079388805
21614,0.058488883
21615,0.0638003
21616,0.057456374
21617,0.068839595
21618,0.28267914
21619,0.06388427
21620,0.06779205
21621,0.06388166
21622,0.067770205
21623,0.06509359
21624,0.06420418
21625,0.06127602
21626,0.62718767
21627,0.6906147
21628,0.27669957
21629,0.061586224
21630,0.062820464
21631,0.08127328
21632,0.061569512
21633,0.06481157
21634,0.06044487
21635,0.06127678
21636,0.065455735
21637,0.6399739
21638,0.0704212
21639,0.06717688
21640,0.061853126
21641,0.06349043
21642,0.06586153
21643,0.064064115
21644,0.06466385
21645,0.6332231
21646,0.060810365
21647,0.0641881
21648,0.06127602
21649,0.06701944
21650,0.06111823
21651,0.06346936
21652,0.06681494
21653,0.06523504
21654,0.07264948
21655,0.060948644
21656,0.06381441
21657,0.0596051
21658,0.059444673
21659,0.06452039
21660,0.06779205
21661,0.06379578
21662,0.06717688
21663,0.06669072
21664,0.06289053
21665,0.053607497
21666,0.064002946
21667,0.066872716
21668,0.6787761
21669,0.06848739
21670,0.28081554
21671,0.07330795
21672,0.09581697
21673,0.055960834
21674,0.062040612
21675,0.06552059
21676,0.06304344
21677,0.27239645
21678,0.06069002
21679,0.06373178
21680,0.065674655
21681,0.06376269
21682,0.06514725
21683,0.28379306
21684,0.06283752
21685,0.06735124
21686,0.066667035
21687,0.074844375
21688,0.06189343
21689,0.064080246
21690,0.6409312
21691,0.06231833
21692,0.07009099
21693,0.06824674
21694,0.06585073
21695,0.062257797
21696,0.06514725
21697,0.06970566
21698,0.062279634
21699,0.06385902
21700,0.07135222
21701,0.056745704
21702,0.06554711
21703,0.0644741
21704,0.063051805
21705,0.06228102
21706,0.06352484
21707,0.06442814
21708,0.2690192
21709,0.061440226
21710,0.27616394
21711,0.06556123
21712,0.06261258
21713,0.06820914
21714,0.06374209
21715,0.07056415
21716,0.06233758
21717,0.06932637
21718,0.064080246
21719,0.07105821
21720,0.06505271
21721,0.06485001
21722,0.06340692
21723,0.065674655
21724,0.0641881
21725,0.059324566
21726,0.06054056
21727,0.63602024
21728,0.08225193
21729,0.06194209
21730,0.0682865
21731,0.0687156
21732,0.06477526
21733,0.0633178
21734,0.06575299
21735,0.06358183
21736,0.06691024
21737,0.06548198
21738,0.06556123
21739,0.06111823
21740,0.062632926
21741,0.06701944
21742,0.07070891
21743,0.05870343
21744,0.061881643
21745,0.06946167
21746,0.06669072
21747,0.06472165
21748,0.06851147
21749,0.062900014
21750,0.061909925
21751,0.067401804
21752,0.06560814
21753,0.057306845
21754,0.062591165
21755,0.062003035
21756,0.06167891
21757,0.067401804
21758,0.6302074
21759,0.067592405
21760,0.06743137
21761,0.065734476
21762,0.06681117
21763,0.065963104
21764,0.06743137
21765,0.06656696
21766,0.066369504
21767,0.06181426
21768,0.07118922
21769,0.060831565
21770,0.06608863
21771,0.06438903
21772,0.062667504
21773,0.06304344
21774,0.06527041
21775,0.05462324
21776,0.062819764
21777,0.06257009
21778,0.06619665
21779,0.061440226
21780,0.06391253
21781,0.06892068
21782,0.06723502
21783,0.06743137
21784,0.06552059
21785,0.06169917
21786,0.07063901
21787,0.06574982
21788,0.06411957
21789,0.059983
21790,0.06379578
21791,0.060788736
21792,0.06376765
21793,0.067723304
21794,0.065524496
21795,0.07012048
21796,0.06420418
21797,0.06656696
21798,0.066361465
21799,0.07070891
21800,0.0666871
21801,0.0986658
21802,0.08144191
21803,0.06496785
21804,0.063252695
21805,0.07150537
21806,0.058420714
21807,0.07289494
21808,0.061778743
21809,0.063767396
21810,0.063507035
21811,0.07151809
21812,0.065129444
21813,0.06718897
21814,0.28367293
21815,0.6406247
21816,0.06317831
21817,0.06066019
21818,0.6446651
21819,0.06761677
21820,0.27656716
21821,0.06228014
21822,0.27312165
21823,0.061335042
21824,0.0667444
21825,0.06746418
21826,0.065133676
21827,0.2855674
21828,0.06807182
21829,0.5699961
21830,0.0626358
21831,0.064359084
21832,0.06422634
21833,0.06462997
21834,0.063560605
21835,0.06559657
21836,0.6290036
21837,0.5630399
21838,0.060341977
21839,0.06637803
21840,0.05484552
21841,0.068320066
21842,0.061590288
21843,0.065642774
21844,0.06749132
21845,0.061467133
21846,0.057560876
21847,0.6438727
21848,0.07150537
21849,0.2778179
21850,0.6202529
21851,0.06436299
21852,0.68009305
21853,0.064276144
21854,0.28246272
21855,0.065980315
21856,0.06261308
21857,0.06529919
21858,0.067374304
21859,0.28301248
21860,0.06173515
21861,0.06958186
21862,0.063767396
21863,0.06463358
21864,0.59487945
21865,0.06436299
21866,0.06734788
21867,0.065305345
21868,0.06457533
21869,0.058822196
21870,0.07128108
21871,0.06221789
21872,0.065457664
21873,0.065219514
21874,0.27802262
21875,0.05920701
21876,0.06171224
21877,0.06131456
21878,0.073410474
21879,0.06381636
21880,0.063186236
21881,0.2859705
21882,0.07050707
21883,0.06801232
21884,0.061449245
21885,0.2724324
21886,0.66444033
21887,0.06396078
21888,0.0694694
21889,0.06540833
21890,0.062645435
21891,0.06487758
21892,0.064395696
21893,0.06261308
21894,0.062911324
21895,0.06252119
21896,0.06498479
21897,0.27234733
21898,0.2909283
21899,0.065457664
21900,0.5037262
21901,0.06015486
21902,0.064998634
21903,0.060376786
21904,0.059972342
21905,0.05979715
21906,0.27604705
21907,0.08608887
21908,0.061449245
21909,0.057566557
21910,0.059619963
21911,0.06573498
21912,0.06578559
21913,0.76339865
21914,0.063506864
21915,0.06175235
21916,0.06307946
21917,0.06765654
21918,0.058733184
21919,0.061335042
21920,0.063869745
21921,0.06549215
21922,0.07003565
21923,0.068320066
21924,0.061995678
21925,0.08144191
21926,0.068853855
21927,0.06540833
21928,0.064565115
21929,0.06380864
21930,0.097674616
21931,0.06682745
21932,0.27749905
21933,0.07143878
21934,0.054967593
21935,0.069415085
21936,0.085309274
21937,0.06498479
21938,0.06436299
21939,0.06372444
21940,0.0716901
21941,0.065303594
21942,0.068213716
21943,0.27316678
21944,0.06578559
21945,0.06307631
21946,0.06308467
21947,0.06533681
21948,0.06765654
21949,0.061968356
21950,0.06819427
21951,0.06529919
21952,0.2720782
21953,0.060100485
21954,0.062191423
21955,0.058530938
21956,0.061081044
21957,0.2753893
21958,0.060823735
21959,0.5975073
21960,0.28495473
21961,0.6319061
21962,0.06372444
21963,0.060055193
21964,0.06594426
21965,0.065822616
21966,0.06375207
21967,0.059142824
21968,0.06531635
21969,0.06180743
21970,0.66043574
21971,0.06207814
21972,0.06697261
21973,0.06466894
21974,0.065642774
21975,0.061335042
21976,0.065305345
21977,0.063404694
21978,0.061467133
21979,0.06697261
21980,0.06706983
21981,0.062358346
21982,0.067247614
21983,0.26893443
21984,0.06431695
21985,0.07151809
21986,0.60353035
21987,0.6376338
21988,0.06704939
21989,0.061452877
21990,0.06229716
21991,0.06256616
21992,0.06949477
21993,0.06677329
21994,0.066869594
21995,0.062174655
21996,0.06697261
21997,0.062953584
21998,0.059870277
21999,0.060777735
22000,0.06133762
22001,0.069263384
22002,0.06839081
22003,0.06826499
22004,0.063186236
22005,0.06968595
22006,0.061220296
22007,0.061114863
22008,0.06819427
22009,0.06549049
22010,0.27459136
22011,0.2742399
22012,0.27645758
22013,0.064588174
22014,0.06597605
22015,0.06604791
22016,0.062259924
22017,0.06704779
22018,0.06076481
22019,0.06574986
22020,0.064565115
22021,0.07151809
22022,0.06460754
22023,0.06477542
22024,0.05496816
22025,0.063259155
22026,0.068808965
22027,0.061308034
22028,0.06536338
22029,0.061558638
22030,0.06470332
22031,0.06563702
22032,0.06460754
22033,0.07006218
22034,0.58611405
22035,0.06230774
22036,0.061449245
22037,0.063970536
22038,0.06173515
22039,0.06819427
22040,0.06496785
22041,0.06746642
22042,0.06350561
22043,0.06697782
22044,0.0668046
22045,0.064359084
22046,0.06951105
22047,0.06593384
22048,0.061613172
22049,0.077066265
22050,0.06380164
22051,0.07150537
22052,0.063813075
22053,0.06568098
22054,0.06459634
22055,0.6452391
22056,0.062406607
22057,0.06475686
22058,0.6452902
22059,0.07871938
22060,0.06340819
22061,0.280585
22062,0.06407931
22063,0.059485175
22064,0.06521473
22065,0.058420714
22066,0.06229716
22067,0.07133612
22068,0.06586429
22069,0.06012898
22070,0.27816597
22071,0.063259155
22072,0.06864884
22073,0.06540833
22074,0.06370695
22075,0.06547042
22076,0.06707582
22077,0.06586429
22078,0.062285855
22079,0.061872024
22080,0.05643954
22081,0.06830366
22082,0.06411694
22083,0.068808965
22084,0.06442228
22085,0.063560605
22086,0.6406204
22087,0.058687817
22088,0.07119505
22089,0.061977793
22090,0.06712177
22091,0.060142096
22092,0.60131246
22093,0.069263384
22094,0.06335465
22095,0.6398431
22096,0.27408713
22097,0.058534548
22098,0.06392281
22099,0.06761677
22100,0.27604705
22101,0.76883775
22102,0.0716901
22103,0.06765654
22104,0.05979715
22105,0.06333406
22106,0.06332518
22107,0.06575705
22108,0.064761244
22109,0.7084088
22110,0.059499305
22111,0.059905577
22112,0.058420714
22113,0.0653181
22114,0.26998103
22115,0.6638239
22116,0.0704499
22117,0.06241493
22118,0.5375345
22119,0.062635854
22120,0.06076481
22121,0.2870496
22122,0.062174655
22123,0.065980315
22124,0.06357687
22125,0.066370666
22126,0.063824125
22127,0.72314984
22128,0.6045588
22129,0.064998634
22130,0.27234167
22131,0.06825187
22132,0.06373522
22133,0.5963853
22134,0.6193874
22135,0.06519557
22136,0.06217157
22137,0.27316678
22138,0.066624805
22139,0.6167503
22140,0.27294126
22141,0.5992189
22142,0.061034348
22143,0.06691074
22144,0.05674051
22145,0.06466663
22146,0.06776576
22147,0.061039478
22148,0.06142353
22149,0.06826499
22150,0.06175235
22151,0.062139742
22152,0.061449245
22153,0.29292428
22154,0.065592244
22155,0.059386868
22156,0.06732062
22157,0.063883774
22158,0.6374765
22159,0.27408713
22160,0.062285855
22161,0.28241777
22162,0.06296251
22163,0.06533681
22164,0.5705113
22165,0.6146668
22166,0.5978974
22167,0.0612609
22168,0.05819235
22169,0.7040471
22170,0.076738566
22171,0.07151809
22172,0.065897904
22173,0.064129315
22174,0.056428798
22175,0.06761677
22176,0.06586429
22177,0.63998324
22178,0.060844857
22179,0.06133762
22180,0.27484247
22181,0.06629058
22182,0.06602423
22183,0.06949477
22184,0.69667596
22185,0.28495473
22186,0.06335465
22187,0.0716901
22188,0.09879873
22189,0.060400296
22190,0.6452902
22191,0.6612379
22192,0.6057537
22193,0.060776927
22194,0.07342835
22195,0.06475686
22196,0.64624745
22197,0.063883774
22198,0.2792428
22199,0.062291484
22200,0.063882165
22201,0.060376786
22202,0.0685002
22203,0.059298243
22204,0.06476976
22205,0.06462997
22206,0.63998324
22207,0.5697866
22208,0.28121012
22209,0.06221789
22210,0.06207814
22211,0.068808965
22212,0.06175235
22213,0.076054655
22214,0.06180743
22215,0.0645567
22216,0.06422634
22217,0.063506864
22218,0.06159002
22219,0.06549215
22220,0.67828864
22221,0.5985552
22222,0.6198188
22223,0.06150092
22224,0.058919918
22225,0.2706249
22226,0.064108625
22227,0.6468927
22228,0.059691224
22229,0.06252435
22230,0.067968756
22231,0.06816572
22232,0.52703935
22233,0.582547
22234,0.062095452
22235,0.06725636
22236,0.06420164
22237,0.06457533
22238,0.0621443
22239,0.6311422
22240,0.2706301
22241,0.067374304
22242,0.06422269
22243,0.0645567
22244,0.06549619
22245,0.068328425
22246,0.06405497
22247,0.60146976
22248,0.6893834
22249,0.27604705
22250,0.066522755
22251,0.065219514
22252,0.0645567
22253,0.058029633
22254,0.06847408
22255,0.065301664
22256,0.06829646
22257,0.06801098
22258,0.066474125
22259,0.07119505
22260,0.6573326
22261,0.60131246
22262,0.28136402
22263,0.27739033
22264,0.061449245
22265,0.06317831
22266,0.27583933
22267,0.5692905
22268,0.07655969
22269,0.05440225
22270,0.06279843
22271,0.06309516
22272,0.06776733
22273,0.0587028
22274,0.27546772
22275,0.28560674
22276,0.06566787
22277,0.6500282
22278,0.061039478
22279,0.05643954
22280,0.06124827
22281,0.062911324
22282,0.059722777
22283,0.0650317
22284,0.28241777
22285,0.05923365
22286,0.061558638
22287,0.06133762
22288,0.065822616
22289,0.065980315
22290,0.4833096
22291,0.28186986
22292,0.5397372
22293,0.2720648
22294,0.07477343
22295,0.06492508
22296,0.6670187
22297,0.051895022
22298,0.058378857
22299,0.2779241
22300,0.061114863
22301,0.06279843
22302,0.656077
22303,0.2722555
22304,0.06783413
22305,0.67329454
22306,0.6350602
22307,0.06299193
22308,0.06581208
22309,0.05825164
22310,0.07090465
22311,0.06427602
22312,0.06297528
22313,0.052598532
22314,0.06806303
22315,0.07168983
22316,0.064587556
22317,0.09629322
22318,0.6332971
22319,0.576484
22320,0.6146668
22321,0.62186253
22322,0.5683498
22323,0.06384877
22324,0.06427065
22325,0.06568098
22326,0.065822616
22327,0.27316678
22328,0.06339209
22329,0.064588174
22330,0.062947415
22331,0.059298243
22332,0.06339209
22333,0.0666871
22334,0.06431695
22335,0.0716901
22336,0.05496816
22337,0.07019991
22338,0.06423141
22339,0.08144191
22340,0.05657895
22341,0.062191423
22342,0.059699375
22343,0.064316444
22344,0.27028102
22345,0.2683186
22346,0.59865254
22347,0.615581
22348,0.66297054
22349,0.28700748
22350,0.061900225
22351,0.065980315
22352,0.066046745
22353,0.067058265
22354,0.06423141
22355,0.06191831
22356,0.62854046
22357,0.06466663
22358,0.05923365
22359,0.06318168
22360,0.058267843
22361,0.06949477
22362,0.058447715
22363,0.060950585
22364,0.054605454
22365,0.0653181
22366,0.07003122
22367,0.06180743
22368,0.06442228
22369,0.06578744
22370,0.61362433
22371,0.6406204
22372,0.28011853
22373,0.6290036
22374,0.28136402
22375,0.646537
22376,0.2768741
22377,0.061308034
22378,0.06442228
22379,0.05872933
22380,0.07105557
22381,0.06597605
22382,0.068420626
22383,0.061952513
22384,0.6457814
22385,0.063689746
22386,0.59270084
22387,0.06470332
22388,0.058354516
22389,0.06386768
22390,0.06295539
22391,0.2708754
22392,0.060110193
22393,0.07003122
22394,0.07003122
22395,0.06457466
22396,0.6497461
22397,0.60748625
22398,0.61998177
22399,0.279353
22400,0.28186986
22401,0.06430168
22402,0.05934307
22403,0.07062776
22404,0.062911324
22405,0.061846796
22406,0.06396882
22407,0.06493433
22408,0.062259924
22409,0.06447077
22410,0.060950585
22411,0.27567604
22412,0.06390254
22413,0.06765654
22414,0.27204317
22415,0.072196215
22416,0.062619105
22417,0.2778179
22418,0.062533796
22419,0.2886821
22420,0.064761244
22421,0.06621723
22422,0.0663621
22423,0.052086916
22424,0.0642536
22425,0.06690985
22426,0.06431695
22427,0.06301989
22428,0.06309516
22429,0.056444883
22430,0.28459913
22431,0.07026634
22432,0.07151809
22433,0.060794838
22434,0.06265719
22435,0.06396078
22436,0.06370695
22437,0.06308467
22438,0.06593206
22439,0.06344242
22440,0.6022468
22441,0.6295499
22442,0.065642774
22443,0.0645567
22444,0.065980315
22445,0.06559657
22446,0.08118936
22447,0.06485847
22448,0.08280515
22449,0.06396882
22450,0.058788534
22451,0.05418948
22452,0.064669795
22453,0.062328678
22454,0.061699677
22455,0.06457466
22456,0.06533681
22457,0.6332463
22458,0.05440225
22459,0.077066265
22460,0.26702362
22461,0.061778743
22462,0.061114863
22463,0.6452391
22464,0.067992404
22465,0.06457566
22466,0.2713305
22467,0.064998634
22468,0.058243107
22469,0.073410474
22470,0.06498479
22471,0.06549619
22472,0.06476976
22473,0.056444883
22474,0.06951105
22475,0.27459136
22476,0.06459634
22477,0.06704939
22478,0.06308467
22479,0.07342835
22480,0.068472475
22481,0.064359084
22482,0.05990404
22483,0.05920701
22484,0.062328678
22485,0.28495473
22486,0.059460685
22487,0.06341082
22488,0.06400592
22489,0.063507035
22490,0.06436299
22491,0.26827213
22492,0.06515522
22493,0.27825713
22494,0.05872933
22495,0.060777735
22496,0.06801098
22497,0.063186236
22498,0.07655969
22499,0.2720648
22500,0.0659193
22501,0.060725156
22502,0.085309274
22503,0.06593384
22504,0.06975955
22505,0.06372444
22506,0.6439164
22507,0.628837
22508,0.28062695
22509,0.06341082
22510,0.058395173
22511,0.07105557
22512,0.06830366
22513,0.06228014
22514,0.068105884
22515,0.058341056
22516,0.06407931
22517,0.64135283
22518,0.056428798
22519,0.0632877
22520,0.06525041
22521,0.06580163
22522,0.06578559
22523,0.065301664
22524,0.06529919
22525,0.27292407
22526,0.06578559
22527,0.06397822
22528,0.07136292
22529,0.0668046
22530,0.05825164
22531,0.06398975
22532,0.06521473
22533,0.065693185
22534,0.06913645
22535,0.05496816
22536,0.063560605
22537,0.06746642
22538,0.07003122
22539,0.062150523
22540,0.06600905
22541,0.06272196
22542,0.07003122
22543,0.060776927
22544,0.06261308
22545,0.053387407
22546,0.061558638
22547,0.06446329
22548,0.06854626
22549,0.5975073
22550,0.071610786
22551,0.06536338
22552,0.063781515
22553,0.06171224
22554,0.061114863
22555,0.069263384
22556,0.060777735
22557,0.06446329
22558,0.2724324
22559,0.06593206
22560,0.060777735
22561,0.064565115
22562,0.06697773
22563,0.058573984
22564,0.06610109
22565,0.061663803
22566,0.072403386
22567,0.07006218
22568,0.0667444
22569,0.6442702
22570,0.0670326
22571,0.06557159
22572,0.06432964
22573,0.061995678
22574,0.063994326
22575,0.14181301
22576,0.059722777
22577,0.06390551
22578,0.060341977
22579,0.061737396
22580,0.063252695
22581,0.06573498
22582,0.06531442
22583,0.06607235
22584,0.06422634
22585,0.069383554
22586,0.06565685
22587,0.06544487
22588,0.27604705
22589,0.27885455
22590,0.2722555
22591,0.0694694
22592,0.062533796
22593,0.06405497
22594,0.064276144
22595,0.06466663
22596,0.05433186
22597,0.08608887
22598,0.06551344
22599,0.06765654
22600,0.05819235
22601,0.071944326
22602,0.06160522
22603,0.06438173
22604,0.063455455
22605,0.06221789
22606,0.067337856
22607,0.06951105
22608,0.062437773
22609,0.060853306
22610,0.063824125
22611,0.06691074
22612,0.06392658
22613,0.0716255
22614,0.07342835
22615,0.065305345
22616,0.07289494
22617,0.06829646
22618,0.060164902
22619,0.06307631
22620,0.064565115
22621,0.06459439
22622,0.068472475
22623,0.06195222
22624,0.060675766
22625,0.06226887
22626,0.06396882
22627,0.06954878
22628,0.05919425
22629,0.069263384
22630,0.06765654
22631,0.065592244
22632,0.05923365
22633,0.058447715
22634,0.068017274
22635,0.06392281
22636,0.0663621
22637,0.58767635
22638,0.061822664
22639,0.062911324
22640,0.06409126
22641,0.08286362
22642,0.06245395
22643,0.06597605
22644,0.060623676
22645,0.060777735
22646,0.058029633
22647,0.06701943
22648,0.06431983
22649,0.060110193
22650,0.06816572
22651,0.061449245
22652,0.065457664
22653,0.069941506
22654,0.06160522
22655,0.06476976
22656,0.06298173
22657,0.06601956
22658,0.063813075
22659,0.058267843
22660,0.06475935
22661,0.06765654
22662,0.05496816
22663,0.060823735
22664,0.06501438
22665,0.06549619
22666,0.063882165
22667,0.0614631
22668,0.06384877
22669,0.06458835
22670,0.07179922
22671,0.061737396
22672,0.06339933
22673,0.06734901
22674,0.06648979
22675,0.08280515
22676,0.06412644
22677,0.07029827
22678,0.06492508
22679,0.064359084
22680,0.053964492
22681,0.0739855
22682,0.064586036
22683,0.06340585
22684,0.05742192
22685,0.065216966
22686,0.06392503
22687,0.065839775
22688,0.065366335
22689,0.06215701
22690,0.061575007
22691,0.26947296
22692,0.65659577
22693,0.07541634
22694,0.06499912
22695,0.28009856
22696,0.06056384
22697,0.063011184
22698,0.06039182
22699,0.06579318
22700,0.05728256
22701,0.06391966
22702,0.066543706
22703,0.26782975
22704,0.11962528
22705,0.5550247
22706,0.27423173
22707,0.06282876
22708,0.054439664
22709,0.05742192
22710,0.065886304
22711,0.059579283
22712,0.063567586
22713,0.057102572
22714,0.058695786
22715,0.27866846
22716,0.58249503
22717,0.64350796
22718,0.065839775
22719,0.060579706
22720,0.060068533
22721,0.26838547
22722,0.07341828
22723,0.06786288
22724,0.06614563
22725,0.06374291
22726,0.06402074
22727,0.6801732
22728,0.06340669
22729,0.062489066
22730,0.6402449
22731,0.06324901
22732,0.767442
22733,0.06224825
22734,0.27526098
22735,0.058873475
22736,0.057616338
22737,0.065547824
22738,0.053721104
22739,0.06224825
22740,0.055909257
22741,0.06198521
22742,0.06579318
22743,0.27340338
22744,0.05319462
22745,0.07175152
22746,0.066152915
22747,0.06452337
22748,0.06757014
22749,0.062832825
22750,0.05055914
22751,0.06635155
22752,0.06371998
22753,0.06259023
22754,0.064817905
22755,0.06621592
22756,0.059227727
22757,0.061770428
22758,0.2653593
22759,0.062808506
22760,0.06382041
22761,0.2741698
22762,0.278553
22763,0.0571823
22764,0.058523547
22765,0.06128512
22766,0.065117374
22767,0.06209756
22768,0.062230896
22769,0.0653116
22770,0.0616133
22771,0.063736215
22772,0.057072293
22773,0.28380656
22774,0.06584487
22775,0.061937455
22776,0.2742997
22777,0.05743344
22778,0.061787784
22779,0.06128512
22780,0.0644618
22781,0.062832825
22782,0.2694678
22783,0.06286407
22784,0.060969092
22785,0.06600277
22786,0.0585113
22787,0.062489066
22788,0.5880818
22789,0.062619746
22790,0.063005365
22791,0.059542853
22792,0.06479196
22793,0.0637867
22794,0.06335659
22795,0.07501401
22796,0.06326605
22797,0.05980615
22798,0.06757014
22799,0.057427067
22800,0.060273867
22801,0.06661532
22802,0.065207735
22803,0.0643294
22804,0.06643618
22805,0.058873475
22806,0.06479196
22807,0.06125082
22808,0.066543706
22809,0.07094312
22810,0.28510702
22811,0.06277412
22812,0.06155295
22813,0.06581101
22814,0.06639175
22815,0.065886304
22816,0.065547824
22817,0.05845059
22818,0.066088706
22819,0.06382041
22820,0.6242497
22821,0.059812557
22822,0.058868326
22823,0.06495648
22824,0.062172167
22825,0.0762727
22826,0.06811323
22827,0.06402074
22828,0.063736215
22829,0.06718461
22830,0.2773984
22831,0.06579318
22832,0.058512893
22833,0.07375561
22834,0.056094553
22835,0.27842593
22836,0.05969606
22837,0.29050165
22838,0.62277335
22839,0.63983816
22840,0.06643618
22841,0.06437595
22842,0.0653116
22843,0.06614563
22844,0.06416072
22845,0.065071344
22846,0.062793754
22847,0.63334537
22848,0.06334487
22849,0.05973946
22850,0.063662834
22851,0.062230896
22852,0.06794112
22853,0.061937455
22854,0.064172916
22855,0.061623797
22856,0.06384051
22857,0.06437595
22858,0.06652021
22859,0.05826011
22860,0.06197645
22861,0.27669638
22862,0.06757014
22863,0.053251855
22864,0.68159336
22865,0.64919704
22866,0.062854916
22867,0.06953937
22868,0.0643294
22869,0.0595516
22870,0.06748205
22871,0.06019333
22872,0.06769856
22873,0.06229577
22874,0.062628716
22875,0.06334487
22876,0.05611954
22877,0.06531833
22878,0.066152915
22879,0.06345774
22880,0.06928353
22881,0.06371998
22882,0.053240534
22883,0.070778646
22884,0.063334785
22885,0.06435314
22886,0.0616133
22887,0.061239358
22888,0.0607975
22889,0.06440876
22890,0.27709118
22891,0.065366335
22892,0.2718543
22893,0.075868405
22894,0.06136284
22895,0.064216435
22896,0.060560554
22897,0.066088706
22898,0.06138587
22899,0.0817203
22900,0.062964134
22901,0.058675844
22902,0.065882325
22903,0.06705544
22904,0.06444127
22905,0.058523547
22906,0.066543706
22907,0.0643294
22908,0.06857497
22909,0.06771274
22910,0.06201031
22911,0.05508613
22912,0.061686087
22913,0.0631504
22914,0.062964134
22915,0.2657314
22916,0.06531833
22917,0.062832825
22918,0.060540497
22919,0.06406269
22920,0.06268884
22921,0.06384051
22922,0.058695786
22923,0.07175152
22924,0.5653021
22925,0.06125394
22926,0.06222031
22927,0.062278695
22928,0.063662834
22929,0.0641841
22930,0.065844245
22931,0.06401772
22932,0.06588417
22933,0.0700424
22934,0.058675844
22935,0.06345193
22936,0.06268884
22937,0.59726715
22938,0.06435314
22939,0.06602467
22940,0.64973116
22941,0.060794894
22942,0.057072293
22943,0.06392731
22944,0.06769856
22945,0.06389887
22946,0.060571834
22947,0.056178913
22948,0.05820473
22949,0.06381402
22950,0.06276829
22951,0.060823843
22952,0.06402074
22953,0.06371998
22954,0.060020044
22955,0.06344805
22956,0.059345417
22957,0.06531833
22958,0.062129285
22959,0.06359942
22960,0.2746021
22961,0.06628096
22962,0.09877502
22963,0.073718816
22964,0.061026987
22965,0.64951336
22966,0.063483156
22967,0.06351877
22968,0.06580229
22969,0.6646394
22970,0.060201645
22971,0.064817905
22972,0.63280463
22973,0.0648005
22974,0.05937375
22975,0.06416757
22976,0.061620574
22977,0.06274873
22978,0.061770428
22979,0.2690682
22980,0.28146383
22981,0.062557146
22982,0.06103699
22983,0.06277726
22984,0.06499912
22985,0.06286407
22986,0.05731853
22987,0.053395774
22988,0.5843131
22989,0.066091664
22990,0.066299915
22991,0.06417663
22992,0.0665943
22993,0.06317445
22994,0.6346762
22995,0.061185826
22996,0.05740807
22997,0.63144827
22998,0.06409908
22999,0.069095775
23000,0.27120024
23001,0.06159088
23002,0.06771274
23003,0.06506267
23004,0.06371998
23005,0.06726543
23006,0.06361006
23007,0.06266725
23008,0.58950484
23009,0.2779967
23010,0.060273867
23011,0.28742644
23012,0.06598412
23013,0.055313636
23014,0.57758
23015,0.6370265
23016,0.063143976
23017,0.057709552
23018,0.28367814
23019,0.5756276
23020,0.277553
23021,0.27110788
23022,0.06357481
23023,0.27775642
23024,0.058724165
23025,0.060325652
23026,0.069285564
23027,0.061960552
23028,0.065844245
23029,0.06588417
23030,0.069095775
23031,0.06298371
23032,0.06416224
23033,0.06771274
23034,0.05921651
23035,0.06128715
23036,0.2689666
23037,0.5808646
23038,0.062049754
23039,0.05969606
23040,0.26647604
23041,0.06183924
23042,0.061770428
23043,0.58864766
23044,0.6547211
23045,0.79825425
23046,0.061770428
23047,0.05731315
23048,0.06073226
23049,0.7076978
23050,0.06019333
23051,0.061107166
23052,0.058732532
23053,0.0645196
23054,0.061815992
23055,0.06359942
23056,0.06334487
23057,0.059812557
23058,0.06588417
23059,0.82348716
23060,0.058523547
23061,0.066773795
23062,0.27865338
23063,0.06067059
23064,0.06725779
23065,0.06642095
23066,0.6084785
23067,0.2690682
23068,0.06067909
23069,0.06492398
23070,0.06384051
23071,0.0644618
23072,0.57381684
23073,0.6381276
23074,0.5112062
23075,0.063736215
23076,0.06067059
23077,0.051591072
23078,0.64970607
23079,0.06449563
23080,0.28068104
23081,0.061580922
23082,0.062092606
23083,0.07175152
23084,0.06433097
23085,0.062049754
23086,0.061049536
23087,0.06209756
23088,0.64736205
23089,0.6005323
23090,0.28380656
23091,0.13746256
23092,0.06987231
23093,0.06748205
23094,0.05849504
23095,0.06562884
23096,0.27900454
23097,0.06564806
23098,0.06449563
23099,0.06658648
23100,0.0648005
23101,0.06374291
23102,0.6224668
23103,0.6393998
23104,0.629808
23105,0.06127756
23106,0.06201031
23107,0.28062865
23108,0.6450806
23109,0.06370497
23110,0.06320578
23111,0.06332271
23112,0.07622177
23113,0.6172157
23114,0.6651349
23115,0.060487717
23116,0.06019333
23117,0.06653695
23118,0.06417663
23119,0.06339262
23120,0.6537494
23121,0.27327543
23122,0.06633838
23123,0.064319655
23124,0.05939654
23125,0.058000166
23126,0.064817905
23127,0.064319655
23128,0.27918363
23129,0.28027064
23130,0.056324605
23131,0.06731683
23132,0.06664208
23133,0.06751337
23134,0.06159088
23135,0.06489266
23136,0.06193611
23137,0.053721104
23138,0.06457431
23139,0.057756204
23140,0.060637947
23141,0.060823843
23142,0.06928623
23143,0.62387687
23144,0.7110596
23145,0.288496
23146,0.2786739
23147,0.06697815
23148,0.059909653
23149,0.05939654
23150,0.6090143
23151,0.070853695
23152,0.062193062
23153,0.06433097
23154,0.055290177
23155,0.061937455
23156,0.06268884
23157,0.28657648
23158,0.2805456
23159,0.06371998
23160,0.6132584
23161,0.059345417
23162,0.06581101
23163,0.062686376
23164,0.2793194
23165,0.06197645
23166,0.060487717
23167,0.28856048
23168,0.06311596
23169,0.060325652
23170,0.065071344
23171,0.061742872
23172,0.06444127
23173,0.5734877
23174,0.0625861
23175,0.58431214
23176,0.278553
23177,0.06374291
23178,0.06457431
23179,0.27858022
23180,0.06259023
23181,0.06197645
23182,0.06371998
23183,0.077944346
23184,0.7639274
23185,0.27670297
23186,0.06340152
23187,0.58055395
23188,0.28657648
23189,0.05937375
23190,0.058675844
23191,0.06268884
23192,0.076460615
23193,0.063978545
23194,0.054439664
23195,0.06531833
23196,0.05690969
23197,0.059803892
23198,0.06282588
23199,0.061057538
23200,0.057205833
23201,0.58453983
23202,0.56609744
23203,0.5957398
23204,0.654429
23205,0.7392743
23206,0.062686376
23207,0.06381402
23208,0.06433097
23209,0.05294333
23210,0.27110788
23211,0.2796318
23212,0.066773795
23213,0.06067059
23214,0.062955365
23215,0.065076
23216,0.0648005
23217,0.060823843
23218,0.064546086
23219,0.06771274
23220,0.06805827
23221,0.064336434
23222,0.06726543
23223,0.06657733
23224,0.065917894
23225,0.0607975
23226,0.065536894
23227,0.059227727
23228,0.28040335
23229,0.2796318
23230,0.6725559
23231,0.58887434
23232,0.7383819
23233,0.2796763
23234,0.27775642
23235,0.052955013
23236,0.054256923
23237,0.0633762
23238,0.062964134
23239,0.05700863
23240,0.58074766
23241,0.06159088
23242,0.0640717
23243,0.062300894
23244,0.062452544
23245,0.06385601
23246,0.08797785
23247,0.06435687
23248,0.062964134
23249,0.06280825
23250,0.06725779
23251,0.06335659
23252,0.06286407
23253,0.060718536
23254,0.053251855
23255,0.6531688
23256,0.63613915
23257,0.288496
23258,0.6183936
23259,0.2786739
23260,0.55869603
23261,0.27900454
23262,0.06440058
23263,0.058695786
23264,0.06928623
23265,0.05846309
23266,0.062837295
23267,0.06953937
23268,0.0643294
23269,0.6197995
23270,0.26292783
23271,0.2840957
23272,0.060794894
23273,0.06159088
23274,0.06437595
23275,0.06400049
23276,0.27369553
23277,0.0640717
23278,0.06289332
23279,0.056178913
23280,0.06077961
23281,0.06771274
23282,0.06128353
23283,0.6042323
23284,0.6316462
23285,0.5721288
23286,0.2729556
23287,0.27423173
23288,0.063866295
23289,0.2689666
23290,0.060201645
23291,0.06234469
23292,0.05843431
23293,0.060170323
23294,0.05654887
23295,0.06635155
23296,0.06320578
23297,0.065216795
23298,0.057709552
23299,0.05942861
23300,0.060422882
23301,0.07541634
23302,0.64269555
23303,0.0595516
23304,0.0641841
23305,0.28272206
23306,0.065076
23307,0.28291842
23308,0.065366335
23309,0.061405618
23310,0.057756204
23311,0.06503485
23312,0.06771274
23313,0.06404005
23314,0.057072293
23315,0.057532188
23316,0.056221217
23317,0.06664208
23318,0.065574266
23319,0.06070943
23320,0.06127756
23321,0.05980615
23322,0.060068533
23323,0.05731853
23324,0.06345774
23325,0.05937375
23326,0.061864045
23327,0.06351877
23328,0.058450043
23329,0.076460615
23330,0.069095775
23331,0.28871536
23332,0.6335518
23333,0.06709266
23334,0.07157154
23335,0.06400065
23336,0.069095775
23337,0.06598412
23338,0.065945484
23339,0.058675844
23340,0.067091964
23341,0.062997915
23342,0.06234469
23343,0.06786288
23344,0.05690969
23345,0.05055914
23346,0.062278695
23347,0.63295865
23348,0.0733718
23349,0.16280448
23350,0.061461214
23351,0.059602585
23352,0.059781235
23353,0.6120928
23354,0.061468974
23355,0.28871536
23356,0.065076
23357,0.06082601
23358,0.06449563
23359,0.06707222
23360,0.06224825
23361,0.05679167
23362,0.06588607
23363,0.062950164
23364,0.27117026
23365,0.060386486
23366,0.06197216
23367,0.06355669
23368,0.06628096
23369,0.058450043
23370,0.06125082
23371,0.060323324
23372,0.056324605
23373,0.061815992
23374,0.067383066
23375,0.6111816
23376,0.06457656
23377,0.068439834
23378,0.062058937
23379,0.05981884
23380,0.06401273
23381,0.27526098
23382,0.063884385
23383,0.066543706
23384,0.076460615
23385,0.06400049
23386,0.07341828
23387,0.06082601
23388,0.063686214
23389,0.06280825
23390,0.7207092
23391,0.2832409
23392,0.062628716
23393,0.0662524
23394,0.06685412
23395,0.06311596
23396,0.053240534
23397,0.6651349
23398,0.66032124
23399,0.28111112
23400,0.064065054
23401,0.062628716
23402,0.062326044
23403,0.06705544
23404,0.065071344
23405,0.06786288
23406,0.06602467
23407,0.64869446
23408,0.0631504
23409,0.060791064
23410,0.06579318
23411,0.06718461
23412,0.06440058
23413,0.061770428
23414,0.061622225
23415,0.68678784
23416,0.06857497
23417,0.063291304
23418,0.06173567
23419,0.058387086
23420,0.059602585
23421,0.058754493
23422,0.056903534
23423,0.06320578
23424,0.06361006
23425,0.0733718
23426,0.06345774
23427,0.05874522
23428,0.060637947
23429,0.06155295
23430,0.07116105
23431,0.06125394
23432,0.06342149
23433,0.06332271
23434,0.06881054
23435,0.061575007
23436,0.0654787
23437,0.061522804
23438,0.6195982
23439,0.06502299
23440,0.065945484
23441,0.06401772
23442,0.0641841
23443,0.06120802
23444,0.06417663
23445,0.06150246
23446,0.0611151
23447,0.06128353
23448,0.06082623
23449,0.06183924
23450,0.06391966
23451,0.0762727
23452,0.05508613
23453,0.065536894
23454,0.070004426
23455,0.0616133
23456,0.06639175
23457,0.59276253
23458,0.066262275
23459,0.06388446
23460,0.062092606
23461,0.06694861
23462,0.06197645
23463,0.06757014
23464,0.06733942
23465,0.055909257
23466,0.0636474
23467,0.06771274
23468,0.06019333
23469,0.059542853
23470,0.05508613
23471,0.07541634
23472,0.058960624
23473,0.06277412
23474,0.2856971
23475,0.068302535
23476,0.2792793
23477,0.06266725
23478,0.042591665
23479,0.06268884
23480,0.06275675
23481,0.06354828
23482,0.06658648
23483,0.060422882
23484,0.060718536
23485,0.06082623
23486,0.08545412
23487,0.06636927
23488,0.06357481
23489,0.05728256
23490,0.061787784
23491,0.06308982
23492,0.06326605
23493,0.27658227
23494,0.063070625
23495,0.06082623
23496,0.060791064
23497,0.06723829
23498,0.06771274
23499,0.0626764
23500,0.06339262
23501,0.058523547
23502,0.063884385
23503,0.060020044
23504,0.06255853
23505,0.06128715
23506,0.0641841
23507,0.062269565
23508,0.070853695
23509,0.06289078
23510,0.06726936
23511,0.06308982
23512,0.062808506
23513,0.060273867
23514,0.06128512
23515,0.07191597
23516,0.0637006
23517,0.059642002
23518,0.0640717
23519,0.066543706
23520,0.064267166
23521,0.061169326
23522,0.74620086
23523,0.060687214
23524,0.06370497
23525,0.056188848
23526,0.05707822
23527,0.057072293
23528,0.06598412
23529,0.065547824
23530,0.060935304
23531,0.06404005
23532,0.0644618
23533,0.0662524
23534,0.066543706
23535,0.06416224
23536,0.06326605
23537,0.05973946
23538,0.061266016
23539,0.06409908
23540,0.066803694
23541,0.061308898
23542,0.07175152
23543,0.07541634
23544,0.06391966
23545,0.28252703
23546,0.06022987
23547,0.061418176
23548,0.060794894
23549,0.05508613
23550,0.06373629
23551,0.06751337
23552,0.06580711
23553,0.06392503
23554,0.056903534
23555,0.054256923
23556,0.06506267
23557,0.061960552
23558,0.065071344
23559,0.06410883
23560,0.06600277
23561,0.063978545
23562,0.06332271
23563,0.06222031
23564,0.06489266
23565,0.064348474
23566,0.061078377
23567,0.06508618
23568,0.058391232
23569,0.060990047
23570,0.060804367
23571,0.06136969
23572,0.058391254
23573,0.060619485
23574,0.067011
23575,0.0648118
23576,0.07518692
23577,0.056827094
23578,0.05009059
23579,0.27970147
23580,0.25974265
23581,0.06813529
23582,0.061887458
23583,0.060720265
23584,0.67152274
23585,0.057850488
23586,0.062159915
23587,0.06398117
23588,0.05009059
23589,0.060405813
23590,0.06127449
23591,0.06897137
23592,0.06650855
23593,0.64309484
23594,0.057801086
23595,0.061059404
23596,0.06719874
23597,0.06556823
23598,0.06813529
23599,0.06579179
23600,0.06424409
23601,0.0640107
23602,0.06514948
23603,0.29639435
23604,0.6615217
23605,0.62394786
23606,0.056944825
23607,0.04980711
23608,0.28890723
23609,0.06654728
23610,0.05877209
23611,0.061566263
23612,0.06974482
23613,0.06500115
23614,0.060570177
23615,0.5285367
23616,0.057173114
23617,0.06676885
23618,0.6627607
23619,0.06520527
23620,0.6358505
23621,0.06811013
23622,0.06657851
23623,0.27605462
23624,0.0650389
23625,0.06552828
23626,0.06320587
23627,0.06262594
23628,0.06500346
23629,0.0599087
23630,0.06946229
23631,0.06574922
23632,0.06500346
23633,0.06507081
23634,0.066668816
23635,0.060990047
23636,0.05681862
23637,0.06339927
23638,0.059322808
23639,0.060700007
23640,0.063634686
23641,0.06619617
23642,0.065553546
23643,0.05733732
23644,0.05927398
23645,0.063767746
23646,0.06275958
23647,0.2819518
23648,0.060586218
23649,0.0599732
23650,0.059964452
23651,0.056827094
23652,0.5655974
23653,0.06874342
23654,0.059400752
23655,0.2800831
23656,0.63342375
23657,0.06357439
23658,0.06489753
23659,0.06951792
23660,0.054945532
23661,0.06396592
23662,0.056880858
23663,0.068284586
23664,0.0648118
23665,0.06663026
23666,0.28245658
23667,0.06667187
23668,0.39189327
23669,0.055768076
23670,0.05785823
23671,0.0633447
23672,0.60842776
23673,0.06526897
23674,0.06510657
23675,0.0591337
23676,0.06282793
23677,0.06646604
23678,0.66176635
23679,0.069294564
23680,0.06676885
23681,0.05663139
23682,0.06872394
23683,0.06344873
23684,0.06649852
23685,0.061288934
23686,0.056728758
23687,0.060405813
23688,0.060205057
23689,0.06269558
23690,0.061981235
23691,0.06045449
23692,0.06335819
23693,0.06720315
23694,0.06032836
23695,0.058961313
23696,0.06210684
23697,0.06303384
23698,0.06320587
23699,0.06766065
23700,0.06749812
23701,0.27525625
23702,0.06485987
23703,0.054568503
23704,0.055768076
23705,0.064971544
23706,0.05898591
23707,0.060187306
23708,0.058950715
23709,0.0625416
23710,0.06487478
23711,0.0651717
23712,0.067990065
23713,0.6038707
23714,0.06733833
23715,0.06649852
23716,0.06495232
23717,0.06342346
23718,0.06442602
23719,0.060684856
23720,0.05901766
23721,0.0659047
23722,0.26093727
23723,0.06801445
23724,0.067990065
23725,0.06303384
23726,0.06335819
23727,0.2997744
23728,0.059783828
23729,0.27331972
23730,0.28118354
23731,0.65930915
23732,0.06468309
23733,0.06210684
23734,0.06327859
23735,0.06520527
23736,0.07553922
23737,0.06523969
23738,0.06130949
23739,0.6006754
23740,0.05656689
23741,0.07487957
23742,0.06052005
23743,0.059078798
23744,0.06066777
23745,0.06100584
23746,0.0686417
23747,0.072518006
23748,0.06918473
23749,0.059340235
23750,0.060187306
23751,0.065536626
23752,0.06048949
23753,0.056918986
23754,0.06717332
23755,0.06567722
23756,0.66718674
23757,0.6547585
23758,0.06398117
23759,0.060619485
23760,0.06650855
23761,0.06510657
23762,0.057765365
23763,0.05957815
23764,0.066404015
23765,0.063387215
23766,0.06573068
23767,0.067436144
23768,0.06281321
23769,0.06137205
23770,0.061445806
23771,0.06039983
23772,0.06657851
23773,0.058436155
23774,0.082961425
23775,0.0668786
23776,0.059055284
23777,0.06897137
23778,0.0633447
23779,0.06589841
23780,0.055226516
23781,0.0599087
23782,0.0630987
23783,0.06478047
23784,0.060570177
23785,0.28272682
23786,0.29107732
23787,0.06918473
23788,0.06356215
23789,0.06987012
23790,0.061754785
23791,0.06549378
23792,0.06489119
23793,0.06303384
23794,0.056728758
23795,0.06032836
23796,0.06466817
23797,0.05927398
23798,0.0590143
23799,0.07422053
23800,0.06946229
23801,0.06269524
23802,0.0593598
23803,0.06783418
23804,0.06295289
23805,0.066375054
23806,0.06299448
23807,0.06327859
23808,0.065609775
23809,0.06274464
23810,0.061933946
23811,0.063736424
23812,0.06471853
23813,0.27491233
23814,0.06378611
23815,0.059340235
23816,0.068284586
23817,0.05899265
23818,0.06303829
23819,0.063564725
23820,0.058496118
23821,0.059964452
23822,0.06969442
23823,0.057257306
23824,0.06604944
23825,0.05887473
23826,0.06358024
23827,0.061830696
23828,0.06267252
23829,0.06323128
23830,0.06696162
23831,0.059270233
23832,0.058089606
23833,0.29775524
23834,0.06052005
23835,0.05974126
23836,0.06250659
23837,0.64546305
23838,0.062751405
23839,0.067033455
23840,0.6597634
23841,0.0638401
23842,0.06303829
23843,0.2840368
23844,0.06951792
23845,0.06610639
23846,0.064852
23847,0.06131654
23848,0.05656689
23849,0.067732416
23850,0.060119186
23851,0.060990047
23852,0.060700007
23853,0.06372046
23854,0.05656689
23855,0.061123464
23856,0.05822055
23857,0.06264295
23858,0.06956277
23859,0.059184965
23860,0.069254965
23861,0.2741365
23862,0.06419364
23863,0.07203067
23864,0.057877425
23865,0.058186475
23866,0.6472897
23867,0.061059404
23868,0.06744895
23869,0.06320587
23870,0.067261405
23871,0.06220745
23872,0.06271332
23873,0.6783454
23874,0.0682943
23875,0.064494625
23876,0.65258795
23877,0.06339539
23878,0.0661316
23879,0.07036596
23880,0.06181278
23881,0.28515378
23882,0.2909231
23883,0.068284586
23884,0.06381435
23885,0.061755378
23886,0.06650525
23887,0.27590394
23888,0.05838226
23889,0.06747776
23890,0.7730219
23891,0.066404015
23892,0.06479101
23893,0.061754785
23894,0.060143813
23895,0.062909715
23896,0.06267252
23897,0.6189503
23898,0.0547874
23899,0.6704878
23900,0.06295289
23901,0.065609775
23902,0.28774178
23903,0.06719874
23904,0.073779754
23905,0.06373647
23906,0.082961425
23907,0.06466267
23908,0.06641136
23909,0.52990973
23910,0.28362948
23911,0.05879168
23912,0.2689809
23913,0.06520527
23914,0.06813529
23915,0.6547137
23916,0.6053497
23917,0.27984327
23918,0.27460724
23919,0.06351126
23920,0.67921865
23921,0.27895945
23922,0.6556308
23923,0.07247516
23924,0.059322808
23925,0.06242092
23926,0.06335819
23927,0.066631824
23928,0.05877209
23929,0.067144856
23930,0.06127449
23931,0.06556823
23932,0.065609775
23933,0.07067331
23934,0.06676885
23935,0.06811013
23936,0.056233678
23937,0.059055284
23938,0.27970147
23939,0.5953427
23940,0.05053135
23941,0.06274464
23942,0.2746924
23943,0.057630565
23944,0.066021636
23945,0.6296144
23946,0.60860574
23947,0.7054304
23948,0.056619715
23949,0.0633447
23950,0.6772833
23951,0.061445806
23952,0.06323128
23953,0.055442475
23954,0.06552828
23955,0.06604944
23956,0.06348749
23957,0.06249215
23958,0.05867795
23959,0.6819054
23960,0.064921886
23961,0.0675684
23962,0.06281321
23963,0.06897137
23964,0.07084465
23965,0.05579596
23966,0.6632181
23967,0.62131065
23968,0.06320587
23969,0.05879168
23970,0.051682398
23971,0.060178716
23972,0.62459534
23973,0.5659128
23974,0.646922
23975,0.060119186
23976,0.28010193
23977,0.067400225
23978,0.66163903
23979,0.05879168
23980,0.27472335
23981,0.061411608
23982,0.067400225
23983,0.067400225
23984,0.060570177
23985,0.06344873
23986,0.058611646
23987,0.062724866
23988,0.6564393
23989,0.671418
23990,0.6482564
23991,0.06155882
23992,0.062363904
23993,0.06357439
23994,0.13087839
23995,0.0547874
23996,0.063533284
23997,0.06711842
23998,0.061546914
23999,0.062150892
24000,0.06269524
24001,0.062254786
24002,0.6472897
24003,0.70342755
24004,0.5821384
24005,0.062998086
24006,0.05705868
24007,0.28324687
24008,0.7017812
24009,0.060135342
24010,0.059270233
24011,0.06320587
24012,0.05838226
24013,0.06159717
24014,0.0673441
24015,0.5977396
24016,0.6615217
24017,0.05711469
24018,0.058601655
24019,0.06294858
24020,0.06508618
24021,0.060990047
24022,0.64049554
24023,0.28644907
24024,0.066191934
24025,0.067033455
24026,0.06032061
24027,0.06596447
24028,0.060178716
24029,0.062166627
24030,0.29589817
24031,0.66115284
24032,0.27052614
24033,0.06294858
24034,0.06507081
24035,0.06476856
24036,0.0668786
24037,0.06032836
24038,0.05053135
24039,0.06514948
24040,0.061830025
24041,0.06181278
24042,0.060661152
24043,0.058360722
24044,0.5921176
24045,0.6719002
24046,0.27085185
24047,0.28324687
24048,0.05620323
24049,0.061445788
24050,0.2800831
24051,0.54634833
24052,0.06282793
24053,0.05901766
24054,0.06775
24055,0.059184965
24056,0.070246086
24057,0.067400225
24058,0.29835802
24059,0.56618065
24060,0.28536573
24061,0.06828754
24062,0.6693011
24063,0.0659196
24064,0.06657851
24065,0.27429113
24066,0.2738999
24067,0.06187551
24068,0.06250721
24069,0.79059845
24070,0.06523969
24071,0.055442475
24072,0.06281321
24073,0.058550674
24074,0.06648325
24075,0.61805815
24076,0.28781512
24077,0.6201102
24078,0.29251385
24079,0.05822055
24080,0.059340235
24081,0.2818665
24082,0.057801086
24083,0.059340235
24084,0.06115951
24085,0.063282005
24086,0.5683447
24087,0.27940953
24088,0.05898591
24089,0.8659702
24090,0.27922136
24091,0.06269524
24092,0.06635958
24093,0.057159495
24094,0.06335819
24095,0.0614295
24096,0.06242092
24097,0.06464866
24098,0.06172386
24099,0.058961313
24100,0.060884353
24101,0.6600654
24102,0.6379343
24103,0.6526668
24104,0.6717624
24105,0.69372046
24106,0.06775
24107,0.06328608
24108,0.06579179
24109,0.05901766
24110,0.058360722
24111,0.06271332
24112,0.058391232
24113,0.061297707
24114,0.06557317
24115,0.06343521
24116,0.06134793
24117,0.0614295
24118,0.067033455
24119,0.064342976
24120,0.06901228
24121,0.06507081
24122,0.06432905
24123,0.1501219
24124,0.069254965
24125,0.06533422
24126,0.058426443
24127,0.06572591
24128,0.28392708
24129,0.062751405
24130,0.6600012
24131,0.6739448
24132,0.64093
24133,0.2712294
24134,0.28515378
24135,0.0579845
24136,0.06442602
24137,0.058638036
24138,0.066375054
24139,0.64296347
24140,0.06613722
24141,0.060178716
24142,0.07422053
24143,0.06466817
24144,0.059669003
24145,0.06356215
24146,0.05711469
24147,0.07084465
24148,0.06573068
24149,0.067033455
24150,0.06133954
24151,0.064971544
24152,0.056806054
24153,0.07595478
24154,0.06641136
24155,0.6269469
24156,0.6258218
24157,0.2808342
24158,0.67777
24159,0.66506696
24160,0.64073575
24161,0.2825738
24162,0.061485343
24163,0.060661152
24164,0.06217029
24165,0.06705385
24166,0.07297143
24167,0.059184965
24168,0.06468309
24169,0.6230689
24170,0.27165294
24171,0.68246263
24172,0.06134793
24173,0.060187306
24174,0.06814188
24175,0.057169512
24176,0.2945078
24177,0.05711469
24178,0.06722723
24179,0.06362741
24180,0.65779
24181,0.6377094
24182,0.6201102
24183,0.25692016
24184,0.28301945
24185,0.06320587
24186,0.062964536
24187,0.057801086
24188,0.06374199
24189,0.06962751
24190,0.067617804
24191,0.063077435
24192,0.058391254
24193,0.06066777
24194,0.055384167
24195,0.06579179
24196,0.06343521
24197,0.28452897
24198,0.061445806
24199,0.063533284
24200,0.066210836
24201,0.28526515
24202,0.063597225
24203,0.2814517
24204,0.063564725
24205,0.0599087
24206,0.0594002
24207,0.060700007
24208,0.06589841
24209,0.060615797
24210,0.06523969
24211,0.06841375
24212,0.064130664
24213,0.06468309
24214,0.06476856
24215,0.06314007
24216,0.057276946
24217,0.27460724
24218,0.06749512
24219,0.056869343
24220,0.066021636
24221,0.061297707
24222,0.057102308
24223,0.057801086
24224,0.06520527
24225,0.6547137
24226,0.5996548
24227,0.06134793
24228,0.06646604
24229,0.06291045
24230,0.056944825
24231,0.061605264
24232,0.06292445
24233,0.056880858
24234,0.061314058
24235,0.06299448
24236,0.063767746
24237,0.0593598
24238,0.05705868
24239,0.05857359
24240,0.06749812
24241,0.0640107
24242,0.06657851
24243,0.073453866
24244,0.6450389
24245,0.06676885
24246,0.0553108
24247,0.06650855
24248,0.06650855
24249,0.06787188
24250,0.65518796
24251,0.06260739
24252,0.09070326
24253,0.06329641
24254,0.26804215
24255,0.061597202
24256,0.06589841
24257,0.066469364
24258,0.06694809
24259,0.28324687
24260,0.062613204
24261,0.057877425
24262,0.06443588
24263,0.27525625
24264,0.064417884
24265,0.060890105
24266,0.06696162
24267,0.05053135
24268,0.06433059
24269,0.067033455
24270,0.058505088
24271,0.06674874
24272,0.0656752
24273,0.6661594
24274,0.059400752
24275,0.060205057
24276,0.060119186
24277,0.06181278
24278,0.064836115
24279,0.29127637
24280,0.062541336
24281,0.26093727
24282,0.060592297
24283,0.064440034
24284,0.055343393
24285,0.06605598
24286,0.058391232
24287,0.27429113
24288,0.066668816
24289,0.06160892
24290,0.06500346
24291,0.06787188
24292,0.06696162
24293,0.63773644
24294,0.66596705
24295,0.26942044
24296,0.060135342
24297,0.06351126
24298,0.06733833
24299,0.061605264
24300,0.057159495
24301,0.05887473
24302,0.06373647
24303,0.06096144
24304,0.6268741
24305,0.0680288
24306,0.06646604
24307,0.06303829
24308,0.059599753
24309,0.06650525
24310,0.065046586
24311,0.051682398
24312,0.064836115
24313,0.2810923
24314,0.066375054
24315,0.2738999
24316,0.06510657
24317,0.067033455
24318,0.07067331
24319,0.062422913
24320,0.06946229
24321,0.053225715
24322,0.058360722
24323,0.055343393
24324,0.06370515
24325,0.06396592
24326,0.062581554
24327,0.06342346
24328,0.060144056
24329,0.06549378
24330,0.060251564
24331,0.06292445
24332,0.060092106
24333,0.06174612
24334,0.06172386
24335,0.6756905
24336,0.061771605
24337,0.06676885
24338,0.06667662
24339,0.05621686
24340,0.07210064
24341,0.059270233
24342,0.07672543
24343,0.06373647
24344,0.068699576
24345,0.062909715
24346,0.069254965
24347,0.28571364
24348,0.05529493
24349,0.057159495
24350,0.2682815
24351,0.057765402
24352,0.07095419
24353,0.67473334
24354,0.061755378
24355,0.05792926
24356,0.066375054
24357,0.07203067
24358,0.061288934
24359,0.060110956
24360,0.06667187
24361,0.06269524
24362,0.056944825
24363,0.057765365
24364,0.06396592
24365,0.06210684
24366,0.06874342
24367,0.06530638
24368,0.06292445
24369,0.06320587
24370,0.059599753
24371,0.28333336
24372,0.06339927
24373,0.25692016
24374,0.062611625
24375,0.062014453
24376,0.06573068
24377,0.058513805
24378,0.06696162
24379,0.057850488
24380,0.06545528
24381,0.10251537
24382,0.06358079
24383,0.06398117
24384,0.06344873
24385,0.064733714
24386,0.062386006
24387,0.06479101
24388,0.062724866
24389,0.07417858
24390,0.06573138
24391,0.060804367
24392,0.061123464
24393,0.27757564
24394,0.0650389
24395,0.061605264
24396,0.066631824
24397,0.065609775
24398,0.06694809
24399,0.0661316
24400,0.07210064
24401,0.06039983
24402,0.060890105
24403,0.06962751
24404,0.0650389
24405,0.06250721
24406,0.07144729
24407,0.06662644
24408,0.05785823
24409,0.07376394
24410,0.06676885
24411,0.06381159
24412,0.053225715
24413,0.06388467
24414,0.064253606
24415,0.061830025
24416,0.06749512
24417,0.067400225
24418,0.056597196
24419,0.062363904
24420,0.05906365
24421,0.061078377
24422,0.056869343
24423,0.058961313
24424,0.06294858
24425,0.056673285
24426,0.07203067
24427,0.5975148
24428,0.06649852
24429,0.063767746
24430,0.062159915
24431,0.06338283
24432,0.05009059
24433,0.055343393
24434,0.06775
24435,0.06265726
24436,0.063533284
24437,0.06684099
24438,0.060191505
24439,0.06808491
24440,0.0553108
24441,0.06711842
24442,0.06343521
24443,0.0666318
24444,0.07032563
24445,0.06464024
24446,0.06468076
24447,0.056257457
24448,0.0687307
24449,0.062581554
24450,0.06580051
24451,0.05711469
24452,0.06641136
24453,0.057790603
24454,0.064130664
24455,0.056075398
24456,0.06649981
24457,0.06339539
24458,0.073453866
24459,0.067261405
24460,0.067400225
24461,0.28738746
24462,0.0579845
24463,0.058360722
24464,0.06433059
24465,0.061065968
24466,0.05883952
24467,0.06444041
24468,0.06096985
24469,0.057261284
24470,0.06896687
24471,0.06588666
24472,0.059922766
24473,0.060889713
24474,0.06609738
24475,0.06284715
24476,0.28322697
24477,0.06019886
24478,0.054962832
24479,0.2728718
24480,0.06820668
24481,0.27513343
24482,0.06939825
24483,0.06485773
24484,0.06263708
24485,0.06659372
24486,0.06465359
24487,0.06195046
24488,0.060889713
24489,0.0648767
24490,0.067066066
24491,0.07189539
24492,0.57050806
24493,0.26609668
24494,0.0598324
24495,0.058163818
24496,0.063800335
24497,0.0674456
24498,0.06398125
24499,0.080871776
24500,0.07307839
24501,0.06446078
24502,0.72652066
24503,0.6508828
24504,0.6544085
24505,0.061876725
24506,0.07571737
24507,0.079285115
24508,0.06580792
24509,0.0607167
24510,0.10285174
24511,0.0671237
24512,0.06443495
24513,0.0619296
24514,0.060789496
24515,0.06179694
24516,0.7117427
24517,0.07663367
24518,0.62534195
24519,0.6147428
24520,0.06376471
24521,0.07120592
24522,0.59849805
24523,0.057030912
24524,0.06486836
24525,0.2726983
24526,0.059291497
24527,0.05975725
24528,0.058269747
24529,0.05980963
24530,0.06462114
24531,0.058546346
24532,0.07374163
24533,0.057219587
24534,0.06630974
24535,0.06777146
24536,0.06912409
24537,0.06623609
24538,0.06582314
24539,0.067954645
24540,0.06393739
24541,0.067925505
24542,0.058019724
24543,0.06333011
24544,0.062270574
24545,0.079285115
24546,0.0569605
24547,0.08310028
24548,0.07535807
24549,0.06462497
24550,0.26527485
24551,0.0619296
24552,0.06656758
24553,0.0653838
24554,0.06535071
24555,0.061874505
24556,0.06578323
24557,0.6325563
24558,0.063511625
24559,0.06759232
24560,0.07331719
24561,0.064029634
24562,0.05979685
24563,0.070119135
24564,0.06019886
24565,0.06857384
24566,0.06338163
24567,0.058402225
24568,0.27258974
24569,0.0640908
24570,0.61622596
24571,0.074167676
24572,0.06198873
24573,0.0655738
24574,0.26928753
24575,0.067346275
24576,0.064669244
24577,0.06289256
24578,0.0646225
24579,0.060373448
24580,0.07024875
24581,0.061594978
24582,0.652295
24583,0.067331664
24584,0.07486796
24585,0.058419757
24586,0.06598979
24587,0.06071704
24588,0.05359901
24589,0.0671237
24590,0.0716635
24591,0.06792412
24592,0.06768702
24593,0.060989942
24594,0.06499609
24595,0.067954645
24596,0.06118377
24597,0.061452325
24598,0.07152951
24599,0.06393922
24600,0.0569605
24601,0.06788171
24602,0.07165101
24603,0.067094184
24604,0.6731452
24605,0.060889713
24606,0.062307693
24607,0.061753627
24608,0.0607167
24609,0.05924143
24610,0.068099394
24611,0.06807947
24612,0.06198241
24613,0.062307693
24614,0.06774999
24615,0.27007306
24616,0.74921095
24617,0.062678136
24618,0.06585825
24619,0.06685888
24620,0.058419757
24621,0.06486836
24622,0.070741124
24623,0.056546375
24624,0.06062095
24625,0.06352457
24626,0.27772504
24627,0.07177289
24628,0.066924006
24629,0.06497344
24630,0.06807947
24631,0.27007306
24632,0.07121189
24633,0.6368976
24634,0.8293199
24635,0.6522278
24636,0.06470717
24637,0.061157245
24638,0.06810671
24639,0.08138699
24640,0.067458056
24641,0.058515135
24642,0.062138297
24643,0.6325563
24644,0.07387859
24645,0.07143413
24646,0.062263392
24647,0.063800015
24648,0.061488137
24649,0.060244013
24650,0.06286454
24651,0.061125137
24652,0.061194636
24653,0.06026141
24654,0.068781935
24655,0.078066304
24656,0.060577307
24657,0.06996984
24658,0.06512028
24659,0.06443495
24660,0.06362469
24661,0.070034556
24662,0.07177289
24663,0.62298036
24664,0.6437943
24665,0.06645789
24666,0.068724066
24667,0.063677795
24668,0.06261328
24669,0.06356219
24670,0.062814325
24671,0.05607451
24672,0.06578323
24673,0.064571716
24674,0.07328574
24675,0.058917556
24676,0.06874229
24677,0.06501305
24678,0.0618489
24679,0.06196877
24680,0.06099129
24681,0.06638815
24682,0.06291515
24683,0.05607451
24684,0.06352457
24685,0.058507588
24686,0.06300611
24687,0.06196877
24688,0.07387859
24689,0.062751904
24690,0.083117045
24691,0.65747225
24692,0.27600098
24693,0.2765756
24694,0.065651774
24695,0.06196877
24696,0.060373448
24697,0.06291515
24698,0.06659372
24699,0.064106934
24700,0.06446078
24701,0.06019886
24702,0.06425324
24703,0.06613768
24704,0.08090228
24705,0.06971328
24706,0.057322092
24707,0.06874229
24708,0.07322236
24709,0.06472152
24710,0.057322092
24711,0.06585897
24712,0.07445278
24713,0.06499973
24714,0.063655324
24715,0.06734
24716,0.06310536
24717,0.27825236
24718,0.07072826
24719,0.06578323
24720,0.06518236
24721,0.275052
24722,0.06000968
24723,0.07011111
24724,0.063677795
24725,0.061909396
24726,0.06338163
24727,0.06071704
24728,0.27801412
24729,0.058402225
24730,0.06892254
24731,0.06033063
24732,0.06534814
24733,0.05607451
24734,0.06685888
24735,0.07352396
24736,0.07328574
24737,0.27382687
24738,0.067331664
24739,0.075059034
24740,0.06448876
24741,0.6432454
24742,0.06912481
24743,0.06143965
24744,0.6426764
24745,0.071327366
24746,0.29783404
24747,0.27092734
24748,0.06195046
24749,0.061522283
24750,0.06564651
24751,0.05990467
24752,0.06821489
24753,0.053803787
24754,0.066115946
24755,0.06447541
24756,0.06337005
24757,0.067094006
24758,0.065166295
24759,0.06337307
24760,0.06680103
24761,0.062101964
24762,0.06123877
24763,0.061900027
24764,0.27109566
24765,0.060989942
24766,0.058944844
24767,0.0662781
24768,0.06757405
24769,0.64680994
24770,0.051286466
24771,0.06749218
24772,0.06609738
24773,0.06737544
24774,0.0648767
24775,0.06500578
24776,0.5130264
24777,0.07202737
24778,0.063434795
24779,0.88288367
24780,0.067169905
24781,0.06352457
24782,0.06308217
24783,0.061522283
24784,0.060210507
24785,0.27098864
24786,0.6990226
24787,0.06627446
24788,0.27881506
24789,0.079411045
24790,0.27473935
24791,0.26513615
24792,0.0652971
24793,0.06538741
24794,0.688919
24795,0.06787459
24796,0.08227399
24797,0.07037536
24798,0.05829798
24799,0.26783437
24800,0.6650028
24801,0.058098275
24802,0.06530909
24803,0.6434895
24804,0.04945204
24805,0.0646225
24806,0.058738712
24807,0.06000968
24808,0.079169944
24809,0.061050426
24810,0.064029634
24811,0.06896687
24812,0.07388083
24813,0.62424487
24814,0.61313105
24815,0.060210507
24816,0.27948925
24817,0.06062095
24818,0.27262175
24819,0.6294068
24820,0.27006677
24821,0.06221237
24822,0.27794483
24823,0.2699015
24824,0.06339263
24825,0.647378
24826,0.27040598
24827,0.27667624
24828,0.06807947
24829,0.061488137
24830,0.27989575
24831,0.06774999
24832,0.07192555
24833,0.07322236
24834,0.062473223
24835,0.070291795
24836,0.06650191
24837,0.056972165
24838,0.055187814
24839,0.26812664
24840,0.06409924
24841,0.061596192
24842,0.06443495
24843,0.06249069
24844,0.6628933
24845,0.26485127
24846,0.069005795
24847,0.07391761
24848,0.27238864
24849,0.06469218
24850,0.06113187
24851,0.6959408
24852,0.61217177
24853,0.6133898
24854,0.06803203
24855,0.08090228
24856,0.06221237
24857,0.63499117
24858,0.06099129
24859,0.07024875
24860,0.06255793
24861,0.06514845
24862,0.067066066
24863,0.07284366
24864,0.86052334
24865,0.0655738
24866,0.063560784
24867,0.06469218
24868,0.058402225
24869,0.0649104
24870,0.06271941
24871,0.5765851
24872,0.60661453
24873,0.063434795
24874,0.070034556
24875,0.057030912
24876,0.07021353
24877,0.5314803
24878,0.6141911
24879,0.7998558
24880,0.27952904
24881,0.079411045
24882,0.066924006
24883,0.6397278
24884,0.059291497
24885,0.26711932
24886,0.061216068
24887,0.063479446
24888,0.06494743
24889,0.06429079
24890,0.05990467
24891,0.064066485
24892,0.05973818
24893,0.64914095
24894,0.62305903
24895,0.692186
24896,0.06170559
24897,0.07952783
24898,0.06250119
24899,0.066115946
24900,0.061146814
24901,0.06934247
24902,0.05768429
24903,0.06585897
24904,0.067346275
24905,0.056972165
24906,0.064414784
24907,0.0655738
24908,0.6100657
24909,0.66960186
24910,0.62992674
24911,0.0685782
24912,0.066115946
24913,0.2699015
24914,0.5662036
24915,0.0598324
24916,0.06417948
24917,0.081075005
24918,0.05932849
24919,0.06598979
24920,0.0662781
24921,0.06518236
24922,0.7257287
24923,0.6056465
24924,0.06851408
24925,0.058507588
24926,0.06877087
24927,0.060895134
24928,0.061596192
24929,0.6505631
24930,0.059873316
24931,0.06598979
24932,0.052123494
24933,0.06263708
24934,0.06514845
24935,0.06000968
24936,0.0716635
24937,0.27424794
24938,0.26709804
24939,0.06768877
24940,0.056978833
24941,0.06000968
24942,0.06250388
24943,0.07307839
24944,0.26527485
24945,0.06339102
24946,0.06195046
24947,0.061208796
24948,0.056972165
24949,0.0584013
24950,0.06339263
24951,0.5970641
24952,0.67002606
24953,0.65058553
24954,0.061909396
24955,0.07143413
24956,0.066512056
24957,0.06376471
24958,0.62992674
24959,0.06439001
24960,0.05973818
24961,0.07110021
24962,0.2711295
24963,0.06447541
24964,0.6473523
24965,0.69096607
24966,0.5681579
24967,0.27006677
24968,0.6667381
24969,0.06291515
24970,0.06109807
24971,0.2759893
24972,0.26513615
24973,0.06462497
24974,0.062678136
24975,0.2799657
24976,0.062051497
24977,0.06664178
24978,0.06447541
24979,0.061946265
24980,0.06482379
24981,0.6190689
24982,0.27989575
24983,0.6118236
24984,0.26736593
24985,0.060803175
24986,0.06656758
24987,0.5842326
24988,0.06585897
24989,0.065519705
24990,0.0636142
24991,0.066448145
24992,0.6304262
24993,0.30120724
24994,0.06395906
24995,0.6640391
24996,0.30120724
24997,0.06469218
24998,0.06991361
24999,0.06310913
25000,0.08090228
25001,0.059922766
25002,0.078066304
25003,0.06513035
25004,0.059351247
25005,0.061439607
25006,0.060164116
25007,0.0671237
25008,0.059106857
25009,0.6325634
25010,0.6544085
25011,0.64328825
25012,0.7754653
25013,0.618728
25014,0.061199334
25015,0.0569605
25016,0.06645789
25017,0.07120592
25018,0.066936925
25019,0.0646225
25020,0.063560784
25021,0.061146814
25022,0.06333011
25023,0.067954645
25024,0.06469245
25025,0.061874505
25026,0.3205578
25027,0.051286466
25028,0.07148126
25029,0.07179326
25030,0.06122346
25031,0.058402225
25032,0.056897294
25033,0.06638815
25034,0.05990467
25035,0.06140344
25036,0.6445332
25037,0.2806715
25038,0.59299684
25039,0.67359877
25040,0.6182295
25041,0.5728917
25042,0.2793857
25043,0.06105242
25044,0.07387859
25045,0.06494743
25046,0.061157245
25047,0.06250388
25048,0.066837855
25049,0.5769437
25050,0.07319542
25051,0.0607167
25052,0.061157245
25053,0.06975624
25054,0.06480824
25055,0.061879598
25056,0.0671578
25057,0.06143965
25058,0.05893152
25059,0.061365828
25060,0.064106934
25061,0.068769544
25062,0.069005795
25063,0.06140344
25064,0.6103522
25065,0.6507907
25066,0.28132308
25067,0.6429544
25068,0.5691197
25069,0.56662
25070,0.27952904
25071,0.06713984
25072,0.05970132
25073,0.062270574
25074,0.06170559
25075,0.066924006
25076,0.06664178
25077,0.5901449
25078,0.26937783
25079,0.6361412
25080,0.05982256
25081,0.068993725
25082,0.064415395
25083,0.075059034
25084,0.2728718
25085,0.27948925
25086,0.06295654
25087,0.07024875
25088,0.06638815
25089,0.6399107
25090,0.6507751
25091,0.6419174
25092,0.6233807
25093,0.2781156
25094,0.065969095
25095,0.25854218
25096,0.05956025
25097,0.080871776
25098,0.06429277
25099,0.0653838
25100,0.05765688
25101,0.07486796
25102,0.059963
25103,0.06609738
25104,0.06472152
25105,0.2759263
25106,0.061845746
25107,0.067954645
25108,0.05599758
25109,0.6776187
25110,0.067331664
25111,0.063789375
25112,0.063723005
25113,0.27381197
25114,0.06143965
25115,0.0662781
25116,0.27159572
25117,0.06322272
25118,0.07663367
25119,0.06255793
25120,0.06219552
25121,0.06518236
25122,0.062659614
25123,0.04152181
25124,0.07073939
25125,0.070119135
25126,0.082950346
25127,0.0716635
25128,0.06912481
25129,0.2700592
25130,0.06667739
25131,0.060706686
25132,0.06352457
25133,0.07722211
25134,0.06518866
25135,0.06535071
25136,0.057261284
25137,0.059351247
25138,0.05599758
25139,0.062263392
25140,0.6454601
25141,0.60556066
25142,0.07284366
25143,0.07310827
25144,0.07179326
25145,0.062025875
25146,0.06892254
25147,0.07331719
25148,0.06343607
25149,0.056546375
25150,0.28016677
25151,0.06143965
25152,0.057246998
25153,0.06819931
25154,0.059971165
25155,0.07341546
25156,0.061146814
25157,0.06310536
25158,0.06107925
25159,0.63017803
25160,0.06118377
25161,0.06645789
25162,0.066187486
25163,0.06425324
25164,0.059978455
25165,0.6051586
25166,0.068764016
25167,0.059418418
25168,0.27323785
25169,0.06720072
25170,0.06193762
25171,0.06760157
25172,0.06874229
25173,0.070034556
25174,0.07177289
25175,0.060706686
25176,0.0640908
25177,0.28016677
25178,0.0619939
25179,0.066512056
25180,0.05801558
25181,0.069541514
25182,0.062473223
25183,0.06044419
25184,0.063723005
25185,0.06582221
25186,0.06588666
25187,0.65747225
25188,0.06768702
25189,0.0624004
25190,0.07011111
25191,0.06623609
25192,0.060063317
25193,0.2846642
25194,0.06759135
25195,0.27524084
25196,0.058606856
25197,0.05947991
25198,0.07128179
25199,0.06393739
25200,0.058917556
25201,0.28350314
25202,0.0674456
25203,0.06774999
25204,0.065969095
25205,0.057716247
25206,0.06456041
25207,0.05956025
25208,0.66102695
25209,0.6479177
25210,0.05963178
25211,0.058419757
25212,0.062814325
25213,0.062067293
25214,0.07120181
25215,0.27334926
25216,0.067169905
25217,0.066521265
25218,0.57908165
25219,0.065384455
25220,0.06538843
25221,0.06547105
25222,0.069283284
25223,0.062257066
25224,0.06585897
25225,0.06685888
25226,0.064414784
25227,0.6172457
25228,0.079169944
25229,0.2767799
25230,0.062307693
25231,0.06530909
25232,0.059958447
25233,0.06597584
25234,0.06874229
25235,0.07024875
25236,0.0662781
25237,0.061909396
25238,0.06470717
25239,0.06615198
25240,0.07307839
25241,0.06221237
25242,0.0657872
25243,0.06193762
25244,0.06333011
25245,0.06193762
25246,0.06250119
25247,0.08289607
25248,0.06486836
25249,0.07387859
25250,0.06486836
25251,0.6342281
25252,0.060718045
25253,0.061122842
25254,0.06514845
25255,0.068331696
25256,0.064730555
25257,0.06600162
25258,0.061216068
25259,0.05932849
25260,0.28032517
25261,0.058506165
25262,0.06547105
25263,0.07328574
25264,0.06179694
25265,0.067559876
25266,0.062263392
25267,0.06801731
25268,0.06096985
25269,0.060718045
25270,0.074111894
25271,0.63919
25272,0.05932849
25273,0.064029634
25274,0.061960775
25275,0.06308217
25276,0.08090228
25277,0.06607377
25278,0.06474834
25279,0.06738782
25280,0.28336173
25281,0.07629533
25282,0.059097152
25283,0.05697703
25284,0.09754321
25285,0.06322272
25286,0.057628166
25287,0.061199334
25288,0.062814325
25289,0.074111894
25290,0.061208796
25291,0.06122929
25292,0.057246998
25293,0.27640578
25294,0.26773268
25295,0.07722211
25296,0.067559876
25297,0.06337307
25298,0.06534814
25299,0.06613768
25300,0.05548502
25301,0.060899343
25302,0.05862536
25303,0.06456041
25304,0.060810152
25305,0.07177289
25306,0.06940618
25307,0.06643305
25308,0.06734
25309,0.06219552
25310,0.060550854
25311,0.058058955
25312,0.064571716
25313,0.07310827
25314,0.06123877
25315,0.6843292
25316,0.06737544
25317,0.079635955
25318,0.06105242
25319,0.06198873
25320,0.06497344
25321,0.06534814
25322,0.07007487
25323,0.07113703
25324,0.060740728
25325,0.058506165
25326,0.06429079
25327,0.066837855
25328,0.08329236
25329,0.06067422
25330,0.06720072
25331,0.0633309
25332,0.065001026
25333,0.06465359
25334,0.06803203
25335,0.05781955
25336,0.0636142
25337,0.04945204
25338,0.059418418
25339,0.079285115
25340,0.06807947
25341,0.0648767
25342,0.065628
25343,0.06585897
25344,0.6546061
25345,0.0717276
25346,0.069283284
25347,0.06664178
25348,0.07113703
25349,0.05359901
25350,0.06991361
25351,0.06641202
25352,0.06551799
25353,0.056897294
25354,0.0646225
25355,0.06250119
25356,0.07113703
25357,0.06534814
25358,0.06851408
25359,0.06459604
25360,0.064420514
25361,0.06733841
25362,0.06538741
25363,0.06621103
25364,0.07128179
25365,0.062884495
25366,0.06420863
25367,0.065634824
25368,0.05973818
25369,0.060143284
25370,0.06388571
25371,0.06255793
25372,0.06183372
25373,0.06480824
25374,0.059958447
25375,0.06570792
25376,0.060899343
25377,0.06221534
25378,0.06255793
25379,0.065519705
25380,0.06398125
25381,0.068781935
25382,0.06486836
25383,0.28082168
25384,0.27331764
25385,0.064414784
25386,0.28395095
25387,0.067066066
25388,0.064935885
25389,0.06749311
25390,0.065555476
25391,0.066793606
25392,0.062591285
25393,0.05880081
25394,0.061431933
25395,0.07120064
25396,0.06478355
25397,0.0637702
25398,0.06308151
25399,0.064132206
25400,0.064623006
25401,0.08737164
25402,0.06436336
25403,0.06354523
25404,0.27002394
25405,0.064541705
25406,0.06478355
25407,0.27106082
25408,0.058298506
25409,0.6236745
25410,0.052113596
25411,0.27467796
25412,0.06693523
25413,0.12325857
25414,0.07303225
25415,0.06354523
25416,0.06526691
25417,0.27278543
25418,0.5763195
25419,0.065849304
25420,0.06768323
25421,0.0627188
25422,0.061493814
25423,0.06441364
25424,0.068992965
25425,0.057814024
25426,0.06478604
25427,0.068161845
25428,0.27921104
25429,0.6810763
25430,0.6444886
25431,0.55770004
25432,0.06670542
25433,0.058679648
25434,0.059184965
25435,0.064412914
25436,0.06722382
25437,0.067300916
25438,0.064741954
25439,0.06510557
25440,0.061919384
25441,0.058679648
25442,0.5759143
25443,0.06469563
25444,0.27577952
25445,0.78102165
25446,0.06434313
25447,0.06397431
25448,0.7566191
25449,0.06490252
25450,0.27431798
25451,0.0669993
25452,0.06997683
25453,0.067792445
25454,0.06458339
25455,0.06563243
25456,0.06710733
25457,0.06383533
25458,0.065278135
25459,0.070697576
25460,0.27431798
25461,0.06777052
25462,0.06828426
25463,0.060702447
25464,0.062239982
25465,0.06337357
25466,0.066793606
25467,0.060449217
25468,0.064004906
25469,0.061274428
25470,0.06436336
25471,0.068992965
25472,0.068064205
25473,0.067300916
25474,0.06624392
25475,0.62947154
25476,0.06692566
25477,0.06593626
25478,0.2715413
25479,0.26152256
25480,0.06940705
25481,0.06331456
25482,0.068675525
25483,0.07319779
25484,0.06406914
25485,0.064251415
25486,0.06727399
25487,0.28473204
25488,0.66265386
25489,0.06377078
25490,0.5759143
25491,0.06727399
25492,0.065138
25493,0.060214695
25494,0.06650672
25495,0.27738434
25496,0.060214695
25497,0.061775863
25498,0.061690483
25499,0.066007
25500,0.059837878
25501,0.062181275
25502,0.058089904
25503,0.27295005
25504,0.05433545
25505,0.06678988
25506,0.0735493
25507,0.064117946
25508,0.0717156
25509,0.062318165
25510,0.06710733
25511,0.075253725
25512,0.0615955
25513,0.06677109
25514,0.27585715
25515,0.065718405
25516,0.06499048
25517,0.06189834
25518,0.064302705
25519,0.06889169
25520,0.07428268
25521,0.064541705
25522,0.06533203
25523,0.5811379
25524,0.06281088
25525,0.06260009
25526,0.08737164
25527,0.068464376
25528,0.06450234
25529,0.06562192
25530,0.06665032
25531,0.064538814
25532,0.060857132
25533,0.27510843
25534,0.6138389
25535,0.060264096
25536,0.06351213
25537,0.067300916
25538,0.062338192
25539,0.06510859
25540,0.06409519
25541,0.0668186
25542,0.09348583
25543,0.26995656
25544,0.06650081
25545,0.06670542
25546,0.06458339
25547,0.05988686
25548,0.27053383
25549,0.06516727
25550,0.6337565
25551,0.6655227
25552,0.63148737
25553,0.06693498
25554,0.0727691
25555,0.0646482
25556,0.06320512
25557,0.065609045
25558,0.07106574
25559,0.05923369
25560,0.64457303
25561,0.061193075
25562,0.06801909
25563,0.07611014
25564,0.06434313
25565,0.05702572
25566,0.060110107
25567,0.062514685
25568,0.06533203
25569,0.066650644
25570,0.05779969
25571,0.060577393
25572,0.061682213
25573,0.060577393
25574,0.6047592
25575,0.64862305
25576,0.065849304
25577,0.06802417
25578,0.076702945
25579,0.06360694
25580,0.062390815
25581,0.058885414
25582,0.07193833
25583,0.0735493
25584,0.063371316
25585,0.05433545
25586,0.061775863
25587,0.062130596
25588,0.066063374
25589,0.28331262
25590,0.06499387
25591,0.06398107
25592,0.06527966
25593,0.066486545
25594,0.06256463
25595,0.068588875
25596,0.056308944
25597,0.062338192
25598,0.073805235
25599,0.06748273
25600,0.06534111
25601,0.7700002
25602,0.2739538
25603,0.26768357
25604,0.061690483
25605,0.05804565
25606,0.066007
25607,0.064602345
25608,0.06841699
25609,0.0623082
25610,0.056096923
25611,0.06533203
25612,0.06758743
25613,0.059268188
25614,0.07989368
25615,0.077895425
25616,0.06751818
25617,0.056308944
25618,0.06272014
25619,0.06362425
25620,0.06145021
25621,0.2689957
25622,0.6311172
25623,0.06409519
25624,0.2739538
25625,0.062491227
25626,0.06441998
25627,0.060418397
25628,0.060801715
25629,0.061431933
25630,0.064144135
25631,0.062514685
25632,0.060058046
25633,0.05862626
25634,0.059429467
25635,0.06351213
25636,0.06562996
25637,0.06768323
25638,0.06748273
25639,0.26810133
25640,0.06154274
25641,0.05898798
25642,0.062394697
25643,0.6396082
25644,0.064954616
25645,0.0632406
25646,0.64086246
25647,0.06801909
25648,0.26437682
25649,0.2780665
25650,0.06869419
25651,0.06689628
25652,0.06444502
25653,0.067300916
25654,0.06450234
25655,0.06526321
25656,0.27380982
25657,0.064954616
25658,0.05898798
25659,0.06113851
25660,0.060553942
25661,0.07171652
25662,0.058459323
25663,0.06459165
25664,0.06410934
25665,0.060048267
25666,0.27193913
25667,0.06549711
25668,0.0669993
25669,0.06533203
25670,0.065649785
25671,0.61923134
25672,0.061672796
25673,0.06154274
25674,0.060168777
25675,0.27663758
25676,0.61817926
25677,0.06365583
25678,0.06365583
25679,0.65732515
25680,0.06682401
25681,0.063500375
25682,0.06563243
25683,0.06308151
25684,0.06230802
25685,0.6911679
25686,0.6431948
25687,0.06678988
25688,0.27586377
25689,0.060702447
25690,0.26977795
25691,0.062286604
25692,0.068282105
25693,0.062130596
25694,0.5880242
25695,0.07611014
25696,0.06881045
25697,0.06676211
25698,0.058007978
25699,0.27738434
25700,0.6416798
25701,0.05433545
25702,0.61598724
25703,0.06685414
25704,0.28223673
25705,0.0679625
25706,0.08737164
25707,0.068992965
25708,0.06606367
25709,0.061367705
25710,0.62235737
25711,0.27121693
25712,0.062126298
25713,0.27451992
25714,0.061318886
25715,0.2777233
25716,0.66185325
25717,0.60963833
25718,0.065138
25719,0.28633025
25720,0.27510843
25721,0.062901564
25722,0.69424075
25723,0.6596129
25724,0.70405585
25725,0.068178825
25726,0.058142986
25727,0.0609679
25728,0.07365838
25729,0.06283893
25730,0.068447314
25731,0.06154274
25732,0.06507833
25733,0.067374565
25734,0.06244161
25735,0.055152383
25736,0.06562996
25737,0.060690004
25738,0.2801331
25739,0.070226595
25740,0.06467416
25741,0.066063374
25742,0.27152926
25743,0.6246852
25744,0.27711272
25745,0.06562192
25746,0.06354523
25747,0.27748713
25748,0.064253025
25749,0.065446086
25750,0.56679845
25751,0.5658736
25752,0.7043403
25753,0.06516922
25754,0.07346782
25755,0.065555476
25756,0.6471859
25757,0.06110894
25758,0.063705735
25759,0.06491307
25760,0.06676211
25761,0.06749311
25762,0.062464453
25763,0.06828426
25764,0.062244724
25765,0.063906945
25766,0.068230405
25767,0.6266394
25768,0.065828316
25769,0.067655414
25770,0.062491227
25771,0.06650672
25772,0.062464453
25773,0.065257356
25774,0.2701473
25775,0.6301688
25776,0.06584722
25777,0.06091173
25778,0.064545654
25779,0.6686315
25780,0.60963833
25781,0.6301688
25782,0.0668186
25783,0.06410934
25784,0.06362425
25785,0.058459323
25786,0.63775796
25787,0.06689628
25788,0.2683238
25789,0.05729655
25790,0.065138
25791,0.0665203
25792,0.068447314
25793,0.06490252
25794,0.065530196
25795,0.7389628
25796,0.5758786
25797,0.26922226
25798,0.06458339
25799,0.06312127
25800,0.09821623
25801,0.07397724
25802,0.06152554
25803,0.06363253
25804,0.06310615
25805,0.07120064
25806,0.065405816
25807,0.060871538
25808,0.056096923
25809,0.58077747
25810,0.5671035
25811,0.6355711
25812,0.063699886
25813,0.061764076
25814,0.62978774
25815,0.06478604
25816,0.5904292
25817,0.06437504
25818,0.066123836
25819,0.06607266
25820,0.0623082
25821,0.070412405
25822,0.0729411
25823,0.62289137
25824,0.6879381
25825,0.0753984
25826,0.060577393
25827,0.061107725
25828,0.059942916
25829,0.06889169
25830,0.87211776
25831,0.27696973
25832,0.065743975
25833,0.07386191
25834,0.061873477
25835,0.06256463
25836,0.060361397
25837,0.066381946
25838,0.2827962
25839,0.2772564
25840,0.06365157
25841,0.064302705
25842,0.0630383
25843,0.068464376
25844,0.06256463
25845,0.27533168
25846,0.059268188
25847,0.060895067
25848,0.06491307
25849,0.063514374
25850,0.061734468
25851,0.06576583
25852,0.6271249
25853,0.6400178
25854,0.27458563
25855,0.06454578
25856,0.06534479
25857,0.062560484
25858,0.06493197
25859,0.64320755
25860,0.27934045
25861,0.06493197
25862,0.06802417
25863,0.06682401
25864,0.07356974
25865,0.2683238
25866,0.6879381
25867,0.27373108
25868,0.27305073
25869,0.60262
25870,0.063794084
25871,0.059628274
25872,0.27380982
25873,0.26840132
25874,0.063699886
25875,0.06863591
25876,0.27422115
25877,0.06685414
25878,0.06281088
25879,0.06408082
25880,0.07081515
25881,0.06127495
25882,0.070412405
25883,0.61488616
25884,0.2701473
25885,0.62056035
25886,0.27053383
25887,0.06441364
25888,0.0584123
25889,0.6436962
25890,0.063953266
25891,0.062390815
25892,0.06350265
25893,0.06563243
25894,0.056509033
25895,0.69514
25896,0.27515405
25897,0.05825682
25898,0.66508305
25899,0.26679468
25900,0.06549711
25901,0.061803572
25902,0.060857132
25903,0.06320866
25904,0.058448836
25905,0.062338192
25906,0.06507833
25907,0.06580012
25908,0.058089904
25909,0.0615955
25910,0.06650672
25911,0.61537135
25912,0.6334057
25913,0.5971584
25914,0.6217097
25915,0.70584834
25916,0.068447314
25917,0.062318165
25918,0.06029449
25919,0.06562326
25920,0.068282105
25921,0.2729822
25922,0.0643544
25923,0.0632406
25924,0.06127495
25925,0.06473001
25926,0.062282085
25927,0.06631727
25928,0.06533203
25929,0.072992474
25930,0.060871538
25931,0.06354505
25932,0.062177204
25933,0.057782557
25934,0.064014256
25935,0.060110107
25936,0.06329486
25937,0.06489684
25938,0.061672796
25939,0.27738434
25940,0.06491307
25941,0.85955805
25942,0.6172055
25943,0.5305456
25944,0.29051402
25945,0.2757932
25946,0.06489684
25947,0.069365844
25948,0.059204914
25949,0.0646746
25950,0.06670542
25951,0.06974036
25952,0.56679845
25953,0.0672743
25954,0.06051942
25955,0.27510843
25956,0.057814024
25957,0.27236378
25958,0.06244161
25959,0.060081873
25960,0.061107725
25961,0.06786027
25962,0.06406914
25963,0.06337357
25964,0.6554422
25965,0.6451016
25966,0.27998957
25967,0.69990325
25968,0.6266394
25969,0.57766336
25970,0.06354505
25971,0.07204092
25972,0.067792445
25973,0.056509033
25974,0.06320448
25975,0.0580247
25976,0.06249736
25977,0.06145021
25978,0.62287456
25979,0.26190647
25980,0.57270837
25981,0.06594599
25982,0.07108226
25983,0.062514685
25984,0.06372351
25985,0.064602345
25986,0.059881546
25987,0.061803572
25988,0.062271073
25989,0.060895067
25990,0.06127495
25991,0.69372725
25992,0.6183325
25993,0.63410056
25994,0.5982334
25995,0.27586377
25996,0.06531946
25997,0.266621
25998,0.062239982
25999,0.062307335
26000,0.0657724
26001,0.082724676
26002,0.061682213
26003,0.0735493
26004,0.27738434
26005,0.062464453
26006,0.06419252
26007,0.06560458
26008,0.57270837
26009,0.07029687
26010,0.06409519
26011,0.2586182
26012,0.062307335
26013,0.058290854
26014,0.27494243
26015,0.065278135
26016,0.064885214
26017,0.060449217
26018,0.061979193
26019,0.06580993
26020,0.07397724
26021,0.057325844
26022,0.06562996
26023,0.060526896
26024,0.0669993
26025,0.26993436
26026,0.06526691
26027,0.0717156
26028,0.06510859
26029,0.06527966
26030,0.063514374
26031,0.06491307
26032,0.06493197
26033,0.062293887
26034,0.06428936
26035,0.07331902
26036,0.06807395
26037,0.6406313
26038,0.5704306
26039,0.06434364
26040,0.069365844
26041,0.06532835
26042,0.062496033
26043,0.068064205
26044,0.091612756
26045,0.066063374
26046,0.27949646
26047,0.059429467
26048,0.060449734
26049,0.06974673
26050,0.062356144
26051,0.060871538
26052,0.063699886
26053,0.06122752
26054,0.06693498
26055,0.65865386
26056,0.06367837
26057,0.06493197
26058,0.10329977
26059,0.06534479
26060,0.064954616
26061,0.64789516
26062,0.06534479
26063,0.06397431
26064,0.06143764
26065,0.2876288
26066,0.064935885
26067,0.06372351
26068,0.061287582
26069,0.06524791
26070,0.06459165
26071,0.066007
26072,0.068676025
26073,0.0646746
26074,0.059204914
26075,0.064623006
26076,0.05729655
26077,0.062514685
26078,0.0676529
26079,0.06027224
26080,0.062115934
26081,0.06306465
26082,0.06593626
26083,0.06580993
26084,0.06256463
26085,0.6399827
26086,0.065718405
26087,0.06406914
26088,0.061803572
26089,0.06110894
26090,0.05862626
26091,0.061734468
26092,0.27104655
26093,0.06576153
26094,0.06331456
26095,0.061849408
26096,0.0752963
26097,0.056174878
26098,0.06489271
26099,0.05922093
26100,0.061211254
26101,0.06631727
26102,0.2734188
26103,0.062390815
26104,0.07274405
26105,0.06473001
26106,0.06605092
26107,0.26810133
26108,0.75818896
26109,0.059915386
26110,0.06693523
26111,0.06281088
26112,0.059881546
26113,0.07397724
26114,0.06300197
26115,0.27820325
26116,0.0609679
26117,0.064980045
26118,0.6172055
26119,0.06291041
26120,0.065446086
26121,0.06354523
26122,0.056096923
26123,0.061775863
26124,0.06360694
26125,0.076340236
26126,0.27104655
26127,0.063371316
26128,0.26852182
26129,0.06546726
26130,0.06306465
26131,0.0657724
26132,0.06828426
26133,0.068447314
26134,0.060751837
26135,0.064885214
26136,0.06414363
26137,0.06704612
26138,0.06354505
26139,0.062201336
26140,0.06863591
26141,0.06365583
26142,0.05880081
26143,0.061818577
26144,0.06145021
26145,0.065252095
26146,0.06997683
26147,0.062394697
26148,0.07334614
26149,0.062130596
26150,0.74419963
26151,0.058089904
26152,0.06791074
26153,0.065849304
26154,0.064877205
26155,0.06562326
26156,0.091612756
26157,0.065633945
26158,0.067148454
26159,0.29051402
26160,0.06310615
26161,0.063387014
26162,0.065161236
26163,0.06524791
26164,0.06749311
26165,0.0646746
26166,0.06189834
26167,0.064144135
26168,0.061898705
26169,0.05922093
26170,0.0752963
26171,0.06491791
26172,0.062683575
26173,0.068992965
26174,0.69990325
26175,0.06434313
26176,0.058448836
26177,0.064513616
26178,0.0646746
26179,0.060857132
26180,0.06560458
26181,0.06354523
26182,0.06365157
26183,0.058631122
26184,0.0756398
26185,0.061818577
26186,0.06296276
26187,0.0557724
26188,0.068676025
26189,0.067300916
26190,0.06261415
26191,0.060857132
26192,0.06106103
26193,0.07204092
26194,0.066793606
26195,0.2734188
26196,0.06027224
26197,0.06377078
26198,0.06047692
26199,0.06376522
26200,0.059429467
26201,0.060274087
26202,0.06430225
26203,0.068230405
26204,0.06336832
26205,0.06562996
26206,0.060895067
26207,0.065138
26208,0.06110894
26209,0.06802417
26210,0.06194882
26211,0.062307335
26212,0.06383533
26213,0.2741028
26214,0.06347795
26215,0.06624392
26216,0.052314226
26217,0.06410934
26218,0.062004473
26219,0.06570656
26220,0.06434364
26221,0.06027224
26222,0.062201336
26223,0.06469563
26224,0.0753984
26225,0.06562996
26226,0.066007
26227,0.07611014
26228,0.07160121
26229,0.058631122
26230,0.06254371
26231,0.062387533
26232,0.07356974
26233,0.063699886
26234,0.067300916
26235,0.052113596
26236,0.06606367
26237,0.060000155
26238,0.05669632
26239,0.064954616
26240,0.065849304
26241,0.06491791
26242,0.06546726
26243,0.065257356
26244,0.066486545
26245,0.065530196
26246,0.07229576
26247,0.06376497
26248,0.27422115
26249,0.070412405
26250,0.06547156
26251,0.060702447
26252,0.06548435
26253,0.060690004
26254,0.060801715
26255,0.07397724
26256,0.06372594
26257,0.066007
26258,0.0657724
26259,0.056308944
26260,0.0669993
26261,0.052314226
26262,0.06119654
26263,0.06997683
26264,0.07030645
26265,0.06300197
26266,0.060833167
26267,0.06311136
26268,0.06776666
26269,0.06881045
26270,0.061775863
26271,0.08052384
26272,0.06300197
26273,0.06807395
26274,0.06594599
26275,0.06320448
26276,0.065530196
26277,0.06490252
26278,0.062286604
26279,0.06493197
26280,0.07081515
26281,0.072090976
26282,0.06300197
26283,0.0753984
26284,0.06516727
26285,0.06937728
26286,0.27233952
26287,0.089311555
26288,0.068675525
26289,0.06758743
26290,0.06722382
26291,0.059317417
26292,0.06343254
26293,0.06488917
26294,0.06028933
26295,0.06290671
26296,0.06532839
26297,0.06323538
26298,0.0631897
26299,0.06483821
26300,0.060523093
26301,0.061750125
26302,0.0608257
26303,0.061947674
26304,0.060197003
26305,0.058987305
26306,0.60694295
26307,0.06211951
26308,0.06312252
26309,0.069690205
26310,0.2758183
26311,0.055219825
26312,0.06273634
26313,0.064536296
26314,0.058719523
26315,0.06340571
26316,0.07452401
26317,0.059260353
26318,0.061706353
26319,0.06557451
26320,0.05957828
26321,0.06780585
26322,0.06558772
26323,0.659322
26324,0.06597217
26325,0.06196807
26326,0.07444991
26327,0.058976915
26328,0.056936633
26329,0.060021788
26330,0.073991165
26331,0.061188065
26332,0.06240883
26333,0.06532839
26334,0.27628958
26335,0.62270874
26336,0.6242532
26337,0.0637067
26338,0.06235956
26339,0.062486503
26340,0.06106059
26341,0.076757774
26342,0.059815742
26343,0.061975207
26344,0.6167342
26345,0.061469942
26346,0.061612222
26347,0.6188581
26348,0.06432321
26349,0.06303757
26350,0.6054681
26351,0.06404441
26352,0.057221364
26353,0.26343516
26354,0.061935693
26355,0.06323247
26356,0.0637067
26357,0.055219825
26358,0.06364064
26359,0.068514004
26360,0.06203699
26361,0.064788595
26362,0.068552054
26363,0.06069307
26364,0.2781163
26365,0.06290915
26366,0.06430812
26367,0.082924195
26368,0.06312717
26369,0.061309386
26370,0.06759683
26371,0.05835377
26372,0.060817074
26373,0.06759683
26374,0.06305271
26375,0.062616915
26376,0.06508936
26377,0.061557453
26378,0.05636309
26379,0.071258456
26380,0.07220296
26381,0.63301593
26382,0.06085703
26383,0.075831495
26384,0.06208869
26385,0.27275574
26386,0.07372299
26387,0.060972672
26388,0.062372185
26389,0.052699666
26390,0.059708092
26391,0.06321551
26392,0.06302868
26393,0.064194255
26394,0.06061086
26395,0.27041695
26396,0.55610985
26397,0.06266077
26398,0.27438602
26399,0.06196807
26400,0.07164998
26401,0.057581503
26402,0.06364064
26403,0.27324563
26404,0.057048526
26405,0.057829116
26406,0.059022915
26407,0.06346386
26408,0.061243046
26409,0.058832984
26410,0.5994443
26411,0.06430812
26412,0.0661796
26413,0.0661796
26414,0.06315133
26415,0.059453025
26416,0.06312252
26417,0.05818921
26418,0.06404441
26419,0.06765391
26420,0.07981677
26421,0.066378474
26422,0.05847727
26423,0.05842414
26424,0.061765134
26425,0.061991047
26426,0.06307802
26427,0.061400294
26428,0.06235956
26429,0.06258522
26430,0.58847183
26431,0.062331844
26432,0.06391115
26433,0.06421786
26434,0.06296017
26435,0.061480418
26436,0.0635327
26437,0.06459362
26438,0.0653057
26439,0.06321551
26440,0.06273634
26441,0.062120683
26442,0.56546605
26443,0.06773943
26444,0.06268174
26445,0.069676064
26446,0.057829116
26447,0.06436312
26448,0.06155464
26449,0.060059216
26450,0.061480418
26451,0.060197003
26452,0.27615973
26453,0.06483821
26454,0.061480418
26455,0.06317303
26456,0.26855752
26457,0.06715496
26458,0.6568099
26459,0.6784288
26460,0.65856946
26461,0.064488485
26462,0.06508936
26463,0.05837407
26464,0.062442314
26465,0.06383884
26466,0.059093174
26467,0.06642165
26468,0.058569465
26469,0.6528199
26470,0.06284595
26471,0.061212506
26472,0.06281476
26473,0.07377378
26474,0.06565553
26475,0.06755756
26476,0.07083098
26477,0.06509803
26478,0.0770335
26479,0.06391115
26480,0.05847727
26481,0.07439911
26482,0.0679374
26483,0.0648605
26484,0.05710822
26485,0.06709309
26486,0.061490707
26487,0.6312972
26488,0.60285693
26489,0.06196279
26490,0.06255318
26491,0.06181154
26492,0.082924195
26493,0.06404441
26494,0.06061086
26495,0.06010973
26496,0.06270309
26497,0.060173206
26498,0.053024817
26499,0.057996806
26500,0.06391115
26501,0.06476715
26502,0.27258104
26503,0.061712768
26504,0.07372299
26505,0.068396
26506,0.06227493
26507,0.06317303
26508,0.059123233
26509,0.05803826
26510,0.059815742
26511,0.061667796
26512,0.06340571
26513,0.067664295
26514,0.062072977
26515,0.7046977
26516,0.27440482
26517,0.2758183
26518,0.056598023
26519,0.06438806
26520,0.06471436
26521,0.061547372
26522,0.06126604
26523,0.06028933
26524,0.06557451
26525,0.06455199
26526,0.06188888
26527,0.063646086
26528,0.062183995
26529,0.0639575
26530,0.06004659
26531,0.07981677
26532,0.060821574
26533,0.05818921
26534,0.062119287
26535,0.29368433
26536,0.6436768
26537,0.057342004
26538,0.06010973
26539,0.06755756
26540,0.06298205
26541,0.061607603
26542,0.06326893
26543,0.0618147
26544,0.05946997
26545,0.06432321
26546,0.5706433
26547,0.06566541
26548,0.060014416
26549,0.07383906
26550,0.06666877
26551,0.060376313
26552,0.064536296
26553,0.067427
26554,0.070449494
26555,0.062072977
26556,0.2731377
26557,0.061878294
26558,0.063184075
26559,0.06765391
26560,0.63571554
26561,0.06587093
26562,0.063646086
26563,0.6449836
26564,0.06993776
26565,0.2657508
26566,0.27248594
26567,0.06788957
26568,0.061625432
26569,0.072299674
26570,0.06218254
26571,0.06391115
26572,0.06277264
26573,0.061878294
26574,0.13048811
26575,0.061034877
26576,0.054684006
26577,0.065894514
26578,0.066611215
26579,0.066219
26580,0.06284174
26581,0.06321551
26582,0.076755226
26583,0.059248716
26584,0.27758098
26585,0.0723208
26586,0.054949623
26587,0.07057532
26588,0.0643036
26589,0.61896646
26590,0.059027426
26591,0.06705115
26592,0.062041435
26593,0.061785843
26594,0.63726366
26595,0.06636507
26596,0.78645724
26597,0.06488917
26598,0.06788957
26599,0.062155966
26600,0.06551534
26601,0.06203442
26602,0.064973466
26603,0.6309418
26604,0.6762586
26605,0.06136688
26606,0.060972672
26607,0.06268174
26608,0.062241226
26609,0.25851518
26610,0.057581503
26611,0.066975296
26612,0.56027246
26613,0.062881604
26614,0.05774369
26615,0.06130424
26616,0.061765134
26617,0.060489226
26618,0.53325146
26619,0.06666877
26620,0.6476875
26621,0.06633445
26622,0.26855752
26623,0.069690205
26624,0.076755226
26625,0.06488917
26626,0.06164456
26627,0.060854122
26628,0.58328915
26629,0.2794625
26630,0.057675444
26631,0.27930245
26632,0.058489922
26633,0.065284334
26634,0.6334093
26635,0.61062646
26636,0.06163998
26637,0.07220296
26638,0.26071754
26639,0.06353306
26640,0.65484047
26641,0.6409509
26642,0.5897093
26643,0.06586646
26644,0.062888406
26645,0.05312577
26646,0.06085703
26647,0.06587093
26648,0.060391713
26649,0.054949623
26650,0.057766683
26651,0.06511897
26652,0.060821574
26653,0.05818921
26654,0.06347392
26655,0.06140042
26656,0.06061086
26657,0.059958734
26658,0.06638387
26659,0.25851518
26660,0.27324593
26661,0.29175085
26662,0.06432321
26663,0.061706353
26664,0.2699788
26665,0.059847813
26666,0.0707297
26667,0.64394104
26668,0.5554784
26669,0.70547533
26670,0.06430812
26671,0.06728411
26672,0.06436312
26673,0.063951716
26674,0.6570845
26675,0.06796256
26676,0.06266079
26677,0.057287507
26678,0.057342004
26679,0.075989224
26680,0.06515845
26681,0.064885825
26682,0.6065348
26683,0.06610146
26684,0.06509803
26685,0.062728405
26686,0.05710822
26687,0.06575246
26688,0.05908417
26689,0.26947346
26690,0.64511174
26691,0.06788957
26692,0.27440482
26693,0.061846785
26694,0.07583326
26695,0.5850687
26696,0.63208103
26697,0.63853353
26698,0.26302817
26699,0.06646287
26700,0.6289339
26701,0.073205225
26702,0.052685007
26703,0.112575404
26704,0.068552054
26705,0.060228325
26706,0.06328329
26707,0.062058654
26708,0.060214873
26709,0.0646306
26710,0.62566113
26711,0.5251265
26712,0.2726784
26713,0.06092903
26714,0.058779087
26715,0.06281476
26716,0.061212506
26717,0.06350904
26718,0.06418893
26719,0.06373048
26720,0.06303897
26721,0.060523093
26722,0.065505385
26723,0.06277264
26724,0.61592066
26725,0.61878335
26726,0.7792992
26727,0.0608257
26728,0.064293854
26729,0.2882475
26730,0.060523093
26731,0.6096059
26732,0.06291747
26733,0.06303757
26734,0.06476715
26735,0.062155966
26736,0.062153213
26737,0.055198286
26738,0.06324797
26739,0.7717347
26740,0.59917504
26741,0.062305484
26742,0.060014416
26743,0.07981677
26744,0.064788595
26745,0.05803826
26746,0.643096
26747,0.27789077
26748,0.055384055
26749,0.060391713
26750,0.06363005
26751,0.06745166
26752,0.057766683
26753,0.06773943
26754,0.64352685
26755,0.2708839
26756,0.26071754
26757,0.06390767
26758,0.06126604
26759,0.061607603
26760,0.061993927
26761,0.0630239
26762,0.27440482
26763,0.061495654
26764,0.06111388
26765,0.06069307
26766,0.062205896
26767,0.057766683
26768,0.06291747
26769,0.06094795
26770,0.5977349
26771,0.6156154
26772,0.2903533
26773,0.06488917
26774,0.056751784
26775,0.06468157
26776,0.076757774
26777,0.6088896
26778,0.061340895
26779,0.061293196
26780,0.053576313
26781,0.06277264
26782,0.066221505
26783,0.06470672
26784,0.6552899
26785,0.66131485
26786,0.062305484
26787,0.5579838
26788,0.062616915
26789,0.068552054
26790,0.25851518
26791,0.26760736
26792,0.059708092
26793,0.27051827
26794,0.06371291
26795,0.068469524
26796,0.061400294
26797,0.0631897
26798,0.05710822
26799,0.5746916
26800,0.25148398
26801,0.6342784
26802,0.26706684
26803,0.060376313
26804,0.06355665
26805,0.6480039
26806,0.065284334
26807,0.0621924
26808,0.06357497
26809,0.062881604
26810,0.058573037
26811,0.7253241
26812,0.058976915
26813,0.05636309
26814,0.6327359
26815,0.65208006
26816,0.070809714
26817,0.056751784
26818,0.05765109
26819,0.06234625
26820,0.073545195
26821,0.064798474
26822,0.06556358
26823,0.06358612
26824,0.059830572
26825,0.05940043
26826,0.6821728
26827,0.6275469
26828,0.63996154
26829,0.61978376
26830,0.6117784
26831,0.07517931
26832,0.094109006
26833,0.059308916
26834,0.056751784
26835,0.0608257
26836,0.053024817
26837,0.057886023
26838,0.06994131
26839,0.062276922
26840,0.06585948
26841,0.062299483
26842,0.06729605
26843,0.061935693
26844,0.06234625
26845,0.06880414
26846,0.068396
26847,0.066378474
26848,0.068552054
26849,0.05738268
26850,0.06289468
26851,0.06266077
26852,0.62175214
26853,0.056751784
26854,0.6064376
26855,0.6056448
26856,0.6205192
26857,0.27119398
26858,0.27248594
26859,0.06050719
26860,0.062183995
26861,0.07165202
26862,0.68670624
26863,0.06295448
26864,0.05978288
26865,0.07715117
26866,0.06532839
26867,0.066309884
26868,0.061468214
26869,0.07523902
26870,0.061964583
26871,0.0637629
26872,0.07057532
26873,0.06205428
26874,0.062153213
26875,0.60285693
26876,0.6135305
26877,0.28417554
26878,0.5911447
26879,0.27574307
26880,0.5876147
26881,0.05798094
26882,0.053278536
26883,0.062170077
26884,0.055020172
26885,0.063951716
26886,0.06728411
26887,0.06106367
26888,0.06034379
26889,0.64121073
26890,0.061569367
26891,0.6418644
26892,0.062085617
26893,0.08085303
26894,0.0661796
26895,0.061876092
26896,0.27179512
26897,0.26798195
26898,0.06633445
26899,0.064435445
26900,0.05847727
26901,0.564708
26902,0.56359816
26903,0.57603645
26904,0.55556834
26905,0.28534323
26906,0.06422991
26907,0.27496296
26908,0.06728448
26909,0.07331942
26910,0.061569367
26911,0.0639575
26912,0.0637696
26913,0.07583326
26914,0.06098363
26915,0.061947674
26916,0.053024817
26917,0.05440666
26918,0.059453025
26919,0.6065348
26920,0.06380415
26921,0.05659365
26922,0.061547372
26923,0.062616915
26924,0.06303897
26925,0.27507028
26926,0.06358712
26927,0.06597217
26928,0.061844885
26929,0.06776726
26930,0.06531566
26931,0.064022094
26932,0.06011648
26933,0.06122794
26934,0.063174516
26935,0.06432321
26936,0.063978985
26937,0.0637696
26938,0.27615973
26939,0.06557451
26940,0.059248716
26941,0.25947997
26942,0.06483821
26943,0.059022915
26944,0.057469394
26945,0.061993927
26946,0.06322102
26947,0.061878107
26948,0.06315133
26949,0.76350254
26950,0.61896646
26951,0.066521496
26952,0.06240883
26953,0.06234625
26954,0.06596031
26955,0.06705115
26956,0.066115394
26957,0.058489922
26958,0.06438806
26959,0.06476715
26960,0.0636015
26961,0.14614521
26962,0.06384176
26963,0.06705115
26964,0.062076434
26965,0.0679374
26966,0.06593755
26967,0.06287049
26968,0.60110474
26969,0.06471436
26970,0.06788957
26971,0.060376313
26972,0.06575246
26973,0.074205
26974,0.59910387
26975,0.059847813
26976,0.06106059
26977,0.2735849
26978,0.057540487
26979,0.06258559
26980,0.068186894
26981,0.06358712
26982,0.06438806
26983,0.058707044
26984,0.06326893
26985,0.064293854
26986,0.063864194
26987,0.071520604
26988,0.0723208
26989,0.066596314
26990,0.06459362
26991,0.061878294
26992,0.06142439
26993,0.06051755
26994,0.06193668
26995,0.5883859
26996,0.06459362
26997,0.07372299
26998,0.059635714
26999,0.055144146
27000,0.060173206
27001,0.27628958
27002,0.06069307
27003,0.27324563
27004,0.0637629
27005,0.068469524
27006,0.061964583
27007,0.07184593
27008,0.06384176
27009,0.050978344
27010,0.630317
27011,0.061750125
27012,0.05851266
27013,0.26678425
27014,0.06451179
27015,0.06715496
27016,0.06422991
27017,0.06330841
27018,0.27139467
27019,0.6551653
27020,0.06471436
27021,0.06417126
27022,0.0571931
27023,0.06234332
27024,0.056423362
27025,0.075831495
27026,0.061750125
27027,0.0637629
27028,0.062616915
27029,0.626256
27030,0.06404441
27031,0.061293196
27032,0.06557451
27033,0.06348443
27034,0.061950397
27035,0.06181154
27036,0.064798474
27037,0.26843044
27038,0.06427422
27039,0.27631307
27040,0.07077401
27041,0.054949623
27042,0.076755226
27043,0.06312717
27044,0.060961984
27045,0.06261795
27046,0.06289892
27047,0.061034877
27048,0.07165202
27049,0.06421786
27050,0.06772525
27051,0.062286697
27052,0.06590901
27053,0.06880414
27054,0.060228325
27055,0.0631897
27056,0.06373048
27057,0.06266077
27058,0.77996296
27059,0.06121082
27060,0.058489922
27061,0.06376298
27062,0.061557453
27063,0.0686776
27064,0.061400294
27065,0.061769553
27066,0.07220296
27067,0.060197003
27068,0.06471436
27069,0.065958634
27070,0.06667796
27071,0.0770335
27072,0.06354546
27073,0.057048526
27074,0.06320184
27075,0.06354546
27076,0.058536153
27077,0.06597217
27078,0.59631264
27079,0.061706353
27080,0.061495654
27081,0.058581777
27082,0.0646306
27083,0.061997972
27084,0.06193668
27085,0.061188065
27086,0.064798474
27087,0.061212506
27088,0.067602046
27089,0.06304246
27090,0.08128797
27091,0.2644931
27092,0.06470672
27093,0.06234332
27094,0.06773943
27095,0.06247829
27096,0.062439132
27097,0.06776726
27098,0.27036116
27099,0.27299204
27100,0.063174516
27101,0.07372299
27102,0.06266077
27103,0.06163041
27104,0.059635714
27105,0.062095676
27106,0.06163998
27107,0.06051755
27108,0.068837225
27109,0.057766683
27110,0.0639575
27111,0.06353306
27112,0.06284174
27113,0.05835377
27114,0.066378474
27115,0.063978985
27116,0.06264265
27117,0.05946997
27118,0.27789077
27119,0.06205428
27120,0.061964583
27121,0.064536296
27122,0.06249689
27123,0.0659858
27124,0.06142439
27125,0.06602946
27126,0.060197003
27127,0.061557453
27128,0.069690205
27129,0.06203699
27130,0.05971113
27131,0.07057532
27132,0.061557453
27133,0.06234332
27134,0.06370657
27135,0.062286697
27136,0.061133422
27137,0.06255318
27138,0.06276506
27139,0.053576313
27140,0.063878365
27141,0.066964634
27142,0.06309195
27143,0.062286697
27144,0.06633445
27145,0.06488917
27146,0.06203442
27147,0.06772525
27148,0.06558772
27149,0.068185054
27150,0.2752206
27151,0.06164456
27152,0.059708092
27153,0.0618147
27154,0.070855245
27155,0.06302841
27156,0.065505385
27157,0.066115394
27158,0.06347392
27159,0.0637629
27160,0.06841787
27161,0.071187735
27162,0.06406674
27163,0.06947126
27164,0.07080533
27165,0.073205225
27166,0.061569367
27167,0.06348443
27168,0.07583326
27169,0.061480418
27170,0.06422991
27171,0.057469394
27172,0.06430812
27173,0.10147945
27174,0.0627945
27175,0.07517931
27176,0.066975296
27177,0.07422753
27178,0.06355665
27179,0.060173206
27180,0.059085764
27181,0.056315772
27182,0.062058654
27183,0.060821574
27184,0.06363005
27185,0.06189075
27186,0.067602046
27187,0.06773943
27188,0.06140042
27189,0.060668036
27190,0.06249689
27191,0.07133508
27192,0.2726784
27193,0.06470672
27194,0.057287507
27195,0.057540487
27196,0.064970374
27197,0.066535234
27198,0.063475415
27199,0.06184378
27200,0.061615646
27201,0.066234075
27202,0.06281128
27203,0.06974751
27204,0.058537263
27205,0.072544694
27206,0.06333662
27207,0.0642259
27208,0.07330319
27209,0.06358652
27210,0.06316743
27211,0.07624774
27212,0.6305382
27213,0.07396537
27214,0.6556168
27215,0.06325797
27216,0.06581336
27217,0.070816
27218,0.06831516
27219,0.15586624
27220,0.06069673
27221,0.06024166
27222,0.06267399
27223,0.06265376
27224,0.058261573
27225,0.90919197
27226,0.068168566
27227,0.058959015
27228,0.0615855
27229,0.06578399
27230,0.06376868
27231,0.05623042
27232,0.06360947
27233,0.06251523
27234,0.058733907
27235,0.06747564
27236,0.6622766
27237,0.57733357
27238,0.070816
27239,0.066988304
27240,0.064709775
27241,0.062454864
27242,0.065177925
27243,0.057092488
27244,0.06887148
27245,0.064119026
27246,0.5941206
27247,0.28656688
27248,0.05904181
27249,0.6717436
27250,0.062181994
27251,0.68557656
27252,0.06063395
27253,0.26989117
27254,0.06090068
27255,0.0580735
27256,0.06801675
27257,0.06712799
27258,0.05904181
27259,0.0607397
27260,0.06474752
27261,0.06212074
27262,0.066719934
27263,0.74622184
27264,0.056116574
27265,0.061896622
27266,0.060611807
27267,0.057932105
27268,0.07126046
27269,0.057617035
27270,0.06138971
27271,0.072234966
27272,0.06391894
27273,0.057905946
27274,0.076943815
27275,0.057367567
27276,0.05426767
27277,0.0638
27278,0.064886555
27279,0.0685698
27280,0.066297255
27281,0.63664615
27282,0.05961918
27283,0.06309745
27284,0.06675126
27285,0.263645
27286,0.06875559
27287,0.066719934
27288,0.06416401
27289,0.056458026
27290,0.060871493
27291,0.063251875
27292,0.058277432
27293,0.06219838
27294,0.058488097
27295,0.06559492
27296,0.53545034
27297,0.06162628
27298,0.65888
27299,0.063518785
27300,0.06407167
27301,0.062669635
27302,0.055554066
27303,0.05921088
27304,0.83733076
27305,0.07375886
27306,0.0681194
27307,0.062490933
27308,0.062139377
27309,0.069716185
27310,0.065758064
27311,0.6740191
27312,0.056352723
27313,0.06314407
27314,0.084407516
27315,0.0607397
27316,0.056352723
27317,0.0617199
27318,0.058969248
27319,0.06333765
27320,0.059918232
27321,0.06901697
27322,0.059414126
27323,0.06301862
27324,0.065084666
27325,0.057896975
27326,0.062740006
27327,0.06184378
27328,0.061436158
27329,0.060565792
27330,0.07350384
27331,0.75576305
27332,0.061016727
27333,0.06358652
27334,0.06407824
27335,0.06087999
27336,0.060231738
27337,0.05826969
27338,0.067080535
27339,0.060871493
27340,0.061672438
27341,0.06747564
27342,0.27971017
27343,0.060794946
27344,0.05239469
27345,0.06312218
27346,0.07361595
27347,0.058174904
27348,0.098913535
27349,0.072151415
27350,0.061872646
27351,0.06497901
27352,0.06331277
27353,0.06458658
27354,0.07361636
27355,0.0625662
27356,0.27245808
27357,0.062048905
27358,0.5995214
27359,0.64471453
27360,0.28125754
27361,0.061048064
27362,0.05426767
27363,0.060035247
27364,0.057896975
27365,0.06647391
27366,0.06087999
27367,0.065991156
27368,0.063992605
27369,0.60817873
27370,0.058261573
27371,0.072854534
27372,0.06358652
27373,0.06899806
27374,0.061465044
27375,0.07350384
27376,0.062033884
27377,0.061176084
27378,0.073707625
27379,0.06604789
27380,0.07126046
27381,0.05963245
27382,0.06184378
27383,0.07375886
27384,0.059337832
27385,0.06250165
27386,0.057122603
27387,0.27711895
27388,0.6671155
27389,0.061048064
27390,0.07330319
27391,0.06331277
27392,0.066605195
27393,0.0625662
27394,0.06359553
27395,0.0707
27396,0.06604789
27397,0.061328482
27398,0.060035247
27399,0.06360947
27400,0.06743279
27401,0.072854534
27402,0.05839438
27403,0.057186443
27404,0.07089507
27405,0.060741886
27406,0.066775426
27407,0.057495017
27408,0.060932867
27409,0.058462836
27410,0.0707
27411,0.061443083
27412,0.07367531
27413,0.059729535
27414,0.06291223
27415,0.059576355
27416,0.060356293
27417,0.63087505
27418,0.27383268
27419,0.27603444
27420,0.058969248
27421,0.06432063
27422,0.0607894
27423,0.06994405
27424,0.0681116
27425,0.049820583
27426,0.05811113
27427,0.0664752
27428,0.0607894
27429,0.062652625
27430,0.059249982
27431,0.057446346
27432,0.06296081
27433,0.06258951
27434,0.0629349
27435,0.069426686
27436,0.07655006
27437,0.063825525
27438,0.06408538
27439,0.06163922
27440,0.7966706
27441,0.068168566
27442,0.06462085
27443,0.06325797
27444,0.082176335
27445,0.05239469
27446,0.061016727
27447,0.05577549
27448,0.27185974
27449,0.0625662
27450,0.06522077
27451,0.040332526
27452,0.056116574
27453,0.0607397
27454,0.05239469
27455,0.063323095
27456,0.059534207
27457,0.28361773
27458,0.059331764
27459,0.06142334
27460,0.070319846
27461,0.59992224
27462,0.06055099
27463,0.059759438
27464,0.5766137
27465,0.06813682
27466,0.066525206
27467,0.272796
27468,0.06466693
27469,0.06200093
27470,0.06740501
27471,0.059918232
27472,0.05239469
27473,0.068168566
27474,0.055521972
27475,0.05921088
27476,0.065907896
27477,0.08615949
27478,0.062699206
27479,0.06660859
27480,0.06267857
27481,0.064207524
27482,0.057731893
27483,0.06314407
27484,0.06362501
27485,0.27957642
27486,0.06268395
27487,0.06119064
27488,0.062312264
27489,0.06250165
27490,0.7311752
27491,0.06277809
27492,0.0625662
27493,0.063384876
27494,0.061048064
27495,0.05790929
27496,0.61420774
27497,0.06706014
27498,0.061340738
27499,0.99415183
27500,0.066234075
27501,0.0685698
27502,0.058959015
27503,0.59209096
27504,0.5590283
27505,0.061048064
27506,0.07295619
27507,0.06184378
27508,0.061530348
27509,0.062033884
27510,0.069716185
27511,0.6677876
27512,0.0665694
27513,0.063992605
27514,0.059296913
27515,0.065096974
27516,0.063323095
27517,0.06306053
27518,0.059431676
27519,0.86871374
27520,0.06268395
27521,0.48259485
27522,0.06529239
27523,0.06103252
27524,0.635474
27525,0.07475704
27526,0.060712248
27527,0.06358652
27528,0.06563646
27529,0.62768036
27530,0.62168354
27531,0.05774759
27532,0.26587942
27533,0.0599215
27534,0.27733687
27535,0.6313482
27536,0.67721075
27537,0.06388797
27538,0.27957088
27539,0.2703845
27540,0.2836044
27541,0.6324548
27542,0.68511534
27543,0.71205455
27544,0.066775426
27545,0.27837062
27546,0.058013123
27547,0.06525676
27548,0.0628844
27549,0.057367567
27550,0.06281128
27551,0.06382783
27552,0.05921088
27553,0.06288722
27554,0.0708173
27555,0.057186443
27556,0.06142334
27557,0.27264032
27558,0.263645
27559,0.27971017
27560,0.070336156
27561,0.06607039
27562,0.27971017
27563,0.06309745
27564,0.64416486
27565,0.55334085
27566,0.6766293
27567,0.064886555
27568,0.073707625
27569,0.0599215
27570,0.272003
27571,0.6691296
27572,0.060932867
27573,0.05901933
27574,0.06665695
27575,0.070336156
27576,0.063323095
27577,0.058019802
27578,0.05916262
27579,0.6131741
27580,0.061048064
27581,0.065482624
27582,0.06234622
27583,0.05858931
27584,0.05921088
27585,0.067200005
27586,0.27578366
27587,0.67024946
27588,0.056116574
27589,0.27793634
27590,0.069426686
27591,0.06586736
27592,0.62294996
27593,0.6488486
27594,0.6261462
27595,0.06687341
27596,0.27798674
27597,0.05515809
27598,0.0685698
27599,0.7612571
27600,0.07025411
27601,0.2705893
27602,0.05760552
27603,0.065398864
27604,0.06071599
27605,0.056215163
27606,0.069968246
27607,0.06559492
27608,0.062652625
27609,0.7297933
27610,0.58270955
27611,0.2722222
27612,0.0639517
27613,0.0633981
27614,0.06566989
27615,0.0648177
27616,0.07025411
27617,0.06650093
27618,0.06743279
27619,0.059081964
27620,0.0631369
27621,0.06877011
27622,0.060565792
27623,0.65888
27624,0.6252506
27625,0.7318128
27626,0.06466693
27627,0.06455054
27628,0.27806535
27629,0.061443083
27630,0.63691103
27631,0.06813682
27632,0.07367531
27633,0.061341394
27634,0.057349697
27635,0.06994405
27636,0.06142334
27637,0.06506565
27638,0.65614694
27639,0.6680353
27640,0.05726818
27641,0.06406857
27642,0.06649605
27643,0.06278173
27644,0.059337832
27645,0.69711846
27646,0.2757017
27647,0.06090068
27648,0.059337832
27649,0.0733318
27650,0.055492245
27651,0.066535234
27652,0.069426686
27653,0.7017606
27654,0.2683873
27655,0.29711404
27656,0.063518785
27657,0.06110406
27658,0.0642259
27659,0.06416401
27660,0.06305961
27661,0.267834
27662,0.06296081
27663,0.08087464
27664,0.062312264
27665,0.06220656
27666,0.63691103
27667,0.672449
27668,0.25658107
27669,0.07037536
27670,0.05500355
27671,0.064627305
27672,0.06932034
27673,0.79119074
27674,0.0802695
27675,0.055727683
27676,0.066719934
27677,0.06452827
27678,0.06566989
27679,0.064536996
27680,0.7850657
27681,0.27829692
27682,0.061456442
27683,0.6244559
27684,0.05623042
27685,0.05790929
27686,0.076943815
27687,0.28541014
27688,0.06071599
27689,0.06194226
27690,0.059918232
27691,0.05901933
27692,0.061887972
27693,0.06291832
27694,0.06994405
27695,0.06163922
27696,0.5553777
27697,0.059576355
27698,0.2785277
27699,0.27755055
27700,0.06333662
27701,0.06805549
27702,0.6825138
27703,0.054972213
27704,0.05577549
27705,0.066775426
27706,0.064675346
27707,0.73688585
27708,0.26458037
27709,0.060088206
27710,0.77212656
27711,0.6609977
27712,0.058752418
27713,0.27481928
27714,0.06831516
27715,0.06316743
27716,0.058752418
27717,0.059081964
27718,0.06887148
27719,0.05577549
27720,0.06234622
27721,0.05426767
27722,0.061016727
27723,0.062652625
27724,0.065828025
27725,0.663023
27726,0.66375
27727,0.70003664
27728,0.6336153
27729,0.565541
27730,0.06916911
27731,0.05515809
27732,0.06254323
27733,0.28863037
27734,0.063475415
27735,0.08700886
27736,0.055521972
27737,0.067080535
27738,0.06469486
27739,0.06650093
27740,0.05921088
27741,0.059296913
27742,0.06342596
27743,0.07375886
27744,0.059309766
27745,0.06831516
27746,0.06281992
27747,0.06585654
27748,0.061256226
27749,0.05982068
27750,0.06401644
27751,0.59959793
27752,0.06069673
27753,0.7290421
27754,0.65492386
27755,0.68134034
27756,0.28656688
27757,0.27626094
27758,0.061341394
27759,0.06718806
27760,0.06330587
27761,0.06534787
27762,0.050639268
27763,0.60445637
27764,0.060088206
27765,0.058228515
27766,0.06743279
27767,0.058938645
27768,0.06291223
27769,0.05756327
27770,0.07126046
27771,0.055946853
27772,0.06706014
27773,0.06018265
27774,0.06452131
27775,0.063992605
27776,0.06877011
27777,0.6697291
27778,0.5663167
27779,0.27806535
27780,0.66098183
27781,0.734313
27782,0.66233844
27783,0.06452131
27784,0.053252395
27785,0.060236774
27786,0.06502784
27787,0.05975048
27788,0.057495017
27789,0.06718806
27790,0.05861876
27791,0.06653159
27792,0.6795328
27793,0.06469486
27794,0.6730596
27795,0.28009385
27796,0.07166757
27797,0.06163922
27798,0.06634279
27799,0.06261087
27800,0.07236666
27801,0.058938645
27802,0.0603048
27803,0.06086194
27804,0.6207698
27805,0.6287474
27806,0.57733357
27807,0.28759614
27808,0.27315277
27809,0.06498837
27810,0.27486515
27811,0.05788801
27812,0.066605195
27813,0.073707625
27814,0.06556955
27815,0.058462836
27816,0.06521161
27817,0.06581336
27818,0.058969248
27819,0.27003315
27820,0.06607613
27821,0.05726818
27822,0.6624616
27823,0.061890475
27824,0.0501985
27825,0.27237245
27826,0.062962204
27827,0.064280294
27828,0.27260053
27829,0.05975048
27830,0.065010406
27831,0.2693469
27832,0.060088206
27833,0.062490933
27834,0.06007321
27835,0.058720678
27836,0.057858963
27837,0.061672438
27838,0.06831516
27839,0.062676996
27840,0.06314407
27841,0.27109182
27842,0.06607039
27843,0.06506565
27844,0.059100926
27845,0.06240656
27846,0.06295248
27847,0.06813682
27848,0.07330319
27849,0.076943815
27850,0.070316784
27851,0.71456665
27852,0.72903067
27853,0.058277432
27854,0.063384876
27855,0.06037461
27856,0.061016727
27857,0.06268395
27858,0.06161504
27859,0.06293714
27860,0.06330528
27861,0.061380643
27862,0.05826969
27863,0.064539075
27864,0.16262357
27865,0.06587608
27866,0.06142334
27867,0.77212656
27868,0.0617728
27869,0.069654636
27870,0.27357486
27871,0.06452827
27872,0.061456442
27873,0.6840019
27874,0.057896975
27875,0.06184378
27876,0.07400841
27877,0.27315277
27878,0.059661772
27879,0.06292581
27880,0.066775426
27881,0.06581848
27882,0.06706014
27883,0.07454926
27884,0.06250165
27885,0.06534787
27886,0.060112126
27887,0.060231738
27888,0.072501846
27889,0.064076774
27890,0.064158
27891,0.061896622
27892,0.050639268
27893,0.059918232
27894,0.060059015
27895,0.65126175
27896,0.06459598
27897,0.06314407
27898,0.06359553
27899,0.06706014
27900,0.066525206
27901,0.063233666
27902,0.0664621
27903,0.27118832
27904,0.06391732
27905,0.06639796
27906,0.063475415
27907,0.06458658
27908,0.0588243
27909,0.061672438
27910,0.6333738
27911,0.061623883
27912,0.0605483
27913,0.263645
27914,0.06707409
27915,0.055994835
27916,0.061465044
27917,0.055554066
27918,0.28297356
27919,0.67460775
27920,0.073418275
27921,0.0589732
27922,0.060564578
27923,0.065010406
27924,0.06018265
27925,0.06071599
27926,0.27828658
27927,0.066739514
27928,0.057122603
27929,0.6674474
27930,0.07475704
27931,0.06877011
27932,0.0631369
27933,0.066739514
27934,0.06958946
27935,0.05533472
27936,0.055478804
27937,0.28409505
27938,0.062048905
27939,0.27444863
27940,0.061957747
27941,0.06086194
27942,0.05772896
27943,0.065991156
27944,0.070336156
27945,0.072234966
27946,0.06981095
27947,0.056215163
27948,0.06703769
27949,0.06932034
27950,0.062388875
27951,0.07367531
27952,0.06643805
27953,0.064886555
27954,0.059337832
27955,0.064711064
27956,0.07400841
27957,0.05500355
27958,0.06497901
27959,0.050613385
27960,0.061256226
27961,0.53311396
27962,0.06877011
27963,0.06325797
27964,0.06314407
27965,0.060564578
27966,0.06233741
27967,0.061529133
27968,0.057993483
27969,0.06577548
27970,0.061693694
27971,0.056252245
27972,0.0635812
27973,0.06578399
27974,0.06268395
27975,0.062807195
27976,0.060932867
27977,0.06640174
27978,0.066319205
27979,0.060231738
27980,0.06352764
27981,0.08288954
27982,0.9037614
27983,0.056776572
27984,0.060564578
27985,0.06312218
27986,0.05921088
27987,0.056252245
27988,0.059296913
27989,0.27341846
27990,0.06577548
27991,0.06161504
27992,0.06254323
27993,0.06258605
27994,0.061890475
27995,0.28345644
27996,0.0589732
27997,0.07122337
27998,0.07122337
27999,0.062282175
28000,0.05968998
28001,0.06567239
28002,0.27990946
28003,0.06607039
28004,0.272003
28005,0.06377367
28006,0.06578399
28007,0.063232556
28008,0.06975699
28009,0.06330528
28010,0.05533472
28011,0.06701741
28012,0.0707
28013,0.056053285
28014,0.061960626
28015,0.06462085
28016,0.061436158
28017,0.062669635
28018,0.060236774
28019,0.06650093
28020,0.68511534
28021,0.05756327
28022,0.06324976
28023,0.06701741
28024,0.069654636
28025,0.059021764
28026,0.061896622
28027,0.056953568
28028,0.067200005
28029,0.0707
28030,0.064711064
28031,0.066719934
28032,0.061693694
28033,0.073935404
28034,0.059918232
28035,0.063232556
28036,0.06102025
28037,0.06967671
28038,0.057896975
28039,0.061444703
28040,0.061256226
28041,0.056573395
28042,0.058835883
28043,0.0645763
28044,0.06295248
28045,0.05623042
28046,0.058987994
28047,0.065177925
28048,0.066988304
28049,0.0638
28050,0.05930066
28051,0.069716185
28052,0.63045466
28053,0.057288192
28054,0.049820583
28055,0.07089507
28056,0.06277133
28057,0.085092224
28058,0.054972213
28059,0.064970374
28060,0.0607397
28061,0.07405711
28062,0.27444863
28063,0.063682824
28064,0.06194226
28065,0.061351974
28066,0.06452131
28067,0.06566551
28068,0.055946853
28069,0.06234622
28070,0.058835883
28071,0.050613385
28072,0.06257708
28073,0.06086194
28074,0.059918232
28075,0.2695719
28076,0.0603048
28077,0.059081964
28078,0.06333662
28079,0.06455054
28080,0.058228515
28081,0.060794946
28082,0.061693907
28083,0.062033884
28084,0.060712248
28085,0.06268395
28086,0.066605195
28087,0.0665694
28088,0.27444863
28089,0.059337832
28090,0.063233666
28091,0.06458693
28092,0.06368313
28093,0.058959015
28094,0.06597804
28095,0.06861813
28096,0.064694196
28097,0.065251954
28098,0.059115805
28099,0.06410267
28100,0.067075014
28101,0.06282713
28102,0.061189212
28103,0.060003404
28104,0.061876033
28105,0.06081541
28106,0.06504482
28107,0.05891698
28108,0.27731654
28109,0.07270116
28110,0.06711315
28111,0.26769
28112,0.6220395
28113,0.061220534
28114,0.058577407
28115,0.06717885
28116,0.2915361
28117,0.06852303
28118,0.27137253
28119,0.062063552
28120,0.26483232
28121,0.070917025
28122,0.12900184
28123,0.05847654
28124,0.057311717
28125,0.06373195
28126,0.26987058
28127,0.06452206
28128,0.6712502
28129,0.2768926
28130,0.06973598
28131,0.06527534
28132,0.066030145
28133,0.071622096
28134,0.062034823
28135,0.07024396
28136,0.06426219
28137,0.060399223
28138,0.06505134
28139,0.060014214
28140,0.05950857
28141,0.28278005
28142,0.6621753
28143,0.6429699
28144,0.07180221
28145,0.07057407
28146,0.06275419
28147,0.06997879
28148,0.066576526
28149,0.06442373
28150,0.060938008
28151,0.06448436
28152,0.061876033
28153,0.058234695
28154,0.6707811
28155,0.061997678
28156,0.054376647
28157,0.62943834
28158,0.059831508
28159,0.06053118
28160,0.6476896
28161,0.065124914
28162,0.059836287
28163,0.5905012
28164,0.059818577
28165,0.057967585
28166,0.07007487
28167,0.0623599
28168,0.06484406
28169,0.07110599
28170,0.060424287
28171,0.063082114
28172,0.068076015
28173,0.06461079
28174,0.28108695
28175,0.06481719
28176,0.05762049
28177,0.064704925
28178,0.061593678
28179,0.066082716
28180,0.06380896
28181,0.06883839
28182,0.06045314
28183,0.060938008
28184,0.066010036
28185,0.06802753
28186,0.06928898
28187,0.06220447
28188,0.27076495
28189,0.06551762
28190,0.06690431
28191,0.06263046
28192,0.068340644
28193,0.06189266
28194,0.06531804
28195,0.653167
28196,0.3004767
28197,0.055925693
28198,0.063339055
28199,0.27592418
28200,0.06025296
28201,0.07136573
28202,0.06463559
28203,0.06704399
28204,0.065322824
28205,0.064704925
28206,0.061885674
28207,0.061977133
28208,0.06952569
28209,0.607264
28210,0.6721155
28211,0.06091284
28212,0.058669362
28213,0.0623599
28214,0.062428247
28215,0.059971947
28216,0.63705784
28217,0.065015525
28218,0.060173064
28219,0.06729904
28220,0.05889985
28221,0.07024396
28222,0.06020547
28223,0.058628395
28224,0.5871376
28225,0.064701125
28226,0.26162627
28227,0.06037037
28228,0.059946913
28229,0.06323281
28230,0.065124914
28231,0.06089189
28232,0.06472427
28233,0.06508016
28234,0.059115805
28235,0.06467819
28236,0.058714833
28237,0.064217575
28238,0.06681899
28239,0.06645709
28240,0.06626845
28241,0.07121487
28242,0.56265455
28243,0.065251954
28244,0.063739166
28245,0.06025296
28246,0.06810347
28247,0.07203632
28248,0.06217292
28249,0.061259948
28250,0.066283405
28251,0.17624593
28252,0.061955214
28253,0.6510364
28254,0.06529978
28255,0.06883839
28256,0.0625987
28257,0.065256186
28258,0.065124914
28259,0.060582895
28260,0.07322182
28261,0.059225816
28262,0.07445278
28263,0.07233168
28264,0.0616757
28265,0.064730465
28266,0.059017386
28267,0.07373279
28268,0.06624504
28269,0.26532182
28270,0.058099337
28271,0.5972357
28272,0.6425576
28273,0.6359086
28274,0.057293355
28275,0.06769772
28276,0.070119135
28277,0.06497956
28278,0.062199496
28279,0.0599145
28280,0.061517715
28281,0.5668237
28282,0.061231773
28283,0.06160514
28284,0.060582895
28285,0.061977718
28286,0.060399223
28287,0.06627899
28288,0.06624504
28289,0.0599145
28290,0.06275419
28291,0.06769772
28292,0.06282327
28293,0.071640044
28294,0.064704925
28295,0.058940466
28296,0.2703353
28297,0.06512923
28298,0.05334699
28299,0.27223545
28300,0.63705784
28301,0.06497956
28302,0.06686783
28303,0.067075014
28304,0.07854901
28305,0.064217575
28306,0.05955104
28307,0.06581687
28308,0.06433416
28309,0.062083967
28310,0.06462766
28311,0.07556312
28312,0.078066304
28313,0.061876033
28314,0.06875284
28315,0.06484406
28316,0.06928364
28317,0.062741205
28318,0.064701125
28319,0.07322182
28320,0.066030145
28321,0.062034823
28322,0.06567675
28323,0.071539186
28324,0.08168298
28325,0.060737558
28326,0.66428083
28327,0.2745485
28328,0.26769
28329,0.059156317
28330,0.07160497
28331,0.061412387
28332,0.06156314
28333,0.058627002
28334,0.0668468
28335,0.064694196
28336,0.06508059
28337,0.066082716
28338,0.05847209
28339,0.062083967
28340,0.06676515
28341,0.068772964
28342,0.06505134
28343,0.061259948
28344,0.06497956
28345,0.0639902
28346,0.06566787
28347,0.06924737
28348,0.2765506
28349,0.622548
28350,0.07373279
28351,0.06189266
28352,0.07270116
28353,0.062336035
28354,0.06473948
28355,0.063739166
28356,0.068788834
28357,0.061008427
28358,0.061666623
28359,0.614727
28360,0.06954744
28361,0.061279472
28362,0.06729904
28363,0.0623599
28364,0.066796586
28365,0.06875124
28366,0.058860242
28367,0.06996548
28368,0.064180516
28369,0.65660566
28370,0.06185785
28371,0.05696945
28372,0.05951518
28373,0.6314065
28374,0.06971519
28375,0.061667632
28376,0.7003657
28377,0.061008427
28378,0.068076015
28379,0.27668297
28380,0.10542967
28381,0.06504482
28382,0.06291711
28383,0.064597994
28384,0.056810386
28385,0.06254809
28386,0.06517237
28387,0.074475765
28388,0.07180221
28389,0.060811695
28390,0.077028625
28391,0.075074665
28392,0.063739166
28393,0.066420965
28394,0.065322824
28395,0.06368674
28396,0.06875124
28397,0.06838366
28398,0.6227082
28399,0.06612489
28400,0.07548632
28401,0.06460499
28402,0.067492895
28403,0.6203994
28404,0.06733273
28405,0.064885646
28406,0.061955214
28407,0.06019548
28408,0.64185
28409,0.06254809
28410,0.066932954
28411,0.57547915
28412,0.27601027
28413,0.06020547
28414,0.06581687
28415,0.06020547
28416,0.70424914
28417,0.62438506
28418,0.063601695
28419,0.060578685
28420,0.064597994
28421,0.07891879
28422,0.0626268
28423,0.057373177
28424,0.059371185
28425,0.60810345
28426,0.062720634
28427,0.07144308
28428,0.06607977
28429,0.064597994
28430,0.06645709
28431,0.061946567
28432,0.63670754
28433,0.06668634
28434,0.57547915
28435,0.065169185
28436,0.06913376
28437,0.26772895
28438,0.056906242
28439,0.06195941
28440,0.0724706
28441,0.07930079
28442,0.06339996
28443,0.06020547
28444,0.60239244
28445,0.2779411
28446,0.06810347
28447,0.27124947
28448,0.06948619
28449,0.27260208
28450,0.6402266
28451,0.6183447
28452,0.27109194
28453,0.27657187
28454,0.06442373
28455,0.62825525
28456,0.5318588
28457,0.6390794
28458,0.0668468
28459,0.07854901
28460,0.27496827
28461,0.06484406
28462,0.062063552
28463,0.05962458
28464,0.06185785
28465,0.05847209
28466,0.06562891
28467,0.06717885
28468,0.061189212
28469,0.06664658
28470,0.2739814
28471,0.058310684
28472,0.0620565
28473,0.06448401
28474,0.06505134
28475,0.27293435
28476,0.27496827
28477,0.065251954
28478,0.06552694
28479,0.28115407
28480,0.06452314
28481,0.059831508
28482,0.49167624
28483,0.53179115
28484,0.72869533
28485,0.06323281
28486,0.06704399
28487,0.066830084
28488,0.07173655
28489,0.6425576
28490,0.06551762
28491,0.06068317
28492,0.06091284
28493,0.06429974
28494,0.06759749
28495,0.06144616
28496,0.06543221
28497,0.06950251
28498,0.063533515
28499,0.06462766
28500,0.57399106
28501,0.055925693
28502,0.059727527
28503,0.06571687
28504,0.06807256
28505,0.06487731
28506,0.06862428
28507,0.30136073
28508,0.27601027
28509,0.038678095
28510,0.27032351
28511,0.06160514
28512,0.06527534
28513,0.57331264
28514,0.55592734
28515,0.8282358
28516,0.06504482
28517,0.07147512
28518,0.08757395
28519,0.68346775
28520,0.06875124
28521,0.27040225
28522,0.07052629
28523,0.064679794
28524,0.06612489
28525,0.062349364
28526,0.058577407
28527,0.06195941
28528,0.05099641
28529,0.6328509
28530,0.7701532
28531,0.2727754
28532,0.06875284
28533,0.06425808
28534,0.07128703
28535,0.058628395
28536,0.059025723
28537,0.06452206
28538,0.061714537
28539,0.06564377
28540,0.066082716
28541,0.064679794
28542,0.057311717
28543,0.61607414
28544,0.5318588
28545,0.6067965
28546,0.07906845
28547,0.06194693
28548,0.28665394
28549,0.06460499
28550,0.6170965
28551,0.06775894
28552,0.06681899
28553,0.065582745
28554,0.06452206
28555,0.067780405
28556,0.07322182
28557,0.074187875
28558,0.5578626
28559,0.6350507
28560,0.05703986
28561,0.05286858
28562,0.06876885
28563,0.06633929
28564,0.06263046
28565,0.61217177
28566,0.26874968
28567,0.06614663
28568,0.058999985
28569,0.08443001
28570,0.06535709
28571,0.06633929
28572,0.27155036
28573,0.61171865
28574,0.2763687
28575,0.07286024
28576,0.053282563
28577,0.06543221
28578,0.06937742
28579,0.06847408
28580,0.27137253
28581,0.06972223
28582,0.06756882
28583,0.07494557
28584,0.071539186
28585,0.63067967
28586,0.6004076
28587,0.26769
28588,0.28019324
28589,0.06344502
28590,0.067870244
28591,0.06928364
28592,0.6599778
28593,0.07173655
28594,0.06189889
28595,0.07900171
28596,0.077028625
28597,0.27076495
28598,0.066283405
28599,0.27200663
28600,0.28015137
28601,0.27144206
28602,0.27088043
28603,0.63608885
28604,0.06426219
28605,0.06463009
28606,0.061412387
28607,0.27200663
28608,0.061381835
28609,0.062156774
28610,0.27852115
28611,0.065548845
28612,0.059025723
28613,0.06852303
28614,0.06612489
28615,0.0719345
28616,0.6343358
28617,0.2740414
28618,0.26974738
28619,0.27006933
28620,0.06997879
28621,0.063601695
28622,0.27909705
28623,0.062279522
28624,0.060016144
28625,0.07170743
28626,0.064679794
28627,0.56272805
28628,0.27109194
28629,0.05911382
28630,0.5718753
28631,0.6469401
28632,0.068224646
28633,0.058577407
28634,0.06063889
28635,0.06089866
28636,0.0650113
28637,0.07128703
28638,0.07312905
28639,0.07180221
28640,0.06310923
28641,0.064449355
28642,0.060820546
28643,0.070917025
28644,0.6721155
28645,0.60033196
28646,0.6381665
28647,0.59994835
28648,0.8004912
28649,0.06342241
28650,0.0581526
28651,0.06643326
28652,0.06284709
28653,0.2978288
28654,0.07382051
28655,0.2673097
28656,0.06517237
28657,0.06063889
28658,0.06433416
28659,0.063533515
28660,0.066082716
28661,0.06199507
28662,0.06549221
28663,0.07900171
28664,0.07125882
28665,0.053282563
28666,0.06195769
28667,0.06442373
28668,0.059980113
28669,0.6007431
28670,0.0651393
28671,0.6636786
28672,0.64931077
28673,0.64879936
28674,0.28015137
28675,0.28320515
28676,0.065169185
28677,0.060829453
28678,0.0595692
28679,0.057699133
28680,0.0712461
28681,0.59261835
28682,0.060978796
28683,0.061883453
28684,0.3004767
28685,0.07178184
28686,0.27025244
28687,0.064694196
28688,0.067083456
28689,0.057353903
28690,0.070222475
28691,0.062156774
28692,0.06713265
28693,0.056830015
28694,0.62833506
28695,0.691638
28696,0.27732462
28697,0.615267
28698,0.6359086
28699,0.4837334
28700,0.0590401
28701,0.058122836
28702,0.05847209
28703,0.0679225
28704,0.06368674
28705,0.057419326
28706,0.27732462
28707,0.6370779
28708,0.063972674
28709,0.6370779
28710,0.283358
28711,0.068971485
28712,0.077452086
28713,0.057725195
28714,0.06020547
28715,0.05847209
28716,0.06567675
28717,0.07052629
28718,0.05741285
28719,0.60216373
28720,0.6702362
28721,0.62197274
28722,0.5839401
28723,0.29971135
28724,0.05917967
28725,0.27557167
28726,0.07180445
28727,0.066796586
28728,0.07267045
28729,0.06672801
28730,0.070181295
28731,0.059156317
28732,0.065582745
28733,0.6627784
28734,0.061490435
28735,0.06668634
28736,0.6485335
28737,0.0668468
28738,0.07178184
28739,0.059017386
28740,0.065009974
28741,0.27126032
28742,0.06219079
28743,0.06429974
28744,0.26879308
28745,0.26969773
28746,0.060588036
28747,0.07173655
28748,0.2707402
28749,0.0639902
28750,0.061977718
28751,0.059225816
28752,0.2653198
28753,0.06555623
28754,0.07180445
28755,0.067870244
28756,0.06870217
28757,0.06437177
28758,0.06563695
28759,0.057646688
28760,0.07522685
28761,0.05845453
28762,0.062336035
28763,0.06928364
28764,0.57527065
28765,0.6465717
28766,0.070222475
28767,0.10423479
28768,0.0668468
28769,0.06879088
28770,0.06802753
28771,0.06527173
28772,0.058099337
28773,0.0608304
28774,0.06924737
28775,0.06448436
28776,0.060588036
28777,0.06334052
28778,0.06928898
28779,0.06735522
28780,0.06473327
28781,0.061938547
28782,0.6331712
28783,0.06452206
28784,0.060219456
28785,0.068971485
28786,0.061593678
28787,0.7717758
28788,0.06734895
28789,0.06761052
28790,0.26996827
28791,0.06450385
28792,0.061593678
28793,0.065582745
28794,0.06089189
28795,0.27368847
28796,0.06858715
28797,0.061107017
28798,0.065831155
28799,0.07121487
28800,0.058714833
28801,0.063079074
28802,0.07306663
28803,0.056810386
28804,0.06610633
28805,0.05334699
28806,0.06996548
28807,0.070917025
28808,0.06645709
28809,0.07375034
28810,0.5064614
28811,0.06726136
28812,0.06508059
28813,0.062209554
28814,0.060812123
28815,0.06972223
28816,0.27025244
28817,0.06497756
28818,0.063079074
28819,0.065831155
28820,0.055915978
28821,0.06761052
28822,0.06184267
28823,0.06549221
28824,0.06650906
28825,0.6424704
28826,0.06323167
28827,0.060648702
28828,0.26974738
28829,0.058234695
28830,0.0668468
28831,0.06429974
28832,0.06992256
28833,0.6838045
28834,0.6255214
28835,0.06323167
28836,0.061593678
28837,0.07166643
28838,0.05950857
28839,0.06579218
28840,0.07024396
28841,0.07040361
28842,0.067347355
28843,0.06796136
28844,0.6085045
28845,0.053282563
28846,0.06567675
28847,0.068113245
28848,0.068613485
28849,0.06681899
28850,0.0620565
28851,0.06530619
28852,0.6467137
28853,0.066082716
28854,0.27533925
28855,0.06544502
28856,0.051974677
28857,0.062220916
28858,0.06466254
28859,0.07176898
28860,0.07118538
28861,0.067075014
28862,0.06734895
28863,0.05962458
28864,0.06473327
28865,0.06497956
28866,0.060273424
28867,0.06127744
28868,0.05690542
28869,0.061412387
28870,0.07270116
28871,0.06473327
28872,0.059371185
28873,0.061517715
28874,0.06759749
28875,0.06579615
28876,0.06503688
28877,0.057293355
28878,0.65434116
28879,0.062147237
28880,0.065191306
28881,0.06584188
28882,0.06566787
28883,0.07203632
28884,0.061958894
28885,0.056617767
28886,0.0702889
28887,0.28185758
28888,0.065169185
28889,0.060798444
28890,0.07038431
28891,0.07110599
28892,0.067075014
28893,0.0724706
28894,0.05892595
28895,0.061667632
28896,0.05290799
28897,0.06928898
28898,0.60810345
28899,0.057646688
28900,0.07166643
28901,0.05780098
28902,0.06992372
28903,0.059971947
28904,0.06500568
28905,0.25972247
28906,0.05784512
28907,0.060829453
28908,0.058805875
28909,0.064250655
28910,0.0605598
28911,0.061232407
28912,0.06755116
28913,0.061412387
28914,0.06530077
28915,0.06282327
28916,0.06735522
28917,0.067600295
28918,0.06858715
28919,0.06266856
28920,0.058669362
28921,0.06475729
28922,0.07122084
28923,0.066082716
28924,0.06081541
28925,0.06162668
28926,0.063379
28927,0.06284709
28928,0.077028625
28929,0.059368294
28930,0.071622096
28931,0.07173655
28932,0.060829453
28933,0.27368847
28934,0.062765725
28935,0.06160514
28936,0.06584188
28937,0.06373195
28938,0.0625987
28939,0.06478209
28940,0.07203632
28941,0.06789066
28942,0.067492895
28943,0.07178184
28944,0.061061375
28945,0.060811695
28946,0.06487731
28947,0.06286285
28948,0.067384385
28949,0.06429974
28950,0.06500568
28951,0.07313843
28952,0.054574598
28953,0.061203584
28954,0.06852303
28955,0.068725735
28956,0.06001863
28957,0.06584188
28958,0.07049329
28959,0.06457442
28960,0.06156314
28961,0.058060646
28962,0.071640044
28963,0.55992776
28964,0.07180445
28965,0.06653021
28966,0.27382314
28967,0.06291711
28968,0.06713265
28969,0.064180516
28970,0.0651165
28971,0.066932954
28972,0.06527445
28973,0.08113157
28974,0.06900267
28975,0.06924737
28976,0.059360195
28977,0.064250655
28978,0.071622096
28979,0.060578685
28980,0.065322824
28981,0.06457442
28982,0.071640044
28983,0.06413151
28984,0.06755116
28985,0.0668468
28986,0.06610633
28987,0.069133036
28988,0.06610633
28989,0.06753084
28990,0.07180221
28991,0.061714537
28992,0.06672801
28993,0.07024396
28994,0.056617767
28995,0.066932954
28996,0.06545518
28997,0.2915361
28998,0.2710696
28999,0.0605598
29000,0.06254809
29001,0.084334515
29002,0.07900171
29003,0.073223114
29004,0.065517105
29005,0.065506056
29006,0.06607018
29007,0.062470328
29008,0.0722143
29009,0.06435098
29010,0.06135902
29011,0.061484624
29012,0.061024304
29013,0.06898977
29014,0.062389564
29015,0.27267268
29016,0.06610223
29017,0.06365814
29018,0.26639605
29019,0.6156324
29020,0.064238854
29021,0.27748507
29022,0.066944174
29023,0.6562357
29024,0.059914064
29025,0.2907155
29026,0.077463344
29027,0.06398116
29028,0.08891601
29029,0.065399885
29030,0.063571185
29031,0.0634214
29032,0.05646616
29033,0.05975653
29034,0.5624857
29035,0.27806276
29036,0.063550316
29037,0.061233744
29038,0.27002022
29039,0.06423936
29040,0.067732334
29041,0.07522106
29042,0.06369902
29043,0.073013104
29044,0.2755765
29045,0.6685068
29046,0.62692857
29047,0.067360125
29048,0.061329585
29049,0.06660444
29050,0.27131346
29051,0.061833877
29052,0.061433915
29053,0.06806961
29054,0.06594243
29055,0.06035826
29056,0.6440382
29057,0.058960676
29058,0.26839718
29059,0.6709397
29060,0.066639036
29061,0.06391178
29062,0.593426
29063,0.071458034
29064,0.26662442
29065,0.059521083
29066,0.058721494
29067,0.062272437
29068,0.061283898
29069,0.06322608
29070,0.061833877
29071,0.27250287
29072,0.07381418
29073,0.064534955
29074,0.06732617
29075,0.2651894
29076,0.062827624
29077,0.06990138
29078,0.06709453
29079,0.07407307
29080,0.056940954
29081,0.06490166
29082,0.05992863
29083,0.053527426
29084,0.060544968
29085,0.062097006
29086,0.6271571
29087,0.069674164
29088,0.06340236
29089,0.06733586
29090,0.06511452
29091,0.06829105
29092,0.6312679
29093,0.062389564
29094,0.06674656
29095,0.6922631
29096,0.69303095
29097,0.06427217
29098,0.06749168
29099,0.06196871
29100,0.044207998
29101,0.061375108
29102,0.0631577
29103,0.063843034
29104,0.08478521
29105,0.0653486
29106,0.061881028
29107,0.06491147
29108,0.26639605
29109,0.61443293
29110,0.057808932
29111,0.0735523
29112,0.055944715
29113,0.8455871
29114,0.06241339
29115,0.06043471
29116,0.08095213
29117,0.061909143
29118,0.064395905
29119,0.6359554
29120,0.057301093
29121,0.06608354
29122,0.06292526
29123,0.06504605
29124,0.063498065
29125,0.06351016
29126,0.06511452
29127,0.061204173
29128,0.06934159
29129,0.06185931
29130,0.06348224
29131,0.059147008
29132,0.064435415
29133,0.07315384
29134,0.064087205
29135,0.06762916
29136,0.06136918
29137,0.059158962
29138,0.28279248
29139,0.059404016
29140,0.06854254
29141,0.05726331
29142,0.062065978
29143,0.06652925
29144,0.0645546
29145,0.065913655
29146,0.06635779
29147,0.06511452
29148,0.26170823
29149,0.26996362
29150,0.060150575
29151,0.061404478
29152,0.06635779
29153,0.06146763
29154,0.11564274
29155,0.06377047
29156,0.060655426
29157,0.061404478
29158,0.06431194
29159,0.06870314
29160,0.063292146
29161,0.064572394
29162,0.06241866
29163,0.06500282
29164,0.2755765
29165,0.05678549
29166,0.5558843
29167,0.50868475
29168,0.59207577
29169,0.05453916
29170,0.06206375
29171,0.06854254
29172,0.06415963
29173,0.06608238
29174,0.27467176
29175,0.06535374
29176,0.57188535
29177,0.06610223
29178,0.062139403
29179,0.06578877
29180,0.06504605
29181,0.062244803
29182,0.072303124
29183,0.05789387
29184,0.067637436
29185,0.06638961
29186,0.060177725
29187,0.059624895
29188,0.06755534
29189,0.05969979
29190,0.06330035
29191,0.26799166
29192,0.06534098
29193,0.065146945
29194,0.60415715
29195,0.63711286
29196,0.07188771
29197,0.08065752
29198,0.057120953
29199,0.06562373
29200,0.0644514
29201,0.06066673
29202,0.06777845
29203,0.06386098
29204,0.061893083
29205,0.07292385
29206,0.06466561
29207,0.060066994
29208,0.060248673
29209,0.06426705
29210,0.06442186
29211,0.060711395
29212,0.0722143
29213,0.0771585
29214,0.06427217
29215,0.06627127
29216,0.06224366
29217,0.058721494
29218,0.06328873
29219,0.06627127
29220,0.056192156
29221,0.066944174
29222,0.57274544
29223,0.27450818
29224,0.2631296
29225,0.05911479
29226,0.063201375
29227,0.060471706
29228,0.065517105
29229,0.06495861
29230,0.07091162
29231,0.06864246
29232,0.062396485
29233,0.06610223
29234,0.06492042
29235,0.06416338
29236,0.06837623
29237,0.06567331
29238,0.06302032
29239,0.07161016
29240,0.06448599
29241,0.06473896
29242,0.06497243
29243,0.060655426
29244,0.6364127
29245,0.064360425
29246,0.06791969
29247,0.060271602
29248,0.073013104
29249,0.06206375
29250,0.073013104
29251,0.0660381
29252,0.06434825
29253,0.062506296
29254,0.7628772
29255,0.06638961
29256,0.06146763
29257,0.061829686
29258,0.06898977
29259,0.06653953
29260,0.06365814
29261,0.065146945
29262,0.060246382
29263,0.26943532
29264,0.06709453
29265,0.06203335
29266,0.064363346
29267,0.683414
29268,0.069720514
29269,0.061204173
29270,0.7153286
29271,0.0730494
29272,0.2738301
29273,0.27426443
29274,0.065517105
29275,0.060150575
29276,0.06837623
29277,0.06638961
29278,0.05726331
29279,0.066808924
29280,0.063363634
29281,0.28319612
29282,0.06814185
29283,0.09781826
29284,0.06198814
29285,0.06975476
29286,0.07227193
29287,0.06975476
29288,0.06487878
29289,0.09535265
29290,0.06693261
29291,0.06679883
29292,0.28537795
29293,0.064363346
29294,0.0485165
29295,0.06877075
29296,0.06433682
29297,0.6773802
29298,0.0735523
29299,0.06158327
29300,0.0722143
29301,0.06528861
29302,0.6489987
29303,0.06351016
29304,0.06392546
29305,0.6350793
29306,0.26778153
29307,0.062403426
29308,0.06674656
29309,0.057105422
29310,0.64091486
29311,0.6014649
29312,0.059255302
29313,0.06578877
29314,0.06837623
29315,0.06683296
29316,0.060471706
29317,0.064940915
29318,0.0654933
29319,0.57039654
29320,0.068061516
29321,0.0771585
29322,0.062081877
29323,0.061894607
29324,0.06358866
29325,0.06487878
29326,0.60902476
29327,0.060946368
29328,0.63259727
29329,0.0771585
29330,0.06888997
29331,0.2724857
29332,0.059404016
29333,0.065517105
29334,0.06553183
29335,0.05646616
29336,0.062065978
29337,0.06242502
29338,0.6498761
29339,0.28158137
29340,0.059021607
29341,0.6200561
29342,0.06945778
29343,0.2832121
29344,0.56580734
29345,0.6556423
29346,0.28257647
29347,0.27798343
29348,0.07608392
29349,0.6178119
29350,0.5403013
29351,0.5852287
29352,0.062506296
29353,0.32035297
29354,0.05607878
29355,0.060190488
29356,0.06472984
29357,0.06610223
29358,0.06517817
29359,0.06671437
29360,0.07161016
29361,0.06683296
29362,0.27920732
29363,0.077463344
29364,0.07995596
29365,0.061589047
29366,0.06302032
29367,0.2651894
29368,0.6156324
29369,0.061485775
29370,0.063323505
29371,0.2731345
29372,0.07608392
29373,0.07249803
29374,0.6123486
29375,0.56083006
29376,0.63155
29377,0.060246382
29378,0.06431165
29379,0.06510231
29380,0.06685194
29381,0.6303114
29382,0.058347728
29383,0.067637436
29384,0.06975476
29385,0.06791969
29386,0.075746685
29387,0.06439007
29388,0.06659604
29389,0.7792443
29390,0.06806961
29391,0.06788847
29392,0.06487878
29393,0.061522353
29394,0.06683296
29395,0.06380303
29396,0.6274479
29397,0.2710885
29398,0.067955494
29399,0.26313192
29400,0.06342724
29401,0.07230471
29402,0.6308188
29403,0.5796301
29404,0.5993821
29405,0.06314506
29406,0.27163383
29407,0.06185931
29408,0.06424511
29409,0.6514511
29410,0.063531026
29411,0.26580337
29412,0.11301291
29413,0.06821494
29414,0.05822916
29415,0.06439007
29416,0.06554968
29417,0.063784085
29418,0.064435415
29419,0.6498761
29420,0.61686766
29421,0.26989588
29422,0.06480193
29423,0.06382117
29424,0.06433682
29425,0.062651575
29426,0.067009315
29427,0.07249803
29428,0.059914064
29429,0.29900193
29430,0.06380303
29431,0.06863506
29432,0.067086875
29433,0.062556826
29434,0.6114631
29435,0.651743
29436,0.5688825
29437,0.061551686
29438,0.062651575
29439,0.6180927
29440,0.6316056
29441,0.063930556
29442,0.067086875
29443,0.07230471
29444,0.061909143
29445,0.06351016
29446,0.061452042
29447,0.7808874
29448,0.66087985
29449,0.0771585
29450,0.06877075
29451,0.058638796
29452,0.06377047
29453,0.058660585
29454,0.651743
29455,0.27467424
29456,0.06081439
29457,0.06084707
29458,0.057138633
29459,0.063719474
29460,0.06435098
29461,0.7628772
29462,0.5626646
29463,0.27379254
29464,0.06382845
29465,0.062341977
29466,0.067086875
29467,0.064118825
29468,0.064021245
29469,0.065146945
29470,0.06638961
29471,0.0684552
29472,0.0642298
29473,0.06432817
29474,0.057120953
29475,0.06056289
29476,0.71193373
29477,0.58708435
29478,0.27158022
29479,0.2696835
29480,0.06391178
29481,0.06659604
29482,0.057115268
29483,0.58802474
29484,0.060896948
29485,0.059914064
29486,0.0579141
29487,0.06934159
29488,0.0682451
29489,0.06422743
29490,0.7108041
29491,0.26602384
29492,0.064572394
29493,0.5294599
29494,0.054563176
29495,0.0630736
29496,0.06350932
29497,0.26944995
29498,0.09535265
29499,0.06652925
29500,0.5934542
29501,0.0643339
29502,0.06487331
29503,0.0624534
29504,0.05873423
29505,0.27975962
29506,0.6397087
29507,0.27379254
29508,0.5568373
29509,0.28436035
29510,0.07398619
29511,0.06179315
29512,0.60818285
29513,0.06002749
29514,0.06733586
29515,0.064534955
29516,0.06567331
29517,0.7089978
29518,0.277109
29519,0.06563221
29520,0.6319669
29521,0.7108041
29522,0.06635779
29523,0.27944142
29524,0.068061516
29525,0.056940954
29526,0.060444918
29527,0.061802782
29528,0.06418981
29529,0.057120953
29530,0.061404478
29531,0.061802782
29532,0.07161016
29533,0.6395366
29534,0.61686766
29535,0.7333127
29536,0.64545393
29537,0.6217097
29538,0.064435415
29539,0.062426142
29540,0.07092132
29541,0.27695343
29542,0.27104282
29543,0.067360125
29544,0.06585825
29545,0.06504605
29546,0.06482005
29547,0.06427375
29548,0.06938736
29549,0.06391178
29550,0.06302032
29551,0.0771585
29552,0.067637436
29553,0.06468016
29554,0.061204173
29555,0.07157517
29556,0.6223565
29557,0.30057415
29558,0.5744561
29559,0.6149398
29560,0.60769254
29561,0.2643308
29562,0.061124343
29563,0.0607903
29564,0.06528861
29565,0.060904015
29566,0.063363634
29567,0.064360425
29568,0.069065094
29569,0.69138575
29570,0.0645546
29571,0.061894607
29572,0.06563891
29573,0.06701337
29574,0.27607316
29575,0.08478521
29576,0.06035826
29577,0.061256353
29578,0.06490166
29579,0.07735574
29580,0.065913655
29581,0.06431194
29582,0.053527426
29583,0.64427066
29584,0.63082576
29585,0.27485123
29586,0.6513092
29587,0.6069038
29588,0.6518693
29589,0.058960676
29590,0.06628919
29591,0.06725951
29592,0.06483631
29593,0.06354061
29594,0.059021607
29595,0.06594243
29596,0.06455065
29597,0.6322448
29598,0.06964537
29599,0.62421334
29600,0.062470328
29601,0.06627127
29602,0.06527216
29603,0.06266625
29604,0.057120953
29605,0.066866316
29606,0.071091205
29607,0.06448599
29608,0.064679414
29609,0.6446678
29610,0.5783214
29611,0.6597509
29612,0.60986173
29613,0.64563245
29614,0.2833089
29615,0.2742181
29616,0.061522353
29617,0.05839374
29618,0.061256353
29619,0.0688446
29620,0.057138633
29621,0.064204566
29622,0.08061012
29623,0.06302032
29624,0.6178119
29625,0.06585825
29626,0.06424511
29627,0.072303124
29628,0.56607014
29629,0.066059865
29630,0.06456792
29631,0.27278107
29632,0.05678549
29633,0.060654897
29634,0.2779971
29635,0.27250287
29636,0.06854254
29637,0.061376654
29638,0.06395844
29639,0.067732334
29640,0.060321275
29641,0.065913655
29642,0.061116673
29643,0.060682297
29644,0.27991584
29645,0.06562373
29646,0.06709453
29647,0.063930556
29648,0.07735574
29649,0.07608392
29650,0.0688446
29651,0.07034607
29652,0.062638946
29653,0.06334751
29654,0.27395815
29655,0.6325482
29656,0.06418981
29657,0.06898977
29658,0.06709453
29659,0.073856965
29660,0.065279655
29661,0.06510231
29662,0.05872526
29663,0.06564289
29664,0.066099286
29665,0.06002633
29666,0.06517622
29667,0.06610223
29668,0.06635859
29669,0.06448599
29670,0.05120147
29671,0.58697855
29672,0.06292526
29673,0.06185931
29674,0.06231697
29675,0.06407854
29676,0.5776143
29677,0.073248066
29678,0.06354061
29679,0.27191606
29680,0.06135902
29681,0.059083212
29682,0.07410094
29683,0.06277329
29684,0.28004944
29685,0.06565873
29686,0.067510985
29687,0.06407854
29688,0.07181174
29689,0.061829686
29690,0.06554968
29691,0.0760476
29692,0.06471823
29693,0.06120177
29694,0.06434825
29695,0.06517622
29696,0.058976192
29697,0.060655426
29698,0.6397087
29699,0.060456887
29700,0.0607903
29701,0.06892517
29702,0.06870314
29703,0.07181174
29704,0.06203335
29705,0.27021566
29706,0.07161016
29707,0.06333583
29708,0.06427375
29709,0.057895005
29710,0.06503448
29711,0.069567166
29712,0.06487196
29713,0.06009703
29714,0.5916022
29715,0.06552544
29716,0.07356037
29717,0.06476939
29718,0.07181174
29719,0.07494523
29720,0.065506056
29721,0.27806237
29722,0.62416273
29723,0.058347728
29724,0.061065607
29725,0.061690733
29726,0.06563891
29727,0.06870314
29728,0.08095213
29729,0.06877075
29730,0.06728545
29731,0.06732617
29732,0.5587348
29733,0.06595494
29734,0.064940915
29735,0.063573174
29736,0.05802737
29737,0.056940954
29738,0.066761985
29739,0.56037647
29740,0.061829686
29741,0.29900193
29742,0.066838674
29743,0.061433915
29744,0.06864246
29745,0.06297858
29746,0.06448734
29747,0.056400314
29748,0.065348305
29749,0.06975476
29750,0.064769864
29751,0.07066824
29752,0.06574873
29753,0.06268763
29754,0.05646616
29755,0.067042
29756,0.062339805
29757,0.059614364
29758,0.06455065
29759,0.06056289
29760,0.06758834
29761,0.6709657
29762,0.05911479
29763,0.06679883
29764,0.060655426
29765,0.06746979
29766,0.060598534
29767,0.0652117
29768,0.07112013
29769,0.060544968
29770,0.555058
29771,0.061485775
29772,0.061433915
29773,0.062396485
29774,0.06081439
29775,0.06554968
29776,0.06565873
29777,0.06563891
29778,0.06383213
29779,0.10749165
29780,0.066866316
29781,0.06733586
29782,0.07763626
29783,0.058638796
29784,0.06105591
29785,0.64006245
29786,0.05220883
29787,0.060814217
29788,0.065967694
29789,0.059021607
29790,0.06585868
29791,0.06659604
29792,0.06455065
29793,0.06497243
29794,0.061589047
29795,0.062231354
29796,0.059404016
29797,0.27104282
29798,0.064087205
29799,0.12810624
29800,0.057895005
29801,0.07188771
29802,0.06564138
29803,0.06479171
29804,0.060150575
29805,0.28175342
29806,0.67182904
29807,0.06691024
29808,0.06442186
29809,0.0682278
29810,0.06469757
29811,0.06725843
29812,0.070259035
29813,0.0630736
29814,0.066358805
29815,0.06821494
29816,0.06562373
29817,0.057105422
29818,0.07161016
29819,0.061205488
29820,0.06679883
29821,0.06627127
29822,0.06777845
29823,0.2710885
29824,0.06198814
29825,0.06597519
29826,0.065506056
29827,0.062097006
29828,0.06302032
29829,0.06679883
29830,0.073013104
29831,0.06510231
29832,0.058347728
29833,0.062447373
29834,0.06386693
29835,0.06442186
29836,0.068819396
29837,0.06356563
29838,0.067384645
29839,0.06354061
29840,0.06084707
29841,0.062638946
29842,0.06291051
29843,0.06714655
29844,0.066761985
29845,0.07295005
29846,0.066636026
29847,0.06482005
29848,0.07394819
29849,0.05726331
29850,0.06135902
29851,0.061522353
29852,0.066636026
29853,0.06946107
29854,0.627561
29855,0.062343773
29856,0.0645273
29857,0.07295005
29858,0.06811432
29859,0.061522353
29860,0.06508728
29861,0.07070523
29862,0.06445397
29863,0.062272437
29864,0.06968419
29865,0.06718681
29866,0.08499236
29867,0.060904015
29868,0.06588384
29869,0.06574739
29870,0.061376654
29871,0.065414764
29872,0.06587007
29873,0.26296923
29874,0.06105591
29875,0.06136918
29876,0.06684521
29877,0.063550316
29878,0.070351094
29879,0.06535633
29880,0.060298096
29881,0.05706639
29882,0.06683296
29883,0.058488376
29884,0.06758834
29885,0.062878974
29886,0.277109
29887,0.27379254
29888,0.07381418
29889,0.06224366
29890,0.059914064
29891,0.06158327
29892,0.059925806
29893,0.059076864
29894,0.064066894
29895,0.06223694
29896,0.05982469
29897,0.063292235
29898,0.0670007
29899,0.07135101
29900,0.066794835
29901,0.060875528
29902,0.063116126
29903,0.07669523
29904,0.06032555
29905,0.27883548
29906,0.65271455
29907,0.060677037
29908,0.26947582
29909,0.067250185
29910,0.2696821
29911,0.06343353
29912,0.26965913
29913,0.06482663
29914,0.060777307
29915,0.06560061
29916,0.067258574
29917,0.06727923
29918,0.06552439
29919,0.270027
29920,0.063292235
29921,0.66825134
29922,0.2648003
29923,0.06153106
29924,0.27131298
29925,0.06999792
29926,0.07086924
29927,0.06313769
29928,0.09502113
29929,0.2663168
29930,0.6356397
29931,0.6122769
29932,0.06460834
29933,0.055358235
29934,0.06183672
29935,0.06446622
29936,0.06290998
29937,0.06235227
29938,0.05954826
29939,0.061771333
29940,0.060838856
29941,0.062897354
29942,0.07572622
29943,0.53543055
29944,0.266724
29945,0.6475906
29946,0.6031793
29947,0.058814842
29948,0.64401865
29949,0.0644514
29950,0.062104624
29951,0.06005554
29952,0.07572622
29953,0.06331625
29954,0.07639579
29955,0.07101001
29956,0.07669523
29957,0.0651674
29958,0.065197915
29959,0.061907187
29960,0.06368135
29961,0.2763454
29962,0.06587541
29963,0.05954269
29964,0.06332769
29965,0.06280829
29966,0.06292029
29967,0.062104624
29968,0.07150523
29969,0.28244483
29970,0.06724726
29971,0.064197876
29972,0.066203535
29973,0.065509506
29974,0.06022382
29975,0.62831116
29976,0.061412193
29977,0.0679848
29978,0.063916616
29979,0.06339203
29980,0.27496004
29981,0.05909804
29982,0.06724726
29983,0.060297333
29984,0.062050376
29985,0.06756198
29986,0.06399575
29987,0.0698659
29988,0.06509831
29989,0.06274361
29990,0.060948145
29991,0.2702756
29992,0.28285483
29993,0.06460702
29994,0.6350622
29995,0.08503975
29996,0.063586034
29997,0.2707602
29998,0.061592136
29999,0.061158903
30000,0.06242707
30001,0.27638406
30002,0.060587592
30003,0.058449004
30004,0.27622014
30005,0.6120405
30006,0.06424524
30007,0.063748814
30008,0.067379706
30009,0.06287866
30010,0.07557258
30011,0.052895606
30012,0.07669523
30013,0.06378136
30014,0.059148744
30015,0.06282464
30016,0.0590155
30017,0.059219427
30018,0.05561937
30019,0.06507049
30020,0.05727947
30021,0.061329935
30022,0.064881355
30023,0.05618199
30024,0.059448224
30025,0.05906801
30026,0.26867995
30027,0.06480195
30028,0.06751401
30029,0.063284926
30030,0.060706094
30031,0.06795937
30032,0.068813086
30033,0.055440765
30034,0.059093118
30035,0.06657044
30036,0.7771142
30037,0.6759287
30038,0.059565205
30039,0.06560061
30040,0.0698659
30041,0.059886318
30042,0.062835634
30043,0.06346821
30044,0.06382688
30045,0.07859687
30046,0.052637134
30047,0.27103767
30048,0.058954176
30049,0.060706094
30050,0.072289236
30051,0.2609032
30052,0.06038797
30053,0.27051455
30054,0.2669349
30055,0.6341859
30056,0.07370776
30057,0.11563721
30058,0.058339678
30059,0.06424503
30060,0.059007544
30061,0.2672517
30062,0.05997344
30063,0.6038311
30064,0.06331625
30065,0.07336051
30066,0.059779495
30067,0.066229865
30068,0.06391411
30069,0.05992539
30070,0.06670644
30071,0.06587541
30072,0.065376215
30073,0.06274361
30074,0.06717949
30075,0.057838064
30076,0.0712674
30077,0.06694332
30078,0.061808
30079,0.07598339
30080,0.6553211
30081,0.65658885
30082,0.06420239
30083,0.063960664
30084,0.07165709
30085,0.061251994
30086,0.06492013
30087,0.064066894
30088,0.06268914
30089,0.05856579
30090,0.06358392
30091,0.06318628
30092,0.06332769
30093,0.058072995
30094,0.064035885
30095,0.05889124
30096,0.06277416
30097,0.06373624
30098,0.06276502
30099,0.06638612
30100,0.06724726
30101,0.06627483
30102,0.06509831
30103,0.06456038
30104,0.074070804
30105,0.0590155
30106,0.27286407
30107,0.061318435
30108,0.6253268
30109,0.2663168
30110,0.2927549
30111,0.06426455
30112,0.063292235
30113,0.070288666
30114,0.06810138
30115,0.061329935
30116,0.058114007
30117,0.061984092
30118,0.06464194
30119,0.06769206
30120,0.054931764
30121,0.07246446
30122,0.052895606
30123,0.055208042
30124,0.06296912
30125,0.05766004
30126,0.062104616
30127,0.06265792
30128,0.061368447
30129,0.27582377
30130,0.60287446
30131,0.060948145
30132,0.06560061
30133,0.06379193
30134,0.06746009
30135,0.08796395
30136,0.06235227
30137,0.060875528
30138,0.058931038
30139,0.06994467
30140,0.27922124
30141,0.059218466
30142,0.06751401
30143,0.06373624
30144,0.062357057
30145,0.061318435
30146,0.066229865
30147,0.061482
30148,0.06265792
30149,0.2663168
30150,0.05561937
30151,0.058339678
30152,0.06437207
30153,0.67501354
30154,0.052637134
30155,0.05709692
30156,0.266322
30157,0.06808779
30158,0.2707602
30159,0.27141386
30160,0.06332649
30161,0.0615664
30162,0.06316951
30163,0.06493982
30164,0.05996768
30165,0.06265784
30166,0.068813086
30167,0.063671544
30168,0.066285
30169,0.054457095
30170,0.064560935
30171,0.08340976
30172,0.0823974
30173,0.06488382
30174,0.06694781
30175,0.06557253
30176,0.068549015
30177,0.06235227
30178,0.26792488
30179,0.050855406
30180,0.061676744
30181,0.060952265
30182,0.061984092
30183,0.5901265
30184,0.08503975
30185,0.062413584
30186,0.06319088
30187,0.059925806
30188,0.67324567
30189,0.0660674
30190,0.061007857
30191,0.5536891
30192,0.27003434
30193,0.06163026
30194,0.066124685
30195,0.05660697
30196,0.05954826
30197,0.06510698
30198,0.5837899
30199,0.618186
30200,0.060123112
30201,0.06319268
30202,0.060838856
30203,0.05852161
30204,0.070740685
30205,0.06032555
30206,0.06789418
30207,0.6572659
30208,0.06203191
30209,0.059886318
30210,0.0712674
30211,0.061069537
30212,0.05523938
30213,0.27026
30214,0.6403128
30215,0.058585156
30216,0.6810085
30217,0.062753685
30218,0.08032313
30219,0.67520565
30220,0.06317672
30221,0.06231749
30222,0.068884365
30223,0.06746061
30224,0.063364156
30225,0.06627483
30226,0.6091121
30227,0.28438684
30228,0.06231749
30229,0.60897535
30230,0.08503975
30231,0.2648003
30232,0.65106696
30233,0.6460616
30234,0.056760732
30235,0.0655653
30236,0.06757983
30237,0.62434745
30238,0.67958385
30239,0.6581168
30240,0.06639282
30241,0.061499655
30242,0.059257664
30243,0.06290787
30244,0.063877
30245,0.0660674
30246,0.061069537
30247,0.062357057
30248,0.0623257
30249,0.065197915
30250,0.05800765
30251,0.06292878
30252,0.0590155
30253,0.06789418
30254,0.2672517
30255,0.28397486
30256,0.06566974
30257,0.06279028
30258,0.58255947
30259,0.062266722
30260,0.56407964
30261,0.6617486
30262,0.57668287
30263,0.059779495
30264,0.06540673
30265,0.0617153
30266,0.055358235
30267,0.5998543
30268,0.05914795
30269,0.06254236
30270,0.058802277
30271,0.05591167
30272,0.058432806
30273,0.058802277
30274,0.057187617
30275,0.06354201
30276,0.6491998
30277,0.07086924
30278,0.08503975
30279,0.05954826
30280,0.0754904
30281,0.06899786
30282,0.06670717
30283,0.26853988
30284,0.25947624
30285,0.061944652
30286,0.27103767
30287,0.06864137
30288,0.059082538
30289,0.68321
30290,0.7120344
30291,0.57233155
30292,0.2680193
30293,0.059441943
30294,0.066124685
30295,0.55967975
30296,0.06431707
30297,0.05906801
30298,0.061053075
30299,0.062634386
30300,0.061158903
30301,0.0617832
30302,0.06994671
30303,0.061944652
30304,0.056134135
30305,0.7118464
30306,0.696713
30307,0.27312115
30308,0.062413584
30309,0.05801526
30310,0.059257664
30311,0.06393712
30312,0.061347004
30313,0.06510698
30314,0.054931764
30315,0.13084826
30316,0.06369872
30317,0.062104624
30318,0.06627483
30319,0.6099632
30320,0.6463983
30321,0.6757086
30322,0.07165893
30323,0.059148744
30324,0.59915423
30325,0.059093118
30326,0.61675096
30327,0.06239314
30328,0.066229865
30329,0.055208042
30330,0.060648583
30331,0.05759045
30332,0.06238194
30333,0.59915423
30334,0.58585805
30335,0.06276502
30336,0.062171668
30337,0.056818362
30338,0.0712674
30339,0.06684911
30340,0.8050071
30341,0.28244483
30342,0.059007544
30343,0.057812743
30344,0.063278764
30345,0.06318628
30346,0.062986255
30347,0.06668138
30348,0.27125707
30349,0.6454967
30350,0.28101498
30351,0.058814842
30352,0.06213477
30353,0.06810138
30354,0.06081417
30355,0.060586594
30356,0.06436945
30357,0.07336051
30358,0.05715883
30359,0.05591167
30360,0.06498105
30361,0.07070485
30362,0.7797775
30363,0.762654
30364,0.270201
30365,0.057654113
30366,0.06327948
30367,0.06141164
30368,0.06282254
30369,0.58462554
30370,0.06279028
30371,0.061412193
30372,0.06368884
30373,0.055130105
30374,0.06746061
30375,0.06498105
30376,0.28247023
30377,0.6375309
30378,0.27929872
30379,0.26950273
30380,0.6031793
30381,0.061477967
30382,0.07101001
30383,0.05709429
30384,0.29748043
30385,0.06485343
30386,0.0741263
30387,0.5588262
30388,0.06534724
30389,0.06702469
30390,0.064075686
30391,0.050855406
30392,0.26254174
30393,0.63707083
30394,0.2752018
30395,0.6435737
30396,0.27589893
30397,0.06507049
30398,0.0636457
30399,0.629204
30400,0.061361272
30401,0.059305985
30402,0.06153106
30403,0.05664427
30404,0.6548435
30405,0.26977378
30406,0.062615804
30407,0.62345535
30408,0.26541865
30409,0.07572622
30410,0.062512204
30411,0.067379706
30412,0.0616646
30413,0.059094712
30414,0.06005554
30415,0.06271214
30416,0.06445804
30417,0.06027787
30418,0.07165893
30419,0.06204337
30420,0.062445864
30421,0.5941479
30422,0.67724735
30423,0.6293897
30424,0.27106956
30425,0.6333312
30426,0.06223694
30427,0.060706094
30428,0.06460702
30429,0.06534724
30430,0.6319122
30431,0.057478342
30432,0.061909933
30433,0.05768439
30434,0.061206028
30435,0.052454844
30436,0.06447441
30437,0.061347004
30438,0.071660966
30439,0.05618199
30440,0.06271214
30441,0.06488382
30442,0.0679848
30443,0.071660966
30444,0.0629231
30445,0.059682216
30446,0.64401865
30447,0.27811256
30448,0.61862624
30449,0.67560315
30450,0.7150293
30451,0.7543549
30452,0.29880512
30453,0.05986681
30454,0.065376215
30455,0.05985676
30456,0.07570582
30457,0.060677037
30458,0.06148066
30459,0.6120405
30460,0.069677606
30461,0.06183672
30462,0.26302445
30463,0.06445804
30464,0.2692328
30465,0.0675789
30466,0.06148484
30467,0.061251994
30468,0.05523938
30469,0.061329935
30470,0.07301351
30471,0.06697314
30472,0.7270634
30473,0.65238804
30474,0.27131298
30475,0.5118371
30476,0.6099632
30477,0.67540145
30478,0.057989888
30479,0.055208042
30480,0.061835736
30481,0.059979275
30482,0.06393853
30483,0.058814842
30484,0.06203191
30485,0.06852295
30486,0.5778291
30487,0.060916808
30488,0.6874591
30489,0.062357057
30490,0.064075686
30491,0.06153912
30492,0.062963426
30493,0.06325561
30494,0.07817322
30495,0.061661206
30496,0.061973516
30497,0.06657044
30498,0.57655835
30499,0.7624695
30500,0.6333312
30501,0.6259188
30502,0.6756214
30503,0.06013223
30504,0.27945876
30505,0.064610995
30506,0.061302144
30507,0.057989888
30508,0.06377185
30509,0.05996768
30510,0.06284907
30511,0.06291041
30512,0.0660674
30513,0.06459475
30514,0.2679366
30515,0.06462045
30516,0.06724726
30517,0.29540277
30518,0.057812743
30519,0.06282254
30520,0.58115804
30521,0.06004294
30522,0.27029574
30523,0.26194337
30524,0.061575647
30525,0.058789954
30526,0.06319268
30527,0.061732363
30528,0.06379193
30529,0.061575647
30530,0.056134135
30531,0.061984092
30532,0.05715883
30533,0.2663168
30534,0.061771333
30535,0.06560061
30536,0.063284926
30537,0.061984092
30538,0.06393853
30539,0.05337377
30540,0.062283877
30541,0.06459475
30542,0.5526592
30543,0.5618007
30544,0.06235227
30545,0.06858034
30546,0.06373624
30547,0.060875528
30548,0.06382688
30549,0.067258574
30550,0.07817322
30551,0.06327906
30552,0.062178653
30553,0.06141164
30554,0.058339678
30555,0.0681324
30556,0.062634386
30557,0.05515389
30558,0.7054023
30559,0.057654113
30560,0.0592693
30561,0.05789497
30562,0.06319268
30563,0.059710305
30564,0.66888314
30565,0.06235227
30566,0.06560061
30567,0.28101498
30568,0.06428045
30569,0.06424503
30570,0.06710204
30571,0.05664427
30572,0.060777307
30573,0.14991772
30574,0.06382629
30575,0.27408263
30576,0.06377185
30577,0.07624281
30578,0.061477967
30579,0.062573485
30580,0.06238194
30581,0.06179479
30582,0.06325692
30583,0.064881355
30584,0.06683777
30585,0.07650013
30586,0.27514863
30587,0.06005554
30588,0.06153106
30589,0.07165893
30590,0.06015445
30591,0.06303491
30592,0.27680457
30593,0.06203191
30594,0.27248937
30595,0.09805662
30596,0.060739547
30597,0.066124685
30598,0.0737793
30599,0.064497866
30600,0.059682216
30601,0.61245054
30602,0.06346821
30603,0.27586782
30604,0.0640991
30605,0.06724726
30606,0.06629791
30607,0.06146211
30608,0.26541865
30609,0.64789224
30610,0.2706418
30611,0.06298859
30612,0.06456797
30613,0.068884365
30614,0.06310626
30615,0.062445864
30616,0.061430812
30617,0.061361272
30618,0.6142166
30619,0.064484045
30620,0.0651674
30621,0.052895606
30622,0.06013223
30623,0.05997344
30624,0.059710305
30625,0.06460702
30626,0.060403835
30627,0.6759287
30628,0.06849123
30629,0.27250108
30630,0.060030736
30631,0.061931394
30632,0.062357057
30633,0.08503975
30634,0.06393712
30635,0.06342825
30636,0.06203191
30637,0.067935154
30638,0.06141164
30639,0.068549015
30640,0.072329745
30641,0.055066038
30642,0.068549015
30643,0.06358392
30644,0.057478342
30645,0.058519244
30646,0.060403835
30647,0.066794835
30648,0.059093118
30649,0.062413584
30650,0.6265401
30651,0.06596926
30652,0.07256459
30653,0.070971034
30654,0.06325692
30655,0.06268082
30656,0.07669523
30657,0.06268082
30658,0.06377855
30659,0.2868299
30660,0.06238194
30661,0.055694077
30662,0.05986681
30663,0.071698666
30664,0.06296912
30665,0.066229865
30666,0.0636457
30667,0.060030736
30668,0.27328244
30669,0.07526577
30670,0.06515301
30671,0.5852576
30672,0.06378868
30673,0.061368447
30674,0.06267893
30675,0.057812743
30676,0.06276502
30677,0.06081417
30678,0.05523938
30679,0.06446677
30680,0.2632466
30681,0.06420239
30682,0.06309964
30683,0.063071854
30684,0.05768439
30685,0.064191125
30686,0.2713382
30687,0.06619343
30688,0.06268082
30689,0.06163026
30690,0.065750755
30691,0.06612802
30692,0.06323718
30693,0.07101001
30694,0.27067265
30695,0.06100867
30696,0.059565205
30697,0.06040066
30698,0.06391411
30699,0.07817322
30700,0.053154465
30701,0.0675789
30702,0.11143336
30703,0.07071944
30704,0.06509831
30705,0.07017829
30706,0.06320097
30707,0.06331625
30708,0.06627483
30709,0.06292878
30710,0.26867995
30711,0.06052408
30712,0.062634386
30713,0.06238194
30714,0.06399974
30715,0.0698659
30716,0.064610995
30717,0.058072995
30718,0.057989888
30719,0.06746061
30720,0.083932616
30721,0.0679848
30722,0.06482274
30723,0.058802277
30724,0.06383839
30725,0.05954269
30726,0.061944652
30727,0.06328693
30728,0.06447441
30729,0.062558286
30730,0.05889124
30731,0.053898774
30732,0.062283877
30733,0.061909933
30734,0.06032555
30735,0.06328693
30736,0.065197915
30737,0.06239314
30738,0.06343353
30739,0.06999792
30740,0.60983336
30741,0.05709692
30742,0.057989888
30743,0.0636457
30744,0.07817322
30745,0.060875528
30746,0.058114007
30747,0.06027787
30748,0.07017179
30749,0.06631048
30750,0.06683777
30751,0.06379193
30752,0.066124685
30753,0.06323718
30754,0.06344859
30755,0.06279824
30756,0.06100867
30757,0.068813086
30758,0.06265792
30759,0.06593411
30760,0.06769206
30761,0.06627483
30762,0.06045438
30763,0.062178653
30764,0.060976774
30765,0.059925806
30766,0.06445804
30767,0.0675789
30768,0.059082538
30769,0.06588051
30770,0.06509831
30771,0.062573485
30772,0.063364156
30773,0.06368884
30774,0.06004294
30775,0.5688211
30776,0.27177155
30777,0.063071854
30778,0.062753685
30779,0.06638612
30780,0.058841933
30781,0.063960664
30782,0.07158352
30783,0.06841039
30784,0.06576391
30785,0.058931116
30786,0.05917157
30787,0.06592541
30788,0.069922335
30789,0.062454503
30790,0.063895226
30791,0.06291515
30792,0.06291515
30793,0.07088207
30794,0.6588466
30795,0.057729807
30796,0.06163523
30797,0.66768926
30798,0.59353054
30799,0.076171346
30800,0.28656316
30801,0.0619058
30802,0.69945735
30803,0.06408783
30804,0.06348436
30805,0.06493851
30806,0.06274785
30807,0.26051837
30808,0.060514912
30809,0.062311135
30810,0.06285128
30811,0.6478664
30812,0.062863566
30813,0.60271645
30814,0.28287935
30815,0.062311135
30816,0.28315923
30817,0.060679354
30818,0.06768928
30819,0.060724936
30820,0.061115485
30821,0.06292727
30822,0.06333204
30823,0.061173037
30824,0.58897454
30825,0.6490785
30826,0.67361885
30827,0.07191973
30828,0.0626723
30829,0.0626723
30830,0.5580322
30831,0.065613985
30832,0.060966652
30833,0.07523872
30834,0.26462096
30835,0.06422313
30836,0.565541
30837,0.2767868
30838,0.2942208
30839,0.7150951
30840,0.063021705
30841,0.061734453
30842,0.6161296
30843,0.07026306
30844,0.059768386
30845,0.06573169
30846,0.07109002
30847,0.061624367
30848,0.06340705
30849,0.060097154
30850,0.06704965
30851,0.28193796
30852,0.071876906
30853,0.06042002
30854,0.06087089
30855,0.28468207
30856,0.063481465
30857,0.066647105
30858,0.05833416
30859,0.06632035
30860,0.05551777
30861,0.06815187
30862,0.058896482
30863,0.062313054
30864,0.062270895
30865,0.6752875
30866,0.055098783
30867,0.05529181
30868,0.07106385
30869,0.060277883
30870,0.05608852
30871,0.6742944
30872,0.06822829
30873,0.072122894
30874,0.59611523
30875,0.27448404
30876,0.06573169
30877,0.06291553
30878,0.08293516
30879,0.06787673
30880,0.059440624
30881,0.06340051
30882,0.058392845
30883,0.06267169
30884,0.2812492
30885,0.69398284
30886,0.27313745
30887,0.06287332
30888,0.058934465
30889,0.6736402
30890,0.057957537
30891,0.061265174
30892,0.066792004
30893,0.06173764
30894,0.055098783
30895,0.06453026
30896,0.28404284
30897,0.64649135
30898,0.06637842
30899,0.07351881
30900,0.06719701
30901,0.056683734
30902,0.06244142
30903,0.06625016
30904,0.059759427
30905,0.057655353
30906,0.05622411
30907,0.070990294
30908,0.059720688
30909,0.070231706
30910,0.06217613
30911,0.05812008
30912,0.06294609
30913,0.06265753
30914,0.06338034
30915,0.061339136
30916,0.06204748
30917,0.2746343
30918,0.062317587
30919,0.06326692
30920,0.072940834
30921,0.07220695
30922,0.065205306
30923,0.05802207
30924,0.07144713
30925,0.085337065
30926,0.56365657
30927,0.2734291
30928,0.07088207
30929,0.06902592
30930,0.06034847
30931,0.062129688
30932,0.065428294
30933,0.063242614
30934,0.059743583
30935,0.27057016
30936,0.067945346
30937,0.0693996
30938,0.06841039
30939,0.06034847
30940,0.059768386
30941,0.60271645
30942,0.6505204
30943,0.6091443
30944,0.06781976
30945,0.058934465
30946,0.06298245
30947,0.06608508
30948,0.06223461
30949,0.27057016
30950,0.06704965
30951,0.64378405
30952,0.057732046
30953,0.060679354
30954,0.061143298
30955,0.06746017
30956,0.06426024
30957,0.064790964
30958,0.06273088
30959,0.06749202
30960,0.12780863
30961,0.061054416
30962,0.068180375
30963,0.06704965
30964,0.06070704
30965,0.072940834
30966,0.06749202
30967,0.07171432
30968,0.065456025
30969,0.6535556
30970,0.6846841
30971,0.06223461
30972,0.07103976
30973,0.06473205
30974,0.06243806
30975,0.061659973
30976,0.065205306
30977,0.06200988
30978,0.063232124
30979,0.07710522
30980,0.05571669
30981,0.059423074
30982,0.056148518
30983,0.060642898
30984,0.06453026
30985,0.062953055
30986,0.06909769
30987,0.062313054
30988,0.070401594
30989,0.073800795
30990,0.075325854
30991,0.05632481
30992,0.06473205
30993,0.0699237
30994,0.05766411
30995,0.058392845
30996,0.29311487
30997,0.28650108
30998,0.26407683
30999,0.064380616
31000,0.06909329
31001,0.069688246
31002,0.054964267
31003,0.06669748
31004,0.060834933
31005,0.0610281
31006,0.072940834
31007,0.066533275
31008,0.0662261
31009,0.05560452
31010,0.063261986
31011,0.059670698
31012,0.060337745
31013,0.054927927
31014,0.065093614
31015,0.057190936
31016,0.07106385
31017,0.0610281
31018,0.062953055
31019,0.061295252
31020,0.06174225
31021,0.27739435
31022,0.63203615
31023,0.06057896
31024,0.05712027
31025,0.058462147
31026,0.06087089
31027,0.06516246
31028,0.05998469
31029,0.062190942
31030,0.28538066
31031,0.06974986
31032,0.05540459
31033,0.05828638
31034,0.06576701
31035,0.06846375
31036,0.06391639
31037,0.07967919
31038,0.059785213
31039,0.06633542
31040,0.26392916
31041,0.062279135
31042,0.063427955
31043,0.057655353
31044,0.64469236
31045,0.05921983
31046,0.060995914
31047,0.2787929
31048,0.06469431
31049,0.28379008
31050,0.2784621
31051,0.06738332
31052,0.06846375
31053,0.07430165
31054,0.06298245
31055,0.06315302
31056,0.27948487
31057,0.059720688
31058,0.31079143
31059,0.06505012
31060,0.063233964
31061,0.07353967
31062,0.06715537
31063,0.06338902
31064,0.06286961
31065,0.06708459
31066,0.061143298
31067,0.064016804
31068,0.066533275
31069,0.06300931
31070,0.27609
31071,0.06372024
31072,0.056978803
31073,0.06586549
31074,0.072650276
31075,0.69945735
31076,0.06424956
31077,0.062458105
31078,0.06469431
31079,0.0651685
31080,0.64469236
31081,0.060724936
31082,0.06909769
31083,0.6673205
31084,0.2726063
31085,0.05523138
31086,0.057383813
31087,0.061337426
31088,0.05766411
31089,0.4588897
31090,0.6238713
31091,0.05802207
31092,0.06946908
31093,0.06715537
31094,0.26574156
31095,0.061396614
31096,0.06032697
31097,0.07191427
31098,0.7035608
31099,0.064790964
31100,0.059203435
31101,0.06831354
31102,0.06274785
31103,0.06221964
31104,0.06270611
31105,0.6975207
31106,0.060642898
31107,0.74356896
31108,0.05233216
31109,0.06658721
31110,0.277983
31111,0.057614468
31112,0.07491521
31113,0.069922335
31114,0.064055055
31115,0.07167054
31116,0.7134604
31117,0.2777332
31118,0.06639645
31119,0.2984616
31120,0.058462147
31121,0.2508945
31122,0.6662841
31123,0.6053217
31124,0.29025048
31125,0.06510771
31126,0.06296143
31127,0.6733606
31128,0.62063885
31129,0.65998405
31130,0.055078417
31131,0.063021705
31132,0.066089824
31133,0.06274896
31134,0.061624367
31135,0.06637842
31136,0.067234375
31137,0.07020408
31138,0.07491521
31139,0.075325854
31140,0.06189451
31141,0.062263075
31142,0.057842825
31143,0.065860614
31144,0.06576391
31145,0.063688904
31146,0.27812943
31147,0.2734291
31148,0.05653077
31149,0.060705677
31150,0.69801563
31151,0.06417281
31152,0.07474532
31153,0.60032725
31154,0.6176165
31155,0.6720551
31156,0.06753076
31157,0.06625016
31158,0.062129688
31159,0.63009167
31160,0.06583615
31161,0.05233216
31162,0.07738258
31163,0.061295252
31164,0.059423074
31165,0.05862575
31166,0.06608508
31167,0.06510211
31168,0.61362624
31169,0.06625016
31170,0.06029376
31171,0.064768925
31172,0.06244142
31173,0.06664786
31174,0.054654155
31175,0.61889285
31176,0.27910683
31177,0.059392147
31178,0.2628108
31179,0.05697317
31180,0.062144134
31181,1.0047393
31182,0.6391777
31183,0.6233998
31184,0.062313054
31185,0.25925264
31186,0.06841039
31187,0.058497123
31188,0.6676925
31189,0.06604394
31190,0.065428294
31191,0.07167054
31192,0.060097154
31193,0.06294609
31194,0.056820523
31195,0.06408783
31196,0.074006096
31197,0.060559236
31198,0.6662976
31199,0.58664894
31200,0.2722721
31201,0.062231727
31202,0.06453026
31203,0.058462147
31204,0.0573439
31205,0.06346297
31206,0.06753076
31207,0.06298853
31208,0.067240335
31209,0.074006096
31210,0.067574665
31211,0.06166646
31212,0.06163283
31213,0.65716666
31214,0.73930156
31215,0.6313556
31216,0.06960572
31217,0.06662043
31218,0.05126419
31219,0.60306233
31220,0.056820523
31221,0.061767664
31222,0.06493851
31223,0.069539145
31224,0.05812008
31225,0.06087089
31226,0.06261046
31227,0.6656108
31228,0.60320395
31229,0.0655785
31230,0.06675217
31231,0.0651685
31232,0.058906715
31233,0.06123252
31234,0.6081825
31235,0.27099395
31236,0.062397815
31237,0.06633542
31238,0.05921983
31239,0.06516246
31240,0.058843363
31241,0.06815187
31242,0.69398284
31243,0.67361885
31244,0.2787439
31245,0.060891695
31246,0.058082446
31247,0.058334015
31248,0.06715537
31249,0.06576391
31250,0.06029376
31251,0.06277917
31252,0.06294609
31253,0.064055055
31254,0.061265174
31255,0.06152097
31256,0.059039798
31257,0.057945244
31258,0.65155315
31259,0.64043295
31260,0.2732978
31261,0.07138957
31262,0.07026306
31263,0.061539937
31264,0.0619058
31265,0.5695629
31266,0.05780458
31267,0.06513398
31268,0.0636552
31269,0.06300566
31270,0.07015761
31271,0.062228613
31272,0.6399832
31273,0.27376053
31274,0.056016818
31275,0.70140284
31276,0.06514857
31277,0.06274785
31278,0.059759427
31279,0.2768522
31280,0.066484146
31281,0.06904927
31282,0.621097
31283,0.06608638
31284,0.06365555
31285,0.07213391
31286,0.056820523
31287,0.059043758
31288,0.7760151
31289,0.26939365
31290,0.67595434
31291,0.29311487
31292,0.07191427
31293,0.062190942
31294,0.28193796
31295,0.058471117
31296,0.06493851
31297,0.06558319
31298,0.065576084
31299,0.63559246
31300,0.63513386
31301,0.06514857
31302,0.6659697
31303,0.70579183
31304,0.06298853
31305,0.06220461
31306,0.065205306
31307,0.057614468
31308,0.064816326
31309,0.05926923
31310,0.06715537
31311,0.06298245
31312,0.06298853
31313,0.063378535
31314,0.06514857
31315,0.060705677
31316,0.64894396
31317,0.6297165
31318,0.6856102
31319,0.29141676
31320,0.65998524
31321,0.066199146
31322,0.060885757
31323,0.07707466
31324,0.06904927
31325,0.662979
31326,0.066959314
31327,0.059522223
31328,0.062317587
31329,0.06787673
31330,0.067240335
31331,0.059740078
31332,0.058183853
31333,0.076031454
31334,0.06274896
31335,0.061881594
31336,0.04959042
31337,0.061375167
31338,0.05984305
31339,0.06903296
31340,0.06243806
31341,0.06841039
31342,0.7179302
31343,0.26801968
31344,0.717637
31345,0.6742944
31346,0.8539488
31347,0.53479344
31348,0.2830202
31349,0.06296143
31350,0.061445106
31351,0.06675217
31352,0.08035578
31353,0.06768928
31354,0.6727378
31355,0.061734453
31356,0.06189692
31357,0.06274785
31358,0.06340051
31359,0.278122
31360,0.06240382
31361,0.06359547
31362,0.06296976
31363,0.058961123
31364,0.07026306
31365,0.6274358
31366,0.67872936
31367,0.26471242
31368,0.6042982
31369,0.5852685
31370,0.6313556
31371,0.071878314
31372,0.06886534
31373,0.055098783
31374,0.070231706
31375,0.059423074
31376,0.061459098
31377,0.062195413
31378,0.61654764
31379,0.07388667
31380,0.64311194
31381,0.06374932
31382,0.058843363
31383,0.06189513
31384,0.06741732
31385,0.2843818
31386,0.06453026
31387,0.061375167
31388,0.07491521
31389,0.063517414
31390,0.06746017
31391,0.5916901
31392,0.6747283
31393,0.54198676
31394,0.6483405
31395,0.5995214
31396,0.06456195
31397,0.2664252
31398,0.049942195
31399,0.069922335
31400,0.061143298
31401,0.05608852
31402,0.06286655
31403,0.06715537
31404,0.06265753
31405,0.07144713
31406,0.06434942
31407,0.6324596
31408,0.060559236
31409,0.05934118
31410,0.6287448
31411,0.067376964
31412,0.058590937
31413,0.26821694
31414,0.05963821
31415,0.06543534
31416,0.2664252
31417,0.2784621
31418,0.085337065
31419,0.06708459
31420,0.058082446
31421,0.06784689
31422,0.060179126
31423,0.059670698
31424,0.07138957
31425,0.066199146
31426,0.27221704
31427,0.07106385
31428,0.06697873
31429,0.0664328
31430,0.056820523
31431,0.061445106
31432,0.06372024
31433,0.06173764
31434,0.06670042
31435,0.06683474
31436,0.6077413
31437,0.651549
31438,0.061396614
31439,0.060834933
31440,0.06298853
31441,0.06303491
31442,0.060288265
31443,0.085337065
31444,0.06306856
31445,0.065074235
31446,0.05622411
31447,0.062215
31448,0.061659973
31449,0.06434942
31450,0.061734453
31451,0.06242678
31452,0.06622819
31453,0.6550747
31454,0.064751
31455,0.05854621
31456,0.060097154
31457,0.062458105
31458,0.059720688
31459,0.6069546
31460,0.06568134
31461,0.059044592
31462,0.06746017
31463,0.062722005
31464,0.05540459
31465,0.06841039
31466,0.0571865
31467,0.05560452
31468,0.06283523
31469,0.06453026
31470,0.07138957
31471,0.063021705
31472,0.063241504
31473,0.058138795
31474,0.07064504
31475,0.06449741
31476,0.06751936
31477,0.07535919
31478,0.06675217
31479,0.062499877
31480,0.059691336
31481,0.2726366
31482,0.05828638
31483,0.06888043
31484,0.06683474
31485,0.07082625
31486,0.06708459
31487,0.27853844
31488,0.06960572
31489,0.060834933
31490,0.06653544
31491,0.07167054
31492,0.069688246
31493,0.056683734
31494,0.061826
31495,0.07707466
31496,0.27970645
31497,0.07138957
31498,0.26476604
31499,0.07171432
31500,0.063885495
31501,0.06185273
31502,0.2688299
31503,0.7750226
31504,0.26821694
31505,0.062231727
31506,0.07035369
31507,0.063344985
31508,0.06288215
31509,0.0664328
31510,0.060995914
31511,0.063643254
31512,0.71335405
31513,0.06473205
31514,0.062279135
31515,0.054948945
31516,0.06374573
31517,0.06719701
31518,0.062297065
31519,0.06288215
31520,0.059491802
31521,0.70579183
31522,0.05870477
31523,0.27625722
31524,0.058414433
31525,0.060616743
31526,0.07357578
31527,0.06886534
31528,0.07535919
31529,0.05833416
31530,0.06649697
31531,0.072940834
31532,0.06796561
31533,0.06902592
31534,0.07064504
31535,0.06684392
31536,0.07213391
31537,0.05760759
31538,0.060515717
31539,0.06300566
31540,0.062190942
31541,0.07138957
31542,0.06683474
31543,0.061173037
31544,0.6459225
31545,0.07535919
31546,0.06223461
31547,0.06273354
31548,0.05921983
31549,0.06653544
31550,0.06605979
31551,0.057941053
31552,0.6525031
31553,0.057363413
31554,0.07035369
31555,0.054927927
31556,0.06391639
31557,0.063378535
31558,0.06886534
31559,0.0594963
31560,0.058138795
31561,0.059402287
31562,0.06369208
31563,0.06493851
31564,0.059423074
31565,0.6777029
31566,0.063242614
31567,0.05870477
31568,0.06746017
31569,0.062915176
31570,0.2726063
31571,0.058183853
31572,0.05780458
31573,0.060834933
31574,0.061337426
31575,0.06878693
31576,0.27892157
31577,0.06333204
31578,0.06286961
31579,0.057941053
31580,0.06976594
31581,0.066484146
31582,0.26574156
31583,0.2732978
31584,0.062231727
31585,0.064826645
31586,0.06513398
31587,0.06467278
31588,0.060966652
31589,0.06738332
31590,0.066075265
31591,0.056675836
31592,0.06291553
31593,0.08077586
31594,0.06513398
31595,0.060834933
31596,0.06240177
31597,0.07103976
31598,0.06432538
31599,0.27314904
31600,0.07426199
31601,0.06741732
31602,0.056016818
31603,0.06993866
31604,0.06484044
31605,0.044797104
31606,0.06186006
31607,0.06070704
31608,0.062746994
31609,0.053199105
31610,0.05800243
31611,0.067240335
31612,0.06123252
31613,0.06274896
31614,0.06152097
31615,0.062313054
31616,0.062313054
31617,0.060337745
31618,0.062129688
31619,0.056760915
31620,0.06715537
31621,0.06510091
31622,0.072724506
31623,0.6367008
31624,0.06449741
31625,0.06754592
31626,0.063884646
31627,0.062195413
31628,0.065093614
31629,0.062144026
31630,0.07088207
31631,0.06011847
31632,0.062144134
31633,0.06903296
31634,0.058497045
31635,0.062587865
31636,0.06034847
31637,0.062144134
31638,0.06428924
31639,0.06511025
31640,0.062953055
31641,0.059392147
31642,0.06861702
31643,0.06753076
31644,0.057732046
31645,0.056978803
31646,0.05529181
31647,0.059743583
31648,0.04959042
31649,0.06942852
31650,0.06608638
31651,0.06670042
31652,0.0650131
31653,0.062559366
31654,0.0699237
31655,0.068044364
31656,0.062953055
31657,0.06510091
31658,0.2678776
31659,0.071878314
31660,0.059039798
31661,0.062587865
31662,0.06120211
31663,0.06269155
31664,0.05797897
31665,0.07536183
31666,0.059606988
31667,0.06736029
31668,0.06679376
31669,0.06333924
31670,0.06297337
31671,0.06044421
31672,0.064244725
31673,0.06788336
31674,0.06596654
31675,0.6338427
31676,0.065685555
31677,0.27517658
31678,0.6943003
31679,0.6395059
31680,0.066228226
31681,0.06130843
31682,0.27471462
31683,0.06909263
31684,0.63269544
31685,0.060411077
31686,0.2668957
31687,0.068659745
31688,0.06704838
31689,0.26819482
31690,0.06880268
31691,0.27973118
31692,0.6195501
31693,0.26895997
31694,0.059631456
31695,0.065469734
31696,0.069044314
31697,0.057524167
31698,0.071596004
31699,0.066403866
31700,0.067003116
31701,0.060879555
31702,0.25486818
31703,0.59615886
31704,0.61758363
31705,0.06789176
31706,0.06295519
31707,0.07321392
31708,0.27938312
31709,0.06293449
31710,0.07321392
31711,0.06552513
31712,0.07025073
31713,0.6705281
31714,0.06458778
31715,0.2739817
31716,0.6413316
31717,0.06672613
31718,0.07525244
31719,0.8710483
31720,0.07161647
31721,0.067129254
31722,0.27093592
31723,0.06685376
31724,0.07321392
31725,0.069917955
31726,0.062080834
31727,0.066358425
31728,0.301202
31729,0.06321453
31730,0.06998583
31731,0.07025073
31732,0.06305355
31733,0.06672613
31734,0.2881114
31735,0.0624974
31736,0.06538738
31737,0.06788336
31738,0.06333924
31739,0.068650655
31740,0.063001335
31741,0.07283667
31742,0.058585875
31743,0.060879555
31744,0.06842411
31745,0.27825895
31746,0.06406605
31747,0.6279341
31748,0.063415796
31749,0.057048894
31750,0.06739164
31751,0.06133986
31752,0.06619285
31753,0.5741326
31754,0.06303875
31755,0.06747684
31756,0.62468684
31757,0.630423
31758,0.067229465
31759,0.069040276
31760,0.058715425
31761,0.057524167
31762,0.0611801
31763,0.06886265
31764,0.059790134
31765,0.070768744
31766,0.057574343
31767,0.55719894
31768,0.61171865
31769,0.27123034
31770,0.06343623
31771,0.063445486
31772,0.093559034
31773,0.074445546
31774,0.060221776
31775,0.667205
31776,0.0666135
31777,0.06349448
31778,0.06387916
31779,0.06107179
31780,0.058715425
31781,0.2831294
31782,0.58383566
31783,0.06830742
31784,0.07806769
31785,0.06593597
31786,0.069948696
31787,0.09901851
31788,0.06611884
31789,0.093559034
31790,0.29467964
31791,0.08043
31792,0.0650634
31793,0.06107179
31794,0.06325534
31795,0.07049253
31796,0.06372146
31797,0.073163755
31798,0.06668437
31799,0.06667392
31800,0.06225341
31801,0.2776595
31802,0.057768453
31803,0.0682945
31804,0.06323755
31805,0.06679376
31806,0.06731431
31807,0.062299546
31808,0.06331671
31809,0.06298365
31810,0.0681267
31811,0.067973524
31812,0.57908165
31813,0.68913376
31814,0.056251165
31815,0.05867322
31816,0.08656196
31817,0.055840246
31818,0.06277388
31819,0.06765708
31820,0.06614863
31821,0.0576697
31822,0.074445546
31823,0.26949975
31824,0.056415156
31825,0.067129254
31826,0.0636764
31827,0.061560348
31828,0.062609285
31829,0.60108197
31830,0.27097994
31831,0.2814485
31832,0.06292466
31833,0.055597134
31834,0.044777244
31835,0.06130843
31836,0.06486961
31837,0.62345165
31838,0.056171723
31839,0.63287795
31840,0.059576713
31841,0.0685021
31842,0.061560348
31843,0.06905927
31844,0.07161647
31845,0.057873316
31846,0.059484378
31847,0.064639285
31848,0.071008734
31849,0.05974465
31850,0.058561813
31851,0.06675325
31852,0.0650634
31853,0.06293449
31854,0.06277388
31855,0.27368405
31856,0.5889405
31857,0.061847676
31858,0.06379636
31859,0.056967907
31860,0.06838284
31861,0.06663689
31862,0.066358425
31863,0.04644535
31864,0.059356514
31865,0.068972036
31866,0.06372146
31867,0.056251165
31868,0.06830661
31869,0.05633975
31870,0.061764423
31871,0.0872953
31872,0.067255154
31873,0.06694429
31874,0.0664777
31875,0.058585875
31876,0.067229465
31877,0.05603094
31878,0.074502066
31879,0.06865984
31880,0.069917955
31881,0.06579664
31882,0.06273074
31883,0.062988244
31884,0.5808798
31885,0.58475703
31886,0.26949975
31887,0.07072414
31888,0.06685316
31889,0.06520757
31890,0.063834384
31891,0.06292466
31892,0.06736029
31893,0.08491298
31894,0.06397856
31895,0.069762826
31896,0.06470207
31897,0.067593835
31898,0.06905927
31899,0.068153836
31900,0.049309187
31901,0.06328525
31902,0.07199697
31903,0.06865984
31904,0.07403701
31905,0.056390878
31906,0.05867322
31907,0.06217695
31908,0.066317566
31909,0.057685446
31910,0.07025073
31911,0.5680412
31912,0.059749622
31913,0.05752061
31914,0.059409168
31915,0.08643514
31916,0.06130843
31917,0.062495615
31918,0.06214416
31919,0.06720343
31920,0.2708281
31921,0.0658654
31922,0.07148161
31923,0.06748644
31924,0.06519932
31925,0.06694429
31926,0.06702349
31927,0.06235151
31928,0.06726663
31929,0.27681443
31930,0.06830661
31931,0.06357502
31932,0.07452941
31933,0.61198133
31934,0.06672613
31935,0.060430545
31936,0.2704041
31937,0.06044421
31938,0.072161265
31939,0.28999937
31940,0.07283667
31941,0.07055703
31942,0.061447285
31943,0.06356107
31944,0.0687105
31945,0.06667392
31946,0.06791308
31947,0.06376778
31948,0.06473931
31949,0.06489506
31950,0.09577841
31951,0.06376778
31952,0.0634261
31953,0.06781864
31954,0.064269565
31955,0.05565231
31956,0.06619285
31957,0.067003116
31958,0.06838284
31959,0.27140817
31960,0.059576713
31961,0.06842411
31962,0.055427272
31963,0.27421716
31964,0.26563784
31965,0.069040276
31966,0.0687105
31967,0.057831068
31968,0.06119782
31969,0.6156271
31970,0.07578054
31971,0.071446896
31972,0.607264
31973,0.26618558
31974,0.06386917
31975,0.074502066
31976,0.064636
31977,0.059459634
31978,0.07199038
31979,0.639098
31980,0.5808798
31981,0.06519932
31982,0.061377678
31983,0.27462116
31984,0.27210456
31985,0.06752999
31986,0.061731823
31987,0.5413912
31988,0.055597134
31989,0.070223644
31990,0.066247195
31991,0.065612204
31992,0.14209154
31993,0.58210605
31994,0.063001335
31995,0.06736029
31996,0.5741326
31997,0.061764423
31998,0.06935563
31999,0.28176588
32000,0.0681267
32001,0.059606988
32002,0.063001335
32003,0.071446896
32004,0.064636
32005,0.064873785
32006,0.06580117
32007,0.61678463
32008,0.060021978
32009,0.06321943
32010,0.6195804
32011,0.068700485
32012,0.06480657
32013,0.6463893
32014,0.64350545
32015,0.05578215
32016,0.06370583
32017,0.063095905
32018,0.60653865
32019,0.6982718
32020,0.60008544
32021,0.06649078
32022,0.06909263
32023,0.28248024
32024,0.06694397
32025,0.06886265
32026,0.06314595
32027,0.05624684
32028,0.06838284
32029,0.06720343
32030,0.06458778
32031,0.046281047
32032,0.06116442
32033,0.06348878
32034,0.06343623
32035,0.07250843
32036,0.26510537
32037,0.27638867
32038,0.061210964
32039,0.26711464
32040,0.0658654
32041,0.06541574
32042,0.63569003
32043,0.71849877
32044,0.68946016
32045,0.06946502
32046,0.060221776
32047,0.060021978
32048,0.6582388
32049,0.060221776
32050,0.061276022
32051,0.06699144
32052,0.0658654
32053,0.067395955
32054,0.068153836
32055,0.070768744
32056,0.64656055
32057,0.07339787
32058,0.06374659
32059,0.06605265
32060,0.06370583
32061,0.056569446
32062,0.0872953
32063,0.6013058
32064,0.2697615
32065,0.062464338
32066,0.26987958
32067,0.06638987
32068,0.06390964
32069,0.65687644
32070,0.58650815
32071,0.6097025
32072,0.06876744
32073,0.0687105
32074,0.062299546
32075,0.57145387
32076,0.061550573
32077,0.27793247
32078,0.07132703
32079,0.06368218
32080,0.06517083
32081,0.06073272
32082,0.06691778
32083,0.073163755
32084,0.06314595
32085,0.62345165
32086,0.61186594
32087,0.2705863
32088,0.063209
32089,0.05521883
32090,0.06295519
32091,0.057574343
32092,0.06776669
32093,0.067782514
32094,0.27093592
32095,0.055874106
32096,0.058585875
32097,0.068972036
32098,0.06622263
32099,0.6393484
32100,0.60719794
32101,0.59615886
32102,0.06692278
32103,0.06044421
32104,0.27663398
32105,0.644616
32106,0.06942828
32107,0.058832288
32108,0.06848162
32109,0.06715373
32110,0.06341806
32111,0.07072414
32112,0.6191957
32113,0.67047787
32114,0.092386894
32115,0.057580583
32116,0.06731431
32117,0.061557006
32118,0.05962105
32119,0.2779697
32120,0.2752922
32121,0.15234569
32122,0.056164756
32123,0.06414966
32124,0.056436338
32125,0.059631456
32126,0.06946143
32127,0.6582388
32128,0.59328496
32129,0.27239498
32130,0.061847676
32131,0.08021186
32132,0.07164225
32133,0.06458843
32134,0.06330576
32135,0.2697901
32136,0.05621952
32137,0.063768856
32138,0.07554942
32139,0.08021186
32140,0.06868138
32141,0.071650445
32142,0.06509874
32143,0.62468684
32144,0.6395793
32145,0.27317172
32146,0.078207724
32147,0.068652324
32148,0.06758153
32149,0.06397142
32150,0.6152647
32151,0.067255154
32152,0.065579124
32153,0.06456503
32154,0.06909263
32155,0.07013451
32156,0.069607235
32157,0.06702349
32158,0.60030526
32159,0.6502383
32160,0.10825179
32161,0.6959234
32162,0.06638987
32163,0.063834384
32164,0.27638867
32165,0.070223644
32166,0.07073897
32167,0.06717686
32168,0.7158836
32169,0.05867322
32170,0.07422179
32171,0.072567485
32172,0.06556306
32173,0.06418482
32174,0.64028984
32175,0.6169013
32176,0.5982478
32177,0.7219291
32178,0.06731431
32179,0.04772884
32180,0.6095926
32181,0.06694429
32182,0.06962312
32183,0.047543824
32184,0.06692278
32185,0.70029825
32186,0.27293646
32187,0.07199038
32188,0.6046296
32189,0.27130997
32190,0.107871376
32191,0.068972036
32192,0.062010217
32193,0.072161265
32194,0.06770682
32195,0.06235469
32196,0.06647805
32197,0.044777244
32198,0.056129064
32199,0.06319213
32200,0.58073413
32201,0.5808798
32202,0.5884885
32203,0.5868008
32204,0.5987397
32205,0.06509874
32206,0.06679376
32207,0.06459322
32208,0.2771001
32209,0.6049992
32210,0.06274339
32211,0.06593318
32212,0.06372146
32213,0.06702233
32214,0.06669698
32215,0.07806769
32216,0.060930748
32217,0.07972822
32218,0.056967907
32219,0.07128527
32220,0.06667644
32221,0.06824834
32222,0.06606265
32223,0.067229465
32224,0.5982478
32225,0.2735254
32226,0.70005095
32227,0.6357245
32228,0.607081
32229,0.61549926
32230,0.27698916
32231,0.06332684
32232,0.06748644
32233,0.07393443
32234,0.057459723
32235,0.059790134
32236,0.061557006
32237,0.06880268
32238,0.5956456
32239,0.06486961
32240,0.0680784
32241,0.07459286
32242,0.061764423
32243,0.06593597
32244,0.06385683
32245,0.064029306
32246,0.0664553
32247,0.066205606
32248,0.061557006
32249,0.068650655
32250,0.08215917
32251,0.6385092
32252,0.6442519
32253,0.2666506
32254,0.6692001
32255,0.61719054
32256,0.6005893
32257,0.06293453
32258,0.07143642
32259,0.06341806
32260,0.06760659
32261,0.06884109
32262,0.064639285
32263,0.07339787
32264,0.06824834
32265,0.6097025
32266,0.06375774
32267,0.65171796
32268,0.06388463
32269,0.06240935
32270,0.054538947
32271,0.06891792
32272,0.067217216
32273,0.06538738
32274,0.068659745
32275,0.06474051
32276,0.06566327
32277,0.66355073
32278,0.77994174
32279,0.7462774
32280,0.6392483
32281,0.6713723
32282,0.06686277
32283,0.27096403
32284,0.06371524
32285,0.06332684
32286,0.06381287
32287,0.062609285
32288,0.057873316
32289,0.0677459
32290,0.06708789
32291,0.09901851
32292,0.27210456
32293,0.066751696
32294,0.06326044
32295,0.639098
32296,0.055597134
32297,0.06822938
32298,0.062299546
32299,0.0671577
32300,0.07239722
32301,1.0302589
32302,0.0680784
32303,0.26577598
32304,0.065111585
32305,0.06770682
32306,0.0671577
32307,0.06321453
32308,0.06989755
32309,0.05826775
32310,0.065612204
32311,0.06473931
32312,0.06579205
32313,0.061210964
32314,0.26867458
32315,0.06909263
32316,0.063453935
32317,0.064269565
32318,0.061176695
32319,0.06708789
32320,0.06702349
32321,0.060930748
32322,0.062508546
32323,0.06331671
32324,0.06348629
32325,0.60108197
32326,0.607264
32327,0.06702349
32328,0.06391469
32329,0.06691778
32330,0.057882287
32331,0.07321392
32332,0.06361214
32333,0.28248024
32334,0.059749622
32335,0.066233374
32336,0.06862291
32337,0.07906708
32338,0.06073272
32339,0.067229465
32340,0.06190858
32341,0.06295519
32342,0.6056276
32343,0.06946143
32344,0.0694025
32345,0.071596004
32346,0.06841611
32347,0.107871376
32348,0.62256116
32349,0.058401406
32350,0.06113563
32351,0.27370164
32352,0.058848053
32353,0.059484378
32354,0.06672613
32355,0.06942828
32356,0.06863351
32357,0.0687105
32358,0.06910884
32359,0.273084
32360,0.06584556
32361,0.061081916
32362,0.06233816
32363,0.06679376
32364,0.067660026
32365,0.06556306
32366,0.06295519
32367,0.06874593
32368,0.061377678
32369,0.06718893
32370,0.27638867
32371,0.06538738
32372,0.06667392
32373,0.06736029
32374,0.06470207
32375,0.06569571
32376,0.27973118
32377,0.0658173
32378,0.27354506
32379,0.107255414
32380,0.07403701
32381,0.07972822
32382,0.06372146
32383,0.061582696
32384,0.0671577
32385,0.6597178
32386,0.06788336
32387,0.06225341
32388,0.06470207
32389,0.07025073
32390,0.06694429
32391,0.06438177
32392,0.29467964
32393,0.6219863
32394,0.27499524
32395,0.0680784
32396,0.060221776
32397,0.06404859
32398,0.062233698
32399,0.06388463
32400,0.06295519
32401,0.061764423
32402,0.6982718
32403,0.059484378
32404,0.07193562
32405,0.0668902
32406,0.05869069
32407,0.07321392
32408,0.06544163
32409,0.06349448
32410,0.60108197
32411,0.06748644
32412,0.26791477
32413,0.06319213
32414,0.07164225
32415,0.06325534
32416,0.06708789
32417,0.06638987
32418,0.08643514
32419,0.06743073
32420,0.06476145
32421,0.059459634
32422,0.06357502
32423,0.06726663
32424,0.07049253
32425,0.06328525
32426,0.0680784
32427,0.059409168
32428,0.07942785
32429,0.08293438
32430,0.062080834
32431,0.06841611
32432,0.056251165
32433,0.0679166
32434,0.07250753
32435,0.5934414
32436,0.06679376
32437,0.060879555
32438,0.066205606
32439,0.069141954
32440,0.06520757
32441,0.07422179
32442,0.06487836
32443,0.05451704
32444,0.6214991
32445,0.06839311
32446,0.07548239
32447,0.26982608
32448,0.06113563
32449,0.06214416
32450,0.07630712
32451,0.067003116
32452,0.063001335
32453,0.61149395
32454,0.06748644
32455,0.06116442
32456,0.057580583
32457,0.06830661
32458,0.05633975
32459,0.0650634
32460,0.66335833
32461,0.062010217
32462,0.06891271
32463,0.06928405
32464,0.06691778
32465,0.060986087
32466,0.049309187
32467,0.0576697
32468,0.06511047
32469,0.06685376
32470,0.06343623
32471,0.055082303
32472,0.27535522
32473,0.26873323
32474,0.063453935
32475,0.06371524
32476,0.069044314
32477,0.06758788
32478,0.06116442
32479,0.06593597
32480,0.0681267
32481,0.056164756
32482,0.07013451
32483,0.072567485
32484,0.05797897
32485,0.07972822
32486,0.26623648
32487,0.04811511
32488,0.0680784
32489,0.05565231
32490,0.06387916
32491,0.066247195
32492,0.06486961
32493,0.078442685
32494,0.053336214
32495,0.07236408
32496,0.07199038
32497,0.0636764
32498,0.06142235
32499,0.08720572
32500,0.062010217
32501,0.06225341
32502,0.06231686
32503,0.06720343
32504,0.06748644
32505,0.059576713
32506,0.060324058
32507,0.064029306
32508,0.091063745
32509,0.061873812
32510,0.06824834
32511,0.059356514
32512,0.06708789
32513,0.2773381
32514,0.0650634
32515,0.056569446
32516,0.07049253
32517,0.06614863
32518,0.063204214
32519,0.06830661
32520,0.062582046
32521,0.06321453
32522,0.06685376
32523,0.064983174
32524,0.06614863
32525,0.06747836
32526,0.062637806
32527,0.06470207
32528,0.059606988
32529,0.062062763
32530,0.06418186
32531,0.05521883
32532,0.06293688
32533,0.06830742
32534,0.064639285
32535,0.06672613
32536,0.05867322
32537,0.058171928
32538,0.06874593
32539,0.061613183
32540,0.065685555
32541,0.062083393
32542,0.10800817
32543,0.06480657
32544,0.06625833
32545,0.06235469
32546,0.06343623
32547,0.06591056
32548,0.07683528
32549,0.06400804
32550,0.06830661
32551,0.07536183
32552,0.05841584
32553,0.26140982
32554,0.27239498
32555,0.06325576
32556,0.06073272
32557,0.072458096
32558,0.06862291
32559,0.05937812
32560,0.06609139
32561,0.062256835
32562,0.06683273
32563,0.057676166
32564,0.07077166
32565,0.070015036
32566,0.062475055
32567,0.069984876
32568,0.058610853
32569,0.062478185
32570,0.06310943
32571,0.057615124
32572,0.072452754
32573,0.07096045
32574,0.6306992
32575,0.066916764
32576,0.068325296
32577,0.05771633
32578,0.28052348
32579,0.64336497
32580,0.06589186
32581,0.06832612
32582,0.2751736
32583,0.06610051
32584,0.5904429
32585,0.068386324
32586,0.5670431
32587,0.06453544
32588,0.077087626
32589,0.5697816
32590,0.059051093
32591,0.072135314
32592,0.06641705
32593,0.26767468
32594,0.062565684
32595,0.0667533
32596,0.06265806
32597,0.10997911
32598,0.065549
32599,0.073905244
32600,0.27129287
32601,0.8458057
32602,0.73041797
32603,0.06342454
32604,0.0636904
32605,0.060611945
32606,0.066405274
32607,0.065048866
32608,0.06668021
32609,0.07100692
32610,0.06135275
32611,0.055924702
32612,0.6083986
32613,0.06771934
32614,0.26946706
32615,0.64195293
32616,0.0671874
32617,0.065828376
32618,0.6443695
32619,0.08616256
32620,0.29762512
32621,0.058427874
32622,0.065716036
32623,0.065551355
32624,0.077087626
32625,0.067000456
32626,0.2772928
32627,0.26138657
32628,0.06749433
32629,0.063393764
32630,0.06448906
32631,0.27218297
32632,0.062626004
32633,0.061289523
32634,0.06138902
32635,0.05806824
32636,0.06385489
32637,0.10622747
32638,0.06410402
32639,0.057024382
32640,0.0700255
32641,0.070928715
32642,0.27486554
32643,0.067333825
32644,0.62478024
32645,0.06071551
32646,0.057994902
32647,0.05586857
32648,0.068213485
32649,0.583186
32650,0.066925466
32651,0.08231368
32652,0.6211138
32653,0.6166976
32654,0.066925466
32655,0.07324926
32656,0.06331227
32657,0.062464032
32658,0.067240514
32659,0.059105642
32660,0.265713
32661,0.2851933
32662,0.6367217
32663,0.27992263
32664,0.062829174
32665,0.072282866
32666,0.06301744
32667,0.06590324
32668,0.27404797
32669,0.06658676
32670,0.06625523
32671,0.061131634
32672,0.066916764
32673,0.059170466
32674,0.06867184
32675,0.072845295
32676,0.2785817
32677,0.5782435
32678,0.05731183
32679,0.06667852
32680,0.06358101
32681,0.06306699
32682,0.06673951
32683,0.07324926
32684,0.061077572
32685,0.06415249
32686,0.06438187
32687,0.06028418
32688,0.05771633
32689,0.08217418
32690,0.066361114
32691,0.06506072
32692,0.07114286
32693,0.29762512
32694,0.06743417
32695,0.061197117
32696,0.0638319
32697,0.0638319
32698,0.06689338
32699,0.06342531
32700,0.06505487
32701,0.07346147
32702,0.0722364
32703,0.6166976
32704,0.7522052
32705,0.07081017
32706,0.056590647
32707,0.06637929
32708,0.0681891
32709,0.06479095
32710,0.066594176
32711,0.068325296
32712,0.05983367
32713,0.2841439
32714,0.06590324
32715,0.07020615
32716,0.064890526
32717,0.06046476
32718,0.06560091
32719,0.59756404
32720,0.6433586
32721,0.63629633
32722,0.062265567
32723,0.05923055
32724,0.0636904
32725,0.066637404
32726,0.058043018
32727,0.2796994
32728,0.06500098
32729,0.5569064
32730,0.06324742
32731,0.06330621
32732,0.06469738
32733,0.05917178
32734,0.06599735
32735,0.07272195
32736,0.06916565
32737,0.0834692
32738,0.065182716
32739,0.06335249
32740,0.06067664
32741,0.06138902
32742,0.2841439
32743,0.06573717
32744,0.08109355
32745,0.2694067
32746,0.6211138
32747,0.08457252
32748,0.06610051
32749,0.07108206
32750,0.06388518
32751,0.06392225
32752,0.055680968
32753,0.06480739
32754,0.05916914
32755,0.06342753
32756,0.067077346
32757,0.060444742
32758,0.06947587
32759,0.06771236
32760,0.051375143
32761,0.071116306
32762,0.06610051
32763,0.0679074
32764,0.062119626
32765,0.06633398
32766,0.088173896
32767,0.06867184
32768,0.059143048
32769,0.057918128
32770,0.06394171
32771,0.0653239
32772,0.067997575
32773,0.62500453
32774,0.27463353
32775,0.27369255
32776,0.062228512
32777,0.064650275
32778,0.06869741
32779,0.059174877
32780,0.07108206
32781,0.06218264
32782,0.063824035
32783,0.060772307
32784,0.066916764
32785,0.06480739
32786,0.06777422
32787,0.062813595
32788,0.057562333
32789,0.06649978
32790,0.0670889
32791,0.06651837
32792,0.06266567
32793,0.0664076
32794,0.062478185
32795,0.65738434
32796,0.06698528
32797,0.27400166
32798,0.067333825
32799,0.068386324
32800,0.06456939
32801,0.059155658
32802,0.061731897
32803,0.06330621
32804,0.0656057
32805,0.26992473
32806,0.066715285
32807,0.05712792
32808,0.06552591
32809,0.06438187
32810,0.07317585
32811,0.063918374
32812,0.06700444
32813,0.06783249
32814,0.5722746
32815,0.06156687
32816,0.06522383
32817,0.0671874
32818,0.78042734
32819,0.062417034
32820,0.06261787
32821,0.29921976
32822,0.06874393
32823,0.063824035
32824,0.2737417
32825,0.05921794
32826,0.063342124
32827,0.06544875
32828,0.08032258
32829,0.06832612
32830,0.27269349
32831,0.06852806
32832,0.2722876
32833,0.058468964
32834,0.062864274
32835,0.063824035
32836,0.05937812
32837,0.06335249
32838,0.0653058
32839,0.06630585
32840,0.06625523
32841,0.06688929
32842,0.27723885
32843,0.06910625
32844,0.066925466
32845,0.0676766
32846,0.058662638
32847,0.2692335
32848,0.05678649
32849,0.06820842
32850,0.063342124
32851,0.0699849
32852,0.06377035
32853,0.5466913
32854,0.06588796
32855,0.06273662
32856,0.564267
32857,0.27361166
32858,0.06749433
32859,0.059179354
32860,0.067333825
32861,0.06781965
32862,0.06381178
32863,0.60415715
32864,0.65421253
32865,0.06676136
32866,0.06385368
32867,0.063393764
32868,0.062265567
32869,0.0671874
32870,0.06850113
32871,0.6477981
32872,0.06855977
32873,0.0814259
32874,0.067275204
32875,0.06580794
32876,0.06506055
32877,0.6205521
32878,0.069590405
32879,0.5580621
32880,0.066867605
32881,0.06423994
32882,0.265713
32883,0.06546074
32884,0.06552591
32885,0.06807592
32886,0.06604171
32887,0.060104363
32888,0.7221597
32889,0.07114286
32890,0.061867196
32891,0.64615095
32892,0.066411816
32893,0.06628197
32894,0.6405863
32895,0.6183612
32896,0.063552536
32897,0.0664076
32898,0.06377035
32899,0.062851295
32900,0.5921605
32901,0.6957863
32902,0.5795339
32903,0.058682527
32904,0.27030107
32905,0.06715032
32906,0.063859046
32907,0.06506072
32908,0.065551355
32909,0.065182716
32910,0.06423451
32911,0.068502896
32912,0.05806824
32913,0.06540505
32914,0.06770036
32915,0.063380696
32916,0.06632016
32917,0.07363348
32918,0.2763599
32919,0.27279997
32920,0.0743116
32921,0.06701387
32922,0.27477062
32923,0.065276474
32924,0.06484379
32925,0.7522052
32926,0.61171055
32927,0.66572106
32928,0.064928226
32929,0.0592554
32930,0.062417034
32931,0.6906897
32932,0.062813595
32933,0.06538634
32934,0.0672121
32935,0.0834692
32936,0.05975454
32937,0.081147335
32938,0.62768245
32939,0.066467345
32940,0.07016594
32941,0.07079914
32942,0.063242555
32943,0.06670253
32944,0.06701207
32945,0.5805454
32946,0.28212416
32947,0.06141826
32948,0.06818175
32949,0.061851207
32950,0.06494747
32951,0.6338764
32952,0.5843065
32953,0.6139964
32954,0.06552591
32955,0.06410402
32956,0.06613212
32957,0.06754686
32958,0.5627363
32959,0.0834692
32960,0.27573285
32961,0.058698464
32962,0.062565684
32963,0.06153927
32964,0.06506072
32965,0.063242555
32966,0.27463353
32967,0.059051093
32968,0.65050304
32969,0.6322448
32970,0.27805734
32971,0.057918128
32972,0.06689338
32973,0.06613141
32974,0.06370145
32975,0.06602716
32976,0.0751514
32977,0.06837492
32978,0.06767954
32979,0.07104574
32980,0.071671195
32981,0.058412287
32982,0.63115567
32983,0.5902025
32984,0.6404523
32985,0.06568921
32986,0.05924977
32987,0.28114715
32988,0.63435984
32989,0.077087626
32990,0.05731183
32991,0.06718277
32992,0.072951324
32993,0.058253523
32994,0.05811791
32995,0.59251076
32996,0.64509434
32997,0.05674833
32998,0.0638319
32999,0.05916914
33000,0.062321182
33001,0.066715285
33002,0.27396235
33003,0.2663837
33004,0.064831264
33005,0.06907944
33006,0.06334969
33007,0.08505924
33008,0.06101691
33009,0.6591657
33010,0.63316274
33011,0.27236944
33012,0.06767954
33013,0.07746845
33014,0.065421134
33015,0.067333825
33016,0.06453544
33017,0.062565684
33018,0.071116306
33019,0.062864274
33020,0.060799938
33021,0.06528853
33022,0.0653754
33023,0.6340347
33024,0.48549476
33025,0.27297473
33026,0.06457378
33027,0.062119626
33028,0.06911286
33029,0.05687027
33030,0.5950815
33031,0.0653239
33032,0.057553694
33033,0.06375114
33034,0.06276023
33035,0.06366096
33036,0.06276023
33037,0.06522383
33038,0.61692446
33039,0.2663837
33040,0.063980736
33041,0.632893
33042,0.26114964
33043,0.2828922
33044,0.2777568
33045,0.053740513
33046,0.06809791
33047,0.55530256
33048,0.06264545
33049,0.059125986
33050,0.062565684
33051,0.06570977
33052,0.060313772
33053,0.6046014
33054,0.57548136
33055,0.27603966
33056,0.542599
33057,0.0580382
33058,0.06385564
33059,0.6669837
33060,0.066989385
33061,0.068213485
33062,0.06602716
33063,0.06443515
33064,0.6212886
33065,0.27990118
33066,0.06692989
33067,0.6331102
33068,0.6224793
33069,0.06732924
33070,0.065551355
33071,0.065132014
33072,0.06363394
33073,0.06560091
33074,0.06644883
33075,0.070015036
33076,0.06219717
33077,0.069221325
33078,0.06392225
33079,1.01282
33080,0.57678723
33081,0.57119375
33082,0.2705976
33083,0.5288806
33084,0.06653188
33085,0.062208574
33086,0.050622232
33087,0.0743116
33088,0.583186
33089,0.062626004
33090,0.072452754
33091,0.055924702
33092,0.05771633
33093,0.06568972
33094,0.06625523
33095,0.06683273
33096,0.06415249
33097,0.06602374
33098,0.058610853
33099,0.0689031
33100,0.06599735
33101,0.6262274
33102,0.29814896
33103,0.54524046
33104,0.62919456
33105,0.52742547
33106,0.28667098
33107,0.26619977
33108,0.06916565
33109,0.06588796
33110,0.060104363
33111,0.06394171
33112,0.08231368
33113,0.6346095
33114,0.065421134
33115,0.06560038
33116,0.066989385
33117,0.06602716
33118,0.062565684
33119,0.06816038
33120,0.063859046
33121,0.06522383
33122,0.067551896
33123,0.06378112
33124,0.06120834
33125,0.06385489
33126,0.06820022
33127,0.06850113
33128,0.67761004
33129,0.55390733
33130,0.6251254
33131,0.6630304
33132,0.8458057
33133,0.7514961
33134,0.06918485
33135,0.06606909
33136,0.06518852
33137,0.06370526
33138,0.08616256
33139,0.06832612
33140,0.07346147
33141,0.07452985
33142,0.60636115
33143,0.06700293
33144,0.672556
33145,0.072571136
33146,0.063980736
33147,0.05744028
33148,0.063355446
33149,0.2731919
33150,0.0717411
33151,0.067997575
33152,0.062417034
33153,0.09133417
33154,0.7769479
33155,0.60415715
33156,0.630099
33157,0.6688449
33158,0.28303194
33159,0.06744509
33160,0.2700534
33161,0.05771633
33162,0.06699376
33163,0.070928715
33164,0.06319228
33165,0.07746845
33166,0.06195298
33167,0.06101691
33168,0.2706658
33169,0.06452573
33170,0.068937436
33171,0.2687344
33172,0.06592299
33173,0.07083955
33174,0.0956227
33175,0.6116925
33176,0.063393764
33177,0.6512644
33178,0.062478185
33179,0.06590324
33180,0.061131634
33181,0.06715032
33182,0.065828376
33183,0.06393098
33184,0.055924702
33185,0.06781965
33186,0.06335511
33187,0.060615283
33188,0.06071551
33189,0.06273662
33190,0.059105642
33191,0.057918128
33192,0.06983487
33193,0.05711619
33194,0.067632735
33195,0.06438187
33196,0.06399425
33197,0.06520458
33198,0.568562
33199,0.6111537
33200,0.062417034
33201,0.06809791
33202,0.06438187
33203,0.06699376
33204,0.06473762
33205,0.05924977
33206,0.06374333
33207,0.06512267
33208,0.066867605
33209,0.06807592
33210,0.06840355
33211,0.059125986
33212,0.06216666
33213,0.066467345
33214,0.06613141
33215,0.5670431
33216,0.06599735
33217,0.06370145
33218,0.06633398
33219,0.07272195
33220,0.06658676
33221,0.696207
33222,0.064890526
33223,0.071186535
33224,0.06370145
33225,0.27564386
33226,0.06480739
33227,0.06820022
33228,0.072845295
33229,0.06770036
33230,0.06653188
33231,0.06544009
33232,0.068937436
33233,0.06392117
33234,0.28309873
33235,0.06947587
33236,0.0689031
33237,0.067161895
33238,0.062111896
33239,0.05909442
33240,0.06692989
33241,0.058466956
33242,0.06393547
33243,0.06499841
33244,0.6633612
33245,0.06339494
33246,0.06699376
33247,0.064255774
33248,0.062307864
33249,0.05760252
33250,0.068433926
33251,0.08231368
33252,0.65866137
33253,0.06484379
33254,0.06484379
33255,0.06965659
33256,0.06599735
33257,0.073214225
33258,0.053740513
33259,0.62768245
33260,0.07517573
33261,0.06658676
33262,0.07020615
33263,0.06832612
33264,0.051375143
33265,0.66135246
33266,0.62999874
33267,0.2776104
33268,0.058682527
33269,0.06689338
33270,0.06749433
33271,0.0644417
33272,0.065276474
33273,0.06771236
33274,0.058610853
33275,0.06731649
33276,0.62661594
33277,0.06732924
33278,0.05806587
33279,0.06217588
33280,0.06673951
33281,0.06649978
33282,0.0809865
33283,0.60636115
33284,0.06754686
33285,0.2904841
33286,0.062813595
33287,0.06370348
33288,0.068502896
33289,0.05771633
33290,0.06481404
33291,0.07270933
33292,0.0738704
33293,0.06410402
33294,0.068937436
33295,0.06602716
33296,0.06402779
33297,0.058087457
33298,0.06457378
33299,0.05760252
33300,0.057682022
33301,0.06369162
33302,0.067421414
33303,0.06393098
33304,0.06484379
33305,0.06683273
33306,0.057024382
33307,0.6346095
33308,0.074285395
33309,0.067578435
33310,0.05687027
33311,0.06545132
33312,0.062851295
33313,0.06709368
33314,0.064767525
33315,0.062119626
33316,0.6237166
33317,0.067936115
33318,0.06613212
33319,0.06378112
33320,0.06544009
33321,0.2692335
33322,0.070928715
33323,0.06549472
33324,0.067614414
33325,0.06867184
33326,0.06947587
33327,0.5925785
33328,0.070262186
33329,0.063549526
33330,0.071186535
33331,0.067687765
33332,0.06560038
33333,0.058405675
33334,0.058466956
33335,0.08109355
33336,0.06573717
33337,0.064911865
33338,0.06670253
33339,0.06305222
33340,0.05674833
33341,0.06528853
33342,0.06075711
33343,0.061109666
33344,0.05924977
33345,0.06965657
33346,0.058466956
33347,0.066715285
33348,0.072571136
33349,0.067240514
33350,0.062565684
33351,0.069649056
33352,0.06709368
33353,0.068746194
33354,0.06438187
33355,0.06651837
33356,0.06832612
33357,0.061077572
33358,0.07058789
33359,0.5904429
33360,0.065628596
33361,0.06701565
33362,0.06589186
33363,0.07115697
33364,0.076594345
33365,0.065812394
33366,0.06402779
33367,0.05631582
33368,0.08543208
33369,0.05631582
33370,0.06138902
33371,0.063242555
33372,0.06470906
33373,0.062368102
33374,0.06954932
33375,0.06781965
33376,0.063859046
33377,0.063355446
33378,0.0700255
33379,0.055924702
33380,0.06683273
33381,0.06389799
33382,0.06628197
33383,0.057918128
33384,0.061109666
33385,0.0834692
33386,0.54153603
33387,0.06767954
33388,0.067614414
33389,0.07224368
33390,0.066467345
33391,0.069532804
33392,0.064468555
33393,0.06145856
33394,0.065699615
33395,0.057918128
33396,0.06512267
33397,0.06749433
33398,0.06520458
33399,0.06046476
33400,0.06697954
33401,0.06331227
33402,0.06689338
33403,0.07270933
33404,0.07746845
33405,0.057682022
33406,0.06366096
33407,0.06394362
33408,0.060478333
33409,0.06270945
33410,0.2722876
33411,0.11819869
33412,0.06354204
33413,0.0689031
33414,0.0697102
33415,0.072845295
33416,0.062478185
33417,0.06628197
33418,0.06767954
33419,0.067256086
33420,0.066867605
33421,0.27743137
33422,0.2828157
33423,0.06770036
33424,0.061336093
33425,0.06698528
33426,0.06538634
33427,0.06330621
33428,0.07527595
33429,0.06650547
33430,0.064615645
33431,0.05121248
33432,0.065936
33433,0.05645371
33434,0.06491156
33435,0.06465411
33436,0.06411795
33437,0.07390598
33438,0.059846673
33439,0.06392539
33440,0.6082562
33441,0.06428458
33442,0.08192896
33443,0.0631148
33444,0.26954985
33445,0.27333078
33446,0.06323481
33447,0.25698394
33448,0.05929883
33449,0.60197693
33450,0.06568328
33451,0.06273929
33452,0.06197989
33453,0.06386446
33454,0.27056155
33455,0.6318195
33456,0.26517135
33457,0.064911574
33458,0.06127546
33459,0.2836081
33460,0.058592986
33461,0.065204576
33462,0.0640283
33463,0.062084753
33464,0.06310619
33465,0.062132433
33466,0.057742015
33467,0.26727363
33468,0.6690513
33469,0.56959534
33470,0.068798915
33471,0.06125341
33472,0.0667303
33473,0.06491499
33474,0.060697354
33475,0.06914813
33476,0.060624886
33477,0.062093724
33478,0.059428077
33479,0.58382404
33480,0.27654874
33481,0.70112574
33482,0.6451678
33483,0.27586073
33484,0.5252248
33485,0.11863402
33486,0.060770366
33487,0.063943416
33488,0.06257963
33489,0.062033698
33490,0.062866695
33491,0.071006
33492,0.064911574
33493,0.06402874
33494,0.060874805
33495,0.06487178
33496,0.058592986
33497,0.05614773
33498,0.26095033
33499,0.057338007
33500,0.07674306
33501,0.06452857
33502,0.062008683
33503,0.057862207
33504,0.07206631
33505,0.06611727
33506,0.064810395
33507,0.06519442
33508,0.060775872
33509,0.06443392
33510,0.071006
33511,0.06735613
33512,0.05764912
33513,0.05354279
33514,0.56818277
33515,0.056699645
33516,0.064936295
33517,0.59234476
33518,0.63146496
33519,0.06517453
33520,0.05935689
33521,0.07164592
33522,0.064845644
33523,0.06504951
33524,0.063939705
33525,0.061763648
33526,0.05422324
33527,0.06394622
33528,0.062033698
33529,0.26987207
33530,0.5346888
33531,0.58435994
33532,0.06383878
33533,0.06817677
33534,0.057239283
33535,0.06374943
33536,0.26563638
33537,0.061001327
33538,0.07772344
33539,0.06531785
33540,0.26578686
33541,0.60581225
33542,0.28636855
33543,0.066479266
33544,0.06491252
33545,0.056393668
33546,0.07390598
33547,0.070362836
33548,0.066559635
33549,0.069758184
33550,0.06588859
33551,0.05828682
33552,0.07048796
33553,0.064068004
33554,0.056375645
33555,0.06758133
33556,0.058613624
33557,0.064549565
33558,0.07162099
33559,0.2695972
33560,0.06460996
33561,0.06012261
33562,0.053351413
33563,0.06393755
33564,0.074171916
33565,0.06528832
33566,0.06454539
33567,0.06486388
33568,0.06624612
33569,0.66363513
33570,0.61924523
33571,0.06413595
33572,0.06700615
33573,0.06735613
33574,0.07167796
33575,0.064920545
33576,0.0645009
33577,0.061991464
33578,0.05643914
33579,0.07762451
33580,0.2676853
33581,0.06295221
33582,0.063901134
33583,0.06280766
33584,0.06375472
33585,0.06792035
33586,0.06550644
33587,0.61471444
33588,0.66308403
33589,0.67616373
33590,0.0712094
33591,0.06516605
33592,0.061731447
33593,0.062093724
33594,0.06391331
33595,0.27021104
33596,0.06157849
33597,0.57779527
33598,0.06596732
33599,0.06460996
33600,0.06454539
33601,0.052971397
33602,0.064911574
33603,0.06887288
33604,0.07018479
33605,0.061953895
33606,0.060770366
33607,0.06621241
33608,0.066271536
33609,0.06384813
33610,0.060429737
33611,0.05963431
33612,0.060775872
33613,0.064821035
33614,0.26083487
33615,0.6301132
33616,0.066674896
33617,0.06148151
33618,0.072458446
33619,0.064465344
33620,0.06755811
33621,0.0633012
33622,0.06643464
33623,0.052971397
33624,0.07674306
33625,0.070035726
33626,0.063741185
33627,0.057239283
33628,0.066674896
33629,0.07048794
33630,0.06511481
33631,0.06371241
33632,0.06169525
33633,0.06449503
33634,0.066395335
33635,0.06729417
33636,0.057933416
33637,0.06291475
33638,0.06282313
33639,0.06411795
33640,0.064911574
33641,0.05828682
33642,0.5836286
33643,0.065583184
33644,0.25874797
33645,0.0583555
33646,0.06788575
33647,0.064821035
33648,0.06417876
33649,0.06346707
33650,0.065022066
33651,0.06452857
33652,0.064307764
33653,0.066542074
33654,0.06420632
33655,0.06131414
33656,0.06856398
33657,0.073449664
33658,0.05829127
33659,0.054806463
33660,0.062604606
33661,0.06450727
33662,0.064920545
33663,0.06239786
33664,0.06450727
33665,0.7715087
33666,0.066901185
33667,0.064104624
33668,0.063901134
33669,0.12124283
33670,0.064911574
33671,0.06458294
33672,0.05732192
33673,0.064427294
33674,0.081650786
33675,0.06280564
33676,0.2733989
33677,0.06753119
33678,0.0639848
33679,0.062677495
33680,0.05935689
33681,0.07167796
33682,0.06239786
33683,0.060697354
33684,0.06349812
33685,0.5592699
33686,0.05732192
33687,0.065063894
33688,0.06417876
33689,0.58746034
33690,0.069812365
33691,0.062033698
33692,0.26563638
33693,0.060263004
33694,0.063251525
33695,0.27697206
33696,0.07802289
33697,0.06648324
33698,0.07206631
33699,0.062604606
33700,0.06097232
33701,0.060249932
33702,0.26546577
33703,0.058389425
33704,0.06521497
33705,0.06611727
33706,0.066674896
33707,0.06368465
33708,0.062604606
33709,0.06487178
33710,0.058938116
33711,0.27716523
33712,0.057239283
33713,0.064427294
33714,0.058205735
33715,0.056768414
33716,0.25874797
33717,0.06559221
33718,0.06488206
33719,0.06280965
33720,0.0651892
33721,0.7322422
33722,0.057377037
33723,0.057862207
33724,0.60240114
33725,0.27255207
33726,0.061997656
33727,0.057832874
33728,0.06729417
33729,0.061635
33730,0.06519442
33731,0.61670274
33732,0.67381823
33733,0.07298862
33734,0.07155717
33735,0.30202594
33736,0.28509098
33737,0.070718385
33738,0.051548846
33739,0.27546355
33740,0.063279934
33741,0.061782
33742,0.07310266
33743,0.062411524
33744,0.26727363
33745,0.5869924
33746,0.05686344
33747,0.61847496
33748,0.0654797
33749,0.062033698
33750,0.064615645
33751,0.06015801
33752,0.0631148
33753,0.05670674
33754,0.060892835
33755,0.06256331
33756,0.0683275
33757,0.6781762
33758,0.0651285
33759,0.067506276
33760,0.62211823
33761,0.06344077
33762,0.06484645
33763,0.5966642
33764,0.5800868
33765,0.0633012
33766,0.053097885
33767,0.061365362
33768,0.05703037
33769,0.58493257
33770,0.6438884
33771,0.27333078
33772,0.066395335
33773,0.26987207
33774,0.056022603
33775,0.063901134
33776,0.06569973
33777,0.06643464
33778,0.06250962
33779,0.062203158
33780,0.066851944
33781,0.065021865
33782,0.06517453
33783,0.06488206
33784,0.06509951
33785,0.0653566
33786,0.059296906
33787,0.06012261
33788,0.064973354
33789,0.07709741
33790,0.27654874
33791,0.070718385
33792,0.056451805
33793,0.57537234
33794,0.6489806
33795,0.64380205
33796,0.062033698
33797,0.06456484
33798,0.5626904
33799,0.06775733
33800,0.06491499
33801,0.06036788
33802,0.056550123
33803,0.06398557
33804,0.06374943
33805,0.061782
33806,0.6206859
33807,0.080777384
33808,0.0627183
33809,0.071652316
33810,0.06491156
33811,0.061365362
33812,0.066398144
33813,0.61630833
33814,0.066900186
33815,0.05670565
33816,0.058454223
33817,0.06115234
33818,0.064907014
33819,0.6653879
33820,0.58108705
33821,0.6033612
33822,0.064615645
33823,0.06415972
33824,0.65692866
33825,0.07162099
33826,0.2819606
33827,0.0690801
33828,0.06342082
33829,0.0583555
33830,0.065697104
33831,0.060775872
33832,0.063251525
33833,0.057239283
33834,0.63506234
33835,0.50537115
33836,0.058454223
33837,0.0627782
33838,0.0654797
33839,0.05670674
33840,0.062203158
33841,0.06003389
33842,0.070095584
33843,0.067612655
33844,0.05852971
33845,0.1194196
33846,0.06487178
33847,0.06290333
33848,0.080777384
33849,0.58811134
33850,0.6330757
33851,0.6443386
33852,0.0676681
33853,0.055009134
33854,0.2751241
33855,0.60943794
33856,0.06344077
33857,0.07802289
33858,0.06650547
33859,0.060171816
33860,0.05945421
33861,0.6364513
33862,0.5778836
33863,0.06914813
33864,0.064907014
33865,0.06281751
33866,0.06592241
33867,0.075734355
33868,0.27712864
33869,0.27415803
33870,0.065583184
33871,0.064911574
33872,0.06429108
33873,0.067929536
33874,0.06507781
33875,0.073158816
33876,0.67655796
33877,0.61670274
33878,0.26302335
33879,0.057836983
33880,0.06298937
33881,0.05703037
33882,0.07167796
33883,0.066901185
33884,0.05732192
33885,0.06509951
33886,0.0583555
33887,0.07048796
33888,0.060874805
33889,0.061335444
33890,0.8238912
33891,0.625673
33892,0.06674412
33893,0.26985607
33894,0.06297893
33895,0.06443392
33896,0.06550644
33897,0.61338866
33898,0.06470517
33899,0.06268886
33900,0.06560763
33901,0.06368465
33902,0.063395225
33903,0.05730543
33904,0.056737643
33905,0.655777
33906,0.2655347
33907,0.06745568
33908,0.6287635
33909,0.06375472
33910,0.062749624
33911,0.28577405
33912,0.26877064
33913,0.06491156
33914,0.06781825
33915,0.2788826
33916,0.06127546
33917,0.065547496
33918,0.06582552
33919,0.06411795
33920,0.0728118
33921,0.6224481
33922,0.7292605
33923,0.2673295
33924,0.64862543
33925,0.06283645
33926,0.066057205
33927,0.59929633
33928,0.06516605
33929,0.062276997
33930,0.06131414
33931,0.06519442
33932,0.058592986
33933,0.6355341
33934,0.29441497
33935,0.054289926
33936,0.5500542
33937,0.26165232
33938,0.06543499
33939,0.0749251
33940,0.06914813
33941,0.059428077
33942,0.06291475
33943,0.060246583
33944,0.060775872
33945,0.067213155
33946,0.064911574
33947,0.059846673
33948,0.5612447
33949,0.6970835
33950,0.5722772
33951,0.27370256
33952,0.577655
33953,0.060377866
33954,0.06257963
33955,0.06846
33956,0.06540334
33957,0.27255207
33958,0.071006
33959,0.071302205
33960,0.06875728
33961,0.06531785
33962,0.06368465
33963,0.057097178
33964,0.0639848
33965,0.065566465
33966,0.058274206
33967,0.05694084
33968,0.06900351
33969,0.064827956
33970,0.06879358
33971,0.067929536
33972,0.63548344
33973,0.27729845
33974,0.58741325
33975,0.65708727
33976,0.6325739
33977,0.27511367
33978,0.065223336
33979,0.06700615
33980,0.06238063
33981,0.06283645
33982,0.05680883
33983,0.07757047
33984,0.62708735
33985,0.05703037
33986,0.06298937
33987,0.064936295
33988,0.066674896
33989,0.2700849
33990,0.051548846
33991,0.064698264
33992,0.066057205
33993,0.056552693
33994,0.06160682
33995,0.061653204
33996,0.055050146
33997,0.065021865
33998,0.5939636
33999,0.60715973
34000,0.610126
34001,0.5840301
34002,0.6330033
34003,0.59801805
34004,0.060861576
34005,0.065436855
34006,0.064307764
34007,0.07150303
34008,0.057590377
34009,0.05853107
34010,0.062178478
34011,0.064624116
34012,0.5461607
34013,0.063798256
34014,0.5915055
34015,0.06812249
34016,0.06526873
34017,0.058394525
34018,0.06321873
34019,0.27212003
34020,0.0683119
34021,0.06788575
34022,0.07310266
34023,0.061991464
34024,0.6252669
34025,0.67509437
34026,0.61726785
34027,0.57707
34028,0.25171676
34029,0.058389425
34030,0.2759892
34031,0.067612655
34032,0.06115234
34033,0.06499504
34034,0.062486503
34035,0.06734715
34036,0.05829127
34037,0.062008683
34038,0.06781825
34039,0.06788575
34040,0.2671951
34041,0.07284126
34042,0.05614773
34043,0.2757143
34044,0.062276997
34045,0.066129595
34046,0.064307764
34047,0.061157808
34048,0.27011332
34049,0.067500725
34050,0.6065776
34051,0.2654343
34052,0.062033698
34053,0.06290333
34054,0.06568328
34055,0.0718458
34056,0.047695603
34057,0.05935689
34058,0.05470142
34059,0.06745568
34060,0.064607136
34061,0.064869665
34062,0.29746628
34063,0.07206631
34064,0.06900351
34065,0.063901134
34066,0.077971525
34067,0.059296906
34068,0.06507781
34069,0.067213155
34070,0.065566465
34071,0.26517135
34072,0.654524
34073,0.061624963
34074,0.06428458
34075,0.0633012
34076,0.06461458
34077,0.06507769
34078,0.06466098
34079,0.06734715
34080,0.07167796
34081,0.06507769
34082,0.081650786
34083,0.06515395
34084,0.06901971
34085,0.067929536
34086,0.05929883
34087,0.07544349
34088,0.06125341
34089,0.05673439
34090,0.7007874
34091,0.065223336
34092,0.0651892
34093,0.059140384
34094,0.05851407
34095,0.058613624
34096,0.66140765
34097,0.056022603
34098,0.27511367
34099,0.063251525
34100,0.07150303
34101,0.06342082
34102,0.062093724
34103,0.058394525
34104,0.056768414
34105,0.05670674
34106,0.06371241
34107,0.06290333
34108,0.062434897
34109,0.26302335
34110,0.05830604
34111,0.066040605
34112,0.06160682
34113,0.0663891
34114,0.06642721
34115,0.062866695
34116,0.07167796
34117,0.07390598
34118,0.06488206
34119,0.59755653
34120,0.06290333
34121,0.068622865
34122,0.06298937
34123,0.05703037
34124,0.059006047
34125,0.2671951
34126,0.06411346
34127,0.26314583
34128,0.06504951
34129,0.06438598
34130,0.06281751
34131,0.066901185
34132,0.06415972
34133,0.051448468
34134,0.62213624
34135,0.06347709
34136,0.06383878
34137,0.07206834
34138,0.070397094
34139,0.06012261
34140,0.6302201
34141,0.6075088
34142,0.26964357
34143,0.060892835
34144,0.065901585
34145,0.05819725
34146,0.06794062
34147,0.05771239
34148,0.062749624
34149,0.066542074
34150,0.07026094
34151,0.6083794
34152,0.06507781
34153,0.060892835
34154,0.06443392
34155,0.0728118
34156,0.069758184
34157,0.05544988
34158,0.07298659
34159,0.6757059
34160,0.062657535
34161,0.26727363
34162,0.06781825
34163,0.066057205
34164,0.062604606
34165,0.0651285
34166,0.056481495
34167,0.068331584
34168,0.065106206
34169,0.058389425
34170,0.062237743
34171,0.064002
34172,0.05848648
34173,0.06745568
34174,0.06914813
34175,0.0663891
34176,0.06411795
34177,0.065266185
34178,0.06202967
34179,0.056699645
34180,0.06517453
34181,0.06230374
34182,0.7021343
34183,0.06283537
34184,0.06487178
34185,0.14273003
34186,0.06675771
34187,0.05796707
34188,0.06443392
34189,0.0735831
34190,0.66068995
34191,0.06775733
34192,0.06260687
34193,0.06781825
34194,0.26103383
34195,0.064907014
34196,0.064911574
34197,0.0583555
34198,0.06257963
34199,0.06775733
34200,0.25966325
34201,0.063575305
34202,0.06775733
34203,0.062203158
34204,0.06471376
34205,0.05670565
34206,0.061653204
34207,0.06378938
34208,0.27176818
34209,0.058613624
34210,0.08123071
34211,0.06572466
34212,0.064911574
34213,0.064327426
34214,0.06570772
34215,0.06374943
34216,0.06417876
34217,0.05702172
34218,0.06393755
34219,0.05406881
34220,0.06521497
34221,0.06344077
34222,0.065083496
34223,0.06415972
34224,0.067506276
34225,0.06259586
34226,0.060616415
34227,0.06390933
34228,0.057590377
34229,0.052971397
34230,0.061653204
34231,0.058499735
34232,0.05406881
34233,0.06788575
34234,0.05544988
34235,0.56876713
34236,0.07162099
34237,0.06570772
34238,0.069758184
34239,0.060775872
34240,0.070980966
34241,0.068657316
34242,0.06202967
34243,0.06429108
34244,0.057742015
34245,0.06517453
34246,0.05945421
34247,0.06298937
34248,0.06323481
34249,0.06519442
34250,0.0627782
34251,0.060429737
34252,0.061782
34253,0.062276997
34254,0.06157849
34255,0.06648324
34256,0.057142105
34257,0.063395225
34258,0.05643914
34259,0.06515395
34260,0.053752158
34261,0.07162099
34262,0.59244335
34263,0.065106206
34264,0.064810395
34265,0.06310619
34266,0.06465411
34267,0.060770366
34268,0.056699645
34269,0.060697354
34270,0.05670674
34271,0.06484645
34272,0.06531785
34273,0.26953295
34274,0.06646351
34275,0.07206834
34276,0.05578473
34277,0.06250962
34278,0.05703037
34279,0.05789497
34280,0.06131414
34281,0.062203158
34282,0.06202967
34283,0.06506434
34284,0.064405516
34285,0.2655347
34286,0.06735613
34287,0.068156265
34288,0.057377037
34289,0.05842716
34290,0.07206834
34291,0.062033698
34292,0.06611727
34293,0.0678654
34294,0.063279934
34295,0.06788575
34296,0.06443392
34297,0.057142105
34298,0.29456285
34299,0.06160682
34300,0.060334492
34301,0.059843745
34302,0.062657535
34303,0.06484645
34304,0.062060267
34305,0.062122382
34306,0.06664118
34307,0.06525392
34308,0.08100685
34309,0.066906154
34310,0.06412578
34311,0.06879991
34312,0.55632675
34313,0.052328277
34314,0.10520007
34315,0.06392557
34316,0.07528143
34317,0.6536402
34318,0.06343484
34319,0.27764013
34320,0.06643537
34321,0.646702
34322,0.05927287
34323,0.06538271
34324,0.054601483
34325,0.06297061
34326,0.064672634
34327,0.6456836
34328,0.6597021
34329,0.27041388
34330,0.062062815
34331,0.06565723
34332,0.27071524
34333,0.05927287
34334,0.06935336
34335,0.057489317
34336,0.06642849
34337,0.05720569
34338,0.06496735
34339,0.058282442
34340,0.27564865
34341,0.6485984
34342,0.72174764
34343,0.06501939
34344,0.06664118
34345,0.06800552
34346,0.26290926
34347,0.060358357
34348,0.06816385
34349,0.056482427
34350,0.06348316
34351,0.06221338
34352,0.6517094
34353,0.2735835
34354,0.26214412
34355,0.6627228
34356,0.06936318
34357,0.0678118
34358,0.6646563
34359,0.077482134
34360,0.07663476
34361,0.06517426
34362,0.070709854
34363,0.06339503
34364,0.06105193
34365,0.065503635
34366,0.070117295
34367,0.09421558
34368,0.06811203
34369,0.05246834
34370,0.058691043
34371,0.25761482
34372,0.06247092
34373,0.056740228
34374,0.06247092
34375,0.0646084
34376,0.073298074
34377,0.06378578
34378,0.0536598
34379,0.07253371
34380,0.06443366
34381,0.063926116
34382,0.05685858
34383,0.058691043
34384,0.064372234
34385,0.058324374
34386,0.06543003
34387,0.06177407
34388,0.6603304
34389,0.06362465
34390,0.26897112
34391,0.6406822
34392,0.65564823
34393,0.062034123
34394,0.06582667
34395,0.070305765
34396,0.06932347
34397,0.06472148
34398,0.06392557
34399,0.057515305
34400,0.06643791
34401,0.05965847
34402,0.06492544
34403,0.67063844
34404,0.060466725
34405,0.6696707
34406,0.056589723
34407,0.06343133
34408,0.059672277
34409,0.27000883
34410,0.06824384
34411,0.06410683
34412,0.05372168
34413,0.070117295
34414,0.69023126
34415,0.6490445
34416,0.057612814
34417,0.06601886
34418,0.070353575
34419,0.062162533
34420,0.06706656
34421,0.06412578
34422,0.06331045
34423,0.06256297
34424,0.060524322
34425,0.06567564
34426,0.081683435
34427,0.062006958
34428,0.06174765
34429,0.0650165
34430,0.06136254
34431,0.07011458
34432,0.06077592
34433,0.05510442
34434,0.27876925
34435,0.09766974
34436,0.07050499
34437,0.05687231
34438,0.062162533
34439,0.06565723
34440,0.06613455
34441,0.06892674
34442,0.05246834
34443,0.11705287
34444,0.6532952
34445,0.59558034
34446,0.067412734
34447,0.054948155
34448,0.0648312
34449,0.065084346
34450,0.06828697
34451,0.06755376
34452,0.064372234
34453,0.06465639
34454,0.05510442
34455,0.05630259
34456,0.06503145
34457,0.06566358
34458,0.06399995
34459,0.07117726
34460,0.07117726
34461,0.27723965
34462,0.27501658
34463,0.67630905
34464,0.06232349
34465,0.056395087
34466,0.06585792
34467,0.068266496
34468,0.06892674
34469,0.28480345
34470,0.062906295
34471,0.618396
34472,0.06793187
34473,0.07700716
34474,0.059191342
34475,0.06378578
34476,0.07484647
34477,0.062764004
34478,0.058935605
34479,0.067616686
34480,0.06226999
34481,0.072597064
34482,0.07220972
34483,0.06392557
34484,0.06993608
34485,0.057476155
34486,0.056525305
34487,0.054446477
34488,0.06601592
34489,0.29896536
34490,0.4879322
34491,0.055257574
34492,0.06104835
34493,0.064734705
34494,0.071689695
34495,0.064387515
34496,0.06337813
34497,0.073298074
34498,0.0811001
34499,0.07555586
34500,0.06547037
34501,0.063964635
34502,0.07321003
34503,0.07253371
34504,0.060547475
34505,0.056740228
34506,0.060846943
34507,0.05245294
34508,0.06709467
34509,0.050608948
34510,0.055492193
34511,0.052580398
34512,0.05627657
34513,0.06372269
34514,0.07700716
34515,0.063048474
34516,0.059569206
34517,0.060290962
34518,0.6339703
34519,0.29898414
34520,0.28068003
34521,0.05091807
34522,0.06271382
34523,0.063964635
34524,0.064372234
34525,0.06310384
34526,0.06501943
34527,0.06791663
34528,0.052879974
34529,0.06900108
34530,0.05630259
34531,0.064061195
34532,0.069019064
34533,0.057292826
34534,0.06727511
34535,0.06362631
34536,0.066377774
34537,0.064061195
34538,0.061676126
34539,0.058691043
34540,0.7874285
34541,0.058711454
34542,0.06709467
34543,0.06705999
34544,0.063666604
34545,0.069048256
34546,0.06063727
34547,0.06693279
34548,0.05246834
34549,0.26669034
34550,0.06267798
34551,0.052727018
34552,0.06456163
34553,0.066377774
34554,0.060846943
34555,0.063666604
34556,0.0659796
34557,0.0656169
34558,0.66444707
34559,0.06755376
34560,0.06174765
34561,0.0642556
34562,0.6570307
34563,0.0642007
34564,0.0645147
34565,0.06824384
34566,0.074643776
34567,0.06424283
34568,0.5579078
34569,0.056589723
34570,0.06424283
34571,0.06764801
34572,0.09015991
34573,0.06267798
34574,0.071058616
34575,0.06581656
34576,0.060786404
34577,0.061983377
34578,0.066266164
34579,0.06639692
34580,0.06892674
34581,0.0642556
34582,0.067412734
34583,0.06566358
34584,0.25761482
34585,0.06251152
34586,0.059750527
34587,0.0710936
34588,0.06401722
34589,0.27300924
34590,0.058952346
34591,0.072241046
34592,0.06828044
34593,0.080021866
34594,0.076072976
34595,0.64833444
34596,0.0679359
34597,0.06585792
34598,0.6077104
34599,0.27501658
34600,0.05372168
34601,0.063666604
34602,0.06105193
34603,0.07092606
34604,0.06883125
34605,0.67046773
34606,0.6469261
34607,0.059569206
34608,0.06582667
34609,0.27665895
34610,0.066021964
34611,0.06049594
34612,0.06811203
34613,0.27665895
34614,0.06519156
34615,0.057292826
34616,0.056525305
34617,0.06597667
34618,0.29413697
34619,0.6468634
34620,0.06303026
34621,0.8906592
34622,0.05924271
34623,0.06639692
34624,0.26514393
34625,0.055572536
34626,0.06811966
34627,0.06727511
34628,0.06256297
34629,0.06638194
34630,0.07484647
34631,0.6647175
34632,0.06511027
34633,0.063666604
34634,0.27126905
34635,0.06705999
34636,0.26878324
34637,0.65989
34638,0.63327
34639,0.27771327
34640,0.06513789
34641,0.051269844
34642,0.63234454
34643,0.6657294
34644,0.63469094
34645,0.06535304
34646,0.06407551
34647,0.052879974
34648,0.06407465
34649,0.06870462
34650,0.058952346
34651,0.07155936
34652,0.057551757
34653,0.06383519
34654,0.057217136
34655,0.060719777
34656,0.065987535
34657,0.067883894
34658,0.068614766
34659,0.057568047
34660,0.28115174
34661,0.05676408
34662,0.07093338
34663,0.6701049
34664,0.06740292
34665,0.06459652
34666,0.66660905
34667,0.60351014
34668,0.6704041
34669,0.07244857
34670,0.6066452
34671,0.06251152
34672,0.056525305
34673,0.055257574
34674,0.060719777
34675,0.0679965
34676,0.065375306
34677,0.07484647
34678,0.06947342
34679,0.64310294
34680,0.06939209
34681,0.05927287
34682,0.066021964
34683,0.0708668
34684,0.061847568
34685,0.06929327
34686,0.27788106
34687,0.06296047
34688,0.056740228
34689,0.068614766
34690,0.062162533
34691,0.0681149
34692,0.6389209
34693,0.65005296
34694,0.5579078
34695,0.065574706
34696,0.06362631
34697,0.069555946
34698,0.06105193
34699,0.056589723
34700,0.6763571
34701,0.104093775
34702,0.26923138
34703,0.060319457
34704,0.06601592
34705,0.061476372
34706,0.057735253
34707,0.06479062
34708,0.06221338
34709,0.6647175
34710,0.5768912
34711,0.06990961
34712,0.06401722
34713,0.06296047
34714,0.0642556
34715,0.072795585
34716,0.06571813
34717,0.065673664
34718,0.067155086
34719,0.064237684
34720,0.06816385
34721,0.067914866
34722,0.055301197
34723,0.06337813
34724,0.6513326
34725,0.64689016
34726,0.6695123
34727,0.06407465
34728,0.06333752
34729,0.3008052
34730,0.061970532
34731,0.6637085
34732,0.06409252
34733,0.05246834
34734,0.06917839
34735,0.068698786
34736,0.061112817
34737,0.07555586
34738,0.6069046
34739,0.6566965
34740,0.091588125
34741,0.06399995
34742,0.061826427
34743,0.061833356
34744,0.072973326
34745,0.26796886
34746,0.069488764
34747,0.06396633
34748,0.06947342
34749,0.057476155
34750,0.06479062
34751,0.068698786
34752,0.7147426
34753,0.6559639
34754,0.27885076
34755,0.0645147
34756,0.053024333
34757,0.059154768
34758,0.057469647
34759,0.27459684
34760,0.064728126
34761,0.0658736
34762,0.06698534
34763,0.055492546
34764,0.06022958
34765,0.064372234
34766,0.6623272
34767,0.5811699
34768,0.27126905
34769,0.28466868
34770,0.07120373
34771,0.28251252
34772,0.06811966
34773,0.73341596
34774,0.06133334
34775,0.068295576
34776,0.058424026
34777,0.06500592
34778,0.064690925
34779,0.2837064
34780,0.28686118
34781,0.64067954
34782,0.28978914
34783,0.07512845
34784,0.6259013
34785,0.26923138
34786,0.07120373
34787,0.2898407
34788,0.05971755
34789,0.055572536
34790,0.06270282
34791,0.06206411
34792,0.06472148
34793,0.07120373
34794,0.061476372
34795,0.06351797
34796,0.0678118
34797,0.71564555
34798,0.5429435
34799,0.27212295
34800,0.27380764
34801,0.05837278
34802,0.062355667
34803,0.72391427
34804,0.064061195
34805,0.06534446
34806,0.0811001
34807,0.06565722
34808,0.6625318
34809,0.67630905
34810,0.065979116
34811,0.59095377
34812,0.63874483
34813,0.07253371
34814,0.06146576
34815,0.058899555
34816,0.064372234
34817,0.058704022
34818,0.06567564
34819,0.063224554
34820,0.072053455
34821,0.0710936
34822,0.061363857
34823,0.07761802
34824,0.06399995
34825,0.26979458
34826,0.62848717
34827,0.7141824
34828,0.62207836
34829,0.27071524
34830,0.14613248
34831,0.069996744
34832,0.07295938
34833,0.06634003
34834,0.0648312
34835,0.26474234
34836,0.09026311
34837,0.067833915
34838,0.057150558
34839,0.06642849
34840,0.071689695
34841,0.06378578
34842,0.060171008
34843,0.060066078
34844,0.06727511
34845,0.055572536
34846,0.060819447
34847,0.05831021
34848,0.6920067
34849,0.2781844
34850,0.63598025
34851,0.6566965
34852,0.6470867
34853,0.27788106
34854,0.07321003
34855,0.07042535
34856,0.06104835
34857,0.07093169
34858,0.06537438
34859,0.05798137
34860,0.5729849
34861,0.054009892
34862,0.057196718
34863,0.059345044
34864,0.06107123
34865,0.65834576
34866,0.054448526
34867,0.069048256
34868,0.065503635
34869,0.063071035
34870,0.06256297
34871,0.05842823
34872,0.06879991
34873,0.7222135
34874,0.66349596
34875,0.27996933
34876,0.59405696
34877,0.52108276
34878,0.6857636
34879,0.06459652
34880,0.07690352
34881,0.055104617
34882,0.056395087
34883,0.05687231
34884,0.07949008
34885,0.06501939
34886,0.06585792
34887,0.66660905
34888,0.054461144
34889,0.27041388
34890,0.066813655
34891,0.07949008
34892,0.28676397
34893,0.27343488
34894,0.2653538
34895,0.07690352
34896,0.054601483
34897,0.07299338
34898,0.062560156
34899,0.60170037
34900,0.7996613
34901,0.64622235
34902,0.64525026
34903,0.74682117
34904,0.062052593
34905,0.06534446
34906,0.068614766
34907,0.060806345
34908,0.06566358
34909,0.061080072
34910,0.057370093
34911,0.0659796
34912,0.054446477
34913,0.06472148
34914,0.27578342
34915,0.05564388
34916,0.05541977
34917,0.64689016
34918,0.05429352
34919,0.06879991
34920,0.06038525
34921,0.2567202
34922,0.062162533
34923,0.26132143
34924,0.061976716
34925,0.062117103
34926,0.061476372
34927,0.06900108
34928,0.057038408
34929,0.07093338
34930,0.06582667
34931,0.27644083
34932,0.062052593
34933,0.057292826
34934,0.06300837
34935,0.2709257
34936,0.053554084
34937,0.06816385
34938,0.0642556
34939,0.060524322
34940,0.06892674
34941,0.07346066
34942,0.06253
34943,0.06317814
34944,0.06809758
34945,0.27229714
34946,0.6570289
34947,0.068295576
34948,0.06601886
34949,0.06750217
34950,0.06534446
34951,0.0673716
34952,0.05749898
34953,0.07244857
34954,0.06664118
34955,0.05854545
34956,0.06580583
34957,0.07120373
34958,0.06485817
34959,0.06604537
34960,0.06295197
34961,0.058324374
34962,0.057735253
34963,0.06633707
34964,0.0642007
34965,0.6389459
34966,0.05717926
34967,0.06909571
34968,0.068614766
34969,0.057370093
34970,0.066906154
34971,0.6688744
34972,0.067412734
34973,0.27126905
34974,0.09026311
34975,0.071590714
34976,0.060719777
34977,0.06522288
34978,0.05526434
34979,0.0657466
34980,0.27832982
34981,0.0657893
34982,0.05971755
34983,0.069996744
34984,0.0678118
34985,0.06709508
34986,0.05685858
34987,0.05431413
34988,0.061026987
34989,0.06343484
34990,0.064672634
34991,0.7116435
34992,0.06377606
34993,0.05091807
34994,0.06174765
34995,0.07555586
34996,0.06221338
34997,0.05760057
34998,0.27715054
34999,0.06816385
35000,0.27080783
35001,0.06924571
35002,0.06153934
35003,0.06750569
35004,0.05837278
35005,0.06443366
35006,0.07093338
35007,0.5700366
35008,0.061424818
35009,0.26551363
35010,0.06883125
35011,0.069870606
35012,0.05687231
35013,0.26568404
35014,0.65309864
35015,0.26932758
35016,0.07092606
35017,0.06498807
35018,0.07202213
35019,0.057489317
35020,0.07366277
35021,0.06300895
35022,0.061026987
35023,0.064594574
35024,0.8378083
35025,0.066906154
35026,0.06384917
35027,0.06601592
35028,0.06016088
35029,0.062122382
35030,0.06727511
35031,0.5989732
35032,0.06295197
35033,0.27212065
35034,0.06317814
35035,0.060719777
35036,0.062439572
35037,0.05526434
35038,0.06559293
35039,0.0614674
35040,0.070117295
35041,0.0659796
35042,0.06592863
35043,0.077815175
35044,0.06295197
35045,0.066177286
35046,0.06481202
35047,0.064197265
35048,0.06301306
35049,0.057476155
35050,0.06750569
35051,0.058071334
35052,0.062355667
35053,0.57596934
35054,0.065288305
35055,0.2805687
35056,0.077482134
35057,0.056395087
35058,0.06044217
35059,0.06427717
35060,0.06333752
35061,0.068386815
35062,0.61805123
35063,0.060547475
35064,0.06453318
35065,0.066813655
35066,0.06271382
35067,0.06382558
35068,0.056399897
35069,0.06605018
35070,0.064061195
35071,0.066196404
35072,0.067914866
35073,0.056426425
35074,0.6872651
35075,0.057476155
35076,0.06177407
35077,0.07295938
35078,0.08445813
35079,0.06333752
35080,0.06247092
35081,0.07345055
35082,0.06807667
35083,0.062577866
35084,0.05895467
35085,0.061833356
35086,0.06929327
35087,0.0708668
35088,0.123535745
35089,0.058784496
35090,0.06414996
35091,0.057038408
35092,0.068386815
35093,0.0616055
35094,0.06492868
35095,0.055257574
35096,0.068858415
35097,0.06809758
35098,0.05433332
35099,0.06824384
35100,0.06492868
35101,0.06078205
35102,0.061476372
35103,0.06384917
35104,0.06453318
35105,0.0657466
35106,0.063048474
35107,0.07346066
35108,0.059750527
35109,0.06993608
35110,0.27459684
35111,0.05467528
35112,0.7874285
35113,0.064728126
35114,0.07067035
35115,0.06016407
35116,0.06273268
35117,0.06331045
35118,0.06286753
35119,0.06709508
35120,0.06706656
35121,0.06286753
35122,0.06503145
35123,0.06793187
35124,0.066177286
35125,0.056334022
35126,0.066078626
35127,0.060786404
35128,0.06939209
35129,0.06331045
35130,0.05091807
35131,0.065503635
35132,0.068524666
35133,0.06016407
35134,0.06448068
35135,0.051358815
35136,0.064237684
35137,0.058952346
35138,0.06448598
35139,0.06299406
35140,0.06513789
35141,0.27788106
35142,0.06300837
35143,0.07571795
35144,0.06543003
35145,0.0570443
35146,0.0642007
35147,0.06605971
35148,0.057489317
35149,0.06764801
35150,0.05685858
35151,0.065574706
35152,0.06407551
35153,0.0646084
35154,0.068386815
35155,0.06455977
35156,0.052580398
35157,0.071058616
35158,0.06104835
35159,0.062560156
35160,0.060021743
35161,0.061842486
35162,0.062457543
35163,0.06900108
35164,0.06809758
35165,0.06559293
35166,0.0708668
35167,0.091588125
35168,0.064372234
35169,0.06495365
35170,0.27468142
35171,0.2762319
35172,0.06455977
35173,0.06333752
35174,0.06580583
35175,0.05685858
35176,0.06601071
35177,0.059091847
35178,0.068289146
35179,0.06511095
35180,0.06039025
35181,0.06548863
35182,0.06435436
35183,0.06602745
35184,0.06313972
35185,0.0638821
35186,0.07099177
35187,0.6039407
35188,0.06556206
35189,0.06280467
35190,0.063701004
35191,0.6365818
35192,0.27657422
35193,0.06429737
35194,0.05625356
35195,0.07012116
35196,0.91933244
35197,0.06536111
35198,0.5736455
35199,0.06435436
35200,0.6423296
35201,0.063804135
35202,0.053542804
35203,0.06302914
35204,0.05921935
35205,0.26771832
35206,0.063860185
35207,0.5898928
35208,0.28288954
35209,0.053571984
35210,0.27251005
35211,0.07131648
35212,0.06756721
35213,0.06463072
35214,0.06705353
35215,0.05809014
35216,0.0638821
35217,0.114291064
35218,0.6234371
35219,0.63198966
35220,0.5875707
35221,0.06636508
35222,0.05860074
35223,0.066008426
35224,0.2773325
35225,0.06278667
35226,0.066318385
35227,0.06274067
35228,0.065025076
35229,0.07029507
35230,0.0605097
35231,0.2714065
35232,0.07329455
35233,0.63902235
35234,0.2859054
35235,0.27338427
35236,0.7118763
35237,0.06416471
35238,0.61008763
35239,0.06831053
35240,0.063191876
35241,0.066515155
35242,0.060206875
35243,0.062498357
35244,0.07942774
35245,0.061163735
35246,0.06143808
35247,0.06700061
35248,0.06754177
35249,0.06624954
35250,0.06626782
35251,0.06742389
35252,0.2782024
35253,0.06159122
35254,0.05726091
35255,0.054664403
35256,0.065688245
35257,0.065282054
35258,0.06778221
35259,0.06686904
35260,0.06702562
35261,0.0634927
35262,0.057825424
35263,0.06158594
35264,0.06826469
35265,0.06143808
35266,0.061504383
35267,0.06743534
35268,0.060452845
35269,0.6327401
35270,0.0605097
35271,0.27924103
35272,0.6611905
35273,0.62408715
35274,0.06665224
35275,0.07285369
35276,0.06373267
35277,0.061527543
35278,0.07092327
35279,0.27352244
35280,0.056762576
35281,0.061495095
35282,0.6263383
35283,0.65565395
35284,0.059171643
35285,0.06592819
35286,0.061464865
35287,0.27258968
35288,0.06584926
35289,0.0627688
35290,0.06285503
35291,0.63422173
35292,0.58547693
35293,0.068315774
35294,0.06725538
35295,0.07060014
35296,0.06601071
35297,0.06225687
35298,0.062116176
35299,0.057833128
35300,0.06275628
35301,0.07303817
35302,0.06528923
35303,0.06556697
35304,0.07156291
35305,0.063860185
35306,0.060694948
35307,0.071988925
35308,0.05580275
35309,0.06513896
35310,0.066204995
35311,0.06796857
35312,0.07270686
35313,0.06345041
35314,0.071120635
35315,0.061640725
35316,0.0634996
35317,0.064335056
35318,0.07015089
35319,0.058538172
35320,0.061067533
35321,0.0605097
35322,0.6234624
35323,0.6161339
35324,0.0601113
35325,0.061673816
35326,0.06725538
35327,0.063119195
35328,0.06506248
35329,0.06742389
35330,0.061929353
35331,0.06601071
35332,0.06049789
35333,0.27809414
35334,0.05895214
35335,0.06819711
35336,0.06271316
35337,0.06372334
35338,0.058741804
35339,0.27321616
35340,0.2876261
35341,0.5949103
35342,0.0627688
35343,0.06322971
35344,0.0605097
35345,0.06633828
35346,0.070601456
35347,0.06729735
35348,0.27023858
35349,0.066884026
35350,0.61432904
35351,0.06316713
35352,0.07038851
35353,0.06330036
35354,0.06093373
35355,0.06072359
35356,0.06827372
35357,0.058487985
35358,0.060635187
35359,0.06295954
35360,0.07049251
35361,0.06175348
35362,0.058550876
35363,0.05625589
35364,0.05900987
35365,0.058648933
35366,0.27251005
35367,0.69386905
35368,0.058648933
35369,0.060660094
35370,0.06649826
35371,0.06585492
35372,0.067374706
35373,0.05820586
35374,0.07012808
35375,0.061238725
35376,0.062295776
35377,0.06820055
35378,0.08424073
35379,0.056814726
35380,0.06416975
35381,0.060452845
35382,0.068315774
35383,0.06672767
35384,0.061177336
35385,0.060145825
35386,0.061324008
35387,0.0601391
35388,0.06477362
35389,0.065061696
35390,0.062418796
35391,0.07311038
35392,0.066515155
35393,0.63261807
35394,0.27856106
35395,0.27492377
35396,0.07099391
35397,0.07038851
35398,0.061236005
35399,0.06826469
35400,0.07012116
35401,0.06935724
35402,0.0638821
35403,0.054664403
35404,0.06116254
35405,0.066841155
35406,0.06686904
35407,0.06492514
35408,0.06436301
35409,0.06771972
35410,0.06470294
35411,0.0639441
35412,0.06329868
35413,0.070195176
35414,0.062195443
35415,0.063505016
35416,0.0627688
35417,0.64982766
35418,0.06862306
35419,0.05809014
35420,0.058699857
35421,0.063479565
35422,0.06536728
35423,0.06329868
35424,0.06542113
35425,0.26439464
35426,0.07099177
35427,0.062195443
35428,0.06274067
35429,0.06316713
35430,0.063941285
35431,0.06463072
35432,0.06496597
35433,0.06585492
35434,0.06365067
35435,0.27675632
35436,0.06610786
35437,0.06059493
35438,0.06407733
35439,0.64164287
35440,0.06422775
35441,0.061743356
35442,0.28270665
35443,0.063479565
35444,0.2779137
35445,0.27941132
35446,0.06729735
35447,0.0667333
35448,0.06623238
35449,0.07317597
35450,0.06536728
35451,0.0634927
35452,0.26771832
35453,0.06285503
35454,0.05875193
35455,0.06239196
35456,0.06565448
35457,0.061114747
35458,0.06822463
35459,0.06546604
35460,0.058538172
35461,0.06757788
35462,0.27938616
35463,0.059434444
35464,0.06585492
35465,0.06754177
35466,0.065284066
35467,0.2618433
35468,0.06637718
35469,0.06556206
35470,0.06391718
35471,0.07086395
35472,0.5928845
35473,0.054664403
35474,0.06331933
35475,0.58653176
35476,0.06633828
35477,0.0790649
35478,0.060978103
35479,0.060437072
35480,0.07036404
35481,0.060883556
35482,0.28724575
35483,0.5597443
35484,0.06556206
35485,0.067776665
35486,0.066338204
35487,0.27321616
35488,0.070998706
35489,0.07015089
35490,0.5822637
35491,0.064629756
35492,0.06116759
35493,0.054048106
35494,0.05809014
35495,0.06311801
35496,0.06407733
35497,0.06125414
35498,0.64459425
35499,0.071988925
35500,0.59985065
35501,0.066166386
35502,0.05657664
35503,0.2773325
35504,0.068315774
35505,0.06403627
35506,0.06484356
35507,0.060800426
35508,0.061673816
35509,0.492055
35510,0.059610322
35511,0.061821103
35512,0.27419436
35513,0.06321356
35514,0.27615657
35515,0.277949
35516,0.6780119
35517,0.061438818
35518,0.06416483
35519,0.06750892
35520,0.070195176
35521,0.4689965
35522,0.65441215
35523,0.6234371
35524,0.053571984
35525,0.067776665
35526,0.06700061
35527,0.0580851
35528,0.06222541
35529,0.06365994
35530,0.06353297
35531,0.06311424
35532,0.06286461
35533,0.061473466
35534,0.06626782
35535,0.056762576
35536,0.065851994
35537,0.069106355
35538,0.06422775
35539,0.059003096
35540,0.27078664
35541,0.062211152
35542,0.062334742
35543,0.062211152
35544,0.2829219
35545,0.068937495
35546,0.06571727
35547,0.63943404
35548,0.609079
35549,0.626
35550,0.08106781
35551,0.06280738
35552,0.057791118
35553,0.065875344
35554,0.48740008
35555,0.059091847
35556,0.06322971
35557,0.06700061
35558,0.066582695
35559,0.0647343
35560,0.06282539
35561,0.06536111
35562,0.66651446
35563,0.06616296
35564,0.06859923
35565,0.064874426
35566,0.06049789
35567,0.06459795
35568,0.05625356
35569,0.2734812
35570,0.05994996
35571,0.058550876
35572,0.06484369
35573,0.06750892
35574,0.061238725
35575,0.58007795
35576,0.66260946
35577,0.6496923
35578,0.06471842
35579,0.07060014
35580,0.058875766
35581,0.06271316
35582,0.73067266
35583,0.06295954
35584,0.2714065
35585,0.07164614
35586,0.06754788
35587,0.06597741
35588,0.06585492
35589,0.062516294
35590,0.062013138
35591,0.06345041
35592,0.74499345
35593,0.63637453
35594,0.06239196
35595,0.06729735
35596,0.056814726
35597,0.06665224
35598,0.064287715
35599,0.06778339
35600,0.06480093
35601,0.0634996
35602,0.069008954
35603,0.066166386
35604,0.05349774
35605,0.053571984
35606,0.06422775
35607,0.6561661
35608,0.60097396
35609,0.625962
35610,0.057422306
35611,0.059158485
35612,0.27058062
35613,0.6214922
35614,0.06831053
35615,0.078620836
35616,0.064305246
35617,0.06742389
35618,0.061219748
35619,0.06749442
35620,0.06412713
35621,0.63510805
35622,0.737501
35623,0.060883556
35624,0.06601071
35625,0.06436301
35626,0.066057235
35627,0.07329455
35628,0.2721149
35629,0.064335056
35630,0.060996875
35631,0.06487537
35632,0.065284066
35633,0.084155306
35634,0.07012808
35635,0.070500374
35636,0.27059215
35637,0.57834584
35638,0.069491066
35639,0.06316713
35640,0.05809014
35641,0.06538801
35642,0.061438818
35643,0.055230275
35644,0.06321356
35645,0.07086818
35646,0.06547326
35647,0.06862306
35648,0.2899842
35649,0.604049
35650,0.2747232
35651,0.0601391
35652,0.06329492
35653,0.061469108
35654,0.05900987
35655,0.65689784
35656,0.05805765
35657,0.06470294
35658,0.06239196
35659,0.06115626
35660,0.06827372
35661,0.06384232
35662,0.26534036
35663,0.85037315
35664,0.6170108
35665,0.060016815
35666,0.65615016
35667,0.26740155
35668,0.0638693
35669,0.06527639
35670,0.06505263
35671,0.059646197
35672,0.06637718
35673,0.64893985
35674,0.08083732
35675,0.054425593
35676,0.065005355
35677,0.053391807
35678,0.0647343
35679,0.6364258
35680,0.6233573
35681,0.63615096
35682,0.61999774
35683,0.056006134
35684,0.070500374
35685,0.6845407
35686,0.05539171
35687,0.06439719
35688,0.061277047
35689,0.06428183
35690,0.61842096
35691,0.2707009
35692,0.06236475
35693,0.66842085
35694,0.5782308
35695,0.06072359
35696,0.058887217
35697,0.06400716
35698,0.062157966
35699,0.070723236
35700,0.06718768
35701,0.06539319
35702,0.06729228
35703,0.0689537
35704,0.07360071
35705,0.07038851
35706,0.6586152
35707,0.60660774
35708,0.587841
35709,0.27501145
35710,0.7734947
35711,0.06416975
35712,0.06513896
35713,0.0605097
35714,0.2638764
35715,0.06536728
35716,0.058498006
35717,0.06528923
35718,0.060937256
35719,0.06624797
35720,0.06347116
35721,0.058648933
35722,0.07385703
35723,0.06601071
35724,0.059512425
35725,0.06360053
35726,0.061585326
35727,0.07311038
35728,0.06319775
35729,0.048207194
35730,0.05636307
35731,0.67444336
35732,0.26918715
35733,0.58982086
35734,0.6132755
35735,0.63861585
35736,0.30914053
35737,0.075479485
35738,0.059629563
35739,0.07190434
35740,0.06116254
35741,0.060145825
35742,0.059003096
35743,0.06536111
35744,0.63637453
35745,0.06183927
35746,0.08821176
35747,0.07942774
35748,0.057833128
35749,0.27759737
35750,0.07422542
35751,0.060165618
35752,0.07228357
35753,0.05895214
35754,0.06742389
35755,0.062460072
35756,0.06511095
35757,0.81636125
35758,0.63957816
35759,0.2800333
35760,0.62901783
35761,0.5770857
35762,0.7719692
35763,0.06414638
35764,0.06195499
35765,0.06575039
35766,0.06996253
35767,0.06602459
35768,0.060443923
35769,0.06408521
35770,0.27807856
35771,0.5898928
35772,0.06539319
35773,0.27569482
35774,0.06536111
35775,0.067170806
35776,0.064287715
35777,0.061177336
35778,0.2707009
35779,0.06597741
35780,0.06505263
35781,0.06743534
35782,0.062157966
35783,0.061011128
35784,0.06278667
35785,0.68367255
35786,0.64969635
35787,0.6197193
35788,0.69177747
35789,0.6653907
35790,0.059969824
35791,0.06321356
35792,0.0634932
35793,0.06638178
35794,0.06019104
35795,0.06081594
35796,0.06912585
35797,0.05717202
35798,0.06433077
35799,0.06329492
35800,0.2747739
35801,0.06093373
35802,0.06287024
35803,0.6658356
35804,0.06837574
35805,0.06513896
35806,0.06490018
35807,0.2723207
35808,0.071120635
35809,0.28922856
35810,0.053391807
35811,0.05756576
35812,0.060738537
35813,0.06464482
35814,0.06484356
35815,0.066338204
35816,0.06545019
35817,0.064610995
35818,0.05900987
35819,0.07012808
35820,0.07015089
35821,0.061114747
35822,0.29187736
35823,0.06507729
35824,0.057210423
35825,0.06637718
35826,0.07329455
35827,0.05756576
35828,0.06619539
35829,0.06827372
35830,0.06935724
35831,0.06439719
35832,0.27210167
35833,0.7338719
35834,0.062257875
35835,0.06693032
35836,0.06749442
35837,0.05875193
35838,0.06321356
35839,0.05875193
35840,0.064235054
35841,0.06796857
35842,0.2967664
35843,0.06422775
35844,0.06528923
35845,0.065477066
35846,0.06459795
35847,0.057004392
35848,0.06308112
35849,0.061067533
35850,0.6197284
35851,0.061495095
35852,0.06492514
35853,0.065282054
35854,0.06556206
35855,0.7719692
35856,0.06819711
35857,0.069106355
35858,0.059303325
35859,0.06322971
35860,0.062116176
35861,0.060955275
35862,0.092027254
35863,0.06183927
35864,0.061238725
35865,0.064545415
35866,0.063826
35867,0.63615096
35868,0.06490112
35869,0.063191876
35870,0.0605097
35871,0.056814726
35872,0.07012808
35873,0.058965757
35874,0.06822463
35875,0.05625589
35876,0.058098126
35877,0.29187736
35878,0.058741804
35879,0.06723979
35880,0.06109458
35881,0.057825424
35882,0.06729735
35883,0.2783831
35884,0.06970594
35885,0.30075067
35886,0.058538172
35887,0.0630532
35888,0.06693032
35889,0.077261366
35890,0.07031655
35891,0.058648933
35892,0.2747989
35893,0.2753436
35894,0.058320962
35895,0.06915626
35896,0.05895214
35897,0.06388256
35898,0.2876261
35899,0.59842265
35900,0.27268788
35901,0.06110391
35902,0.059148613
35903,0.06334759
35904,0.060239438
35905,0.06719393
35906,0.062116176
35907,0.07038851
35908,0.5951758
35909,0.06546604
35910,0.059091847
35911,0.06551848
35912,0.062195443
35913,0.06059493
35914,0.59224796
35915,0.063903384
35916,0.2748485
35917,0.06575039
35918,0.06407733
35919,0.05951597
35920,0.06624797
35921,0.06601071
35922,0.062498357
35923,0.062418796
35924,0.06275628
35925,0.065003
35926,0.061673816
35927,0.06822463
35928,0.058098126
35929,0.2876261
35930,0.0686844
35931,0.06509642
35932,0.059171643
35933,0.066057235
35934,0.058320962
35935,0.06388256
35936,0.5970138
35937,0.07137513
35938,0.2793874
35939,0.06256986
35940,0.06976955
35941,0.060443923
35942,0.066166386
35943,0.05875193
35944,0.63878655
35945,0.06761928
35946,0.06372334
35947,0.063479565
35948,0.06737311
35949,0.064545415
35950,0.077261366
35951,0.07580101
35952,0.06819711
35953,0.06598658
35954,0.059303325
35955,0.06175348
35956,0.061824825
35957,0.07029507
35958,0.60086936
35959,0.06415808
35960,0.06513896
35961,0.06278667
35962,0.06109506
35963,0.06819711
35964,0.07049251
35965,0.06593908
35966,0.058741804
35967,0.06672767
35968,0.06754788
35969,0.05269427
35970,0.05805765
35971,0.06831053
35972,0.06427044
35973,0.08106781
35974,0.07270686
35975,0.068937495
35976,0.06387496
35977,0.060907587
35978,0.069772944
35979,0.26922834
35980,0.065003
35981,0.0647343
35982,0.06439719
35983,0.067170806
35984,0.057422306
35985,0.06702562
35986,0.06756714
35987,0.06450973
35988,0.06411554
35989,0.066714264
35990,0.0630532
35991,0.06769314
35992,0.063826
35993,0.06802712
35994,0.26554576
35995,0.06976955
35996,0.28922856
35997,0.06633828
35998,0.066515155
35999,0.060911033
36000,0.06973124
36001,0.06511095
36002,0.064305246
36003,0.067392804
36004,0.06313972
36005,0.07111654
36006,0.064620055
36007,0.0631889
36008,0.065022424
36009,0.065486595
36010,0.058098126
36011,0.06490112
36012,0.06527639
36013,0.06321356
36014,0.06327097
36015,0.07099177
36016,0.060446486
36017,0.0652695
36018,0.06547326
36019,0.06143808
36020,0.2829219
36021,0.05809014
36022,0.0638821
36023,0.06435436
36024,0.0655623
36025,0.06428183
36026,0.06705907
36027,0.06319775
36028,0.070884675
36029,0.0688125
36030,0.06500958
36031,0.06059493
36032,0.06365067
36033,0.07245999
36034,0.06275628
36035,0.06372334
36036,0.06365067
36037,0.06416471
36038,0.064287715
36039,0.085663244
36040,0.06093373
36041,0.06575039
36042,0.06318759
36043,0.06414638
36044,0.062904514
36045,0.06837574
36046,0.06274067
36047,0.063858934
36048,0.060443923
36049,0.28567237
36050,0.28270665
36051,0.07086818
36052,0.061233412
36053,0.06661901
36054,0.057165597
36055,0.067698255
36056,0.06016508
36057,0.0622071
36058,0.06330008
36059,0.0633916
36060,0.06358208
36061,0.0643386
36062,0.059821647
36063,0.05973419
36064,0.06550292
36065,0.6163675
36066,0.06525671
36067,0.068388164
36068,0.063285306
36069,0.26614186
36070,0.69545597
36071,0.061229303
36072,0.06955233
36073,0.06338238
36074,0.29200348
36075,0.0540974
36076,0.5891573
36077,0.060218368
36078,0.06069726
36079,0.06429749
36080,0.063692674
36081,0.062815554
36082,0.693824
36083,0.59325975
36084,0.2712485
36085,0.064029105
36086,0.05810945
36087,0.27457926
36088,0.057406195
36089,0.070566066
36090,0.051098295
36091,0.06150307
36092,0.06306748
36093,0.06755322
36094,0.27544165
36095,0.62452424
36096,0.700454
36097,0.0648399
36098,0.063692674
36099,0.27352473
36100,0.06988794
36101,0.062059943
36102,0.06525671
36103,0.07136575
36104,0.070147045
36105,0.06998876
36106,0.6179688
36107,0.27024916
36108,0.3056724
36109,0.6314911
36110,0.067469165
36111,0.06518994
36112,0.6228126
36113,0.0635362
36114,0.0645815
36115,0.06737187
36116,0.06698772
36117,0.082148984
36118,0.06779768
36119,0.064950176
36120,0.022019483
36121,0.06518994
36122,0.06705563
36123,0.06818508
36124,0.060238346
36125,0.0677934
36126,0.30949402
36127,0.062225323
36128,0.062314395
36129,0.054817338
36130,0.06329819
36131,0.07322163
36132,0.06374124
36133,0.06779768
36134,0.06641872
36135,0.060273215
36136,0.07311541
36137,0.059432805
36138,0.061352994
36139,0.06214239
36140,0.06705606
36141,0.64872617
36142,0.24681404
36143,0.059445675
36144,0.5685374
36145,0.6212762
36146,0.065016404
36147,0.061843727
36148,0.06556019
36149,0.063128866
36150,0.06951953
36151,0.0628288
36152,0.06671747
36153,0.058616668
36154,0.2740995
36155,0.62604356
36156,0.63765055
36157,0.06323898
36158,0.072041266
36159,0.07638329
36160,0.07368906
36161,0.27787888
36162,0.06816717
36163,0.06718451
36164,0.06417247
36165,0.0697716
36166,0.062396128
36167,0.6685231
36168,0.68291086
36169,0.06696411
36170,0.06485245
36171,0.06465305
36172,0.060828406
36173,0.07106052
36174,0.062391467
36175,0.08977813
36176,0.059296694
36177,0.06523856
36178,0.061352994
36179,0.06780331
36180,0.063884936
36181,0.06660999
36182,0.061865576
36183,0.0633916
36184,0.063317694
36185,0.060950577
36186,0.06955233
36187,0.062396128
36188,0.06520998
36189,0.06468045
36190,0.06410921
36191,0.06520998
36192,0.06485245
36193,0.06428914
36194,0.06981373
36195,0.06346048
36196,0.07433381
36197,0.06464306
36198,0.5692796
36199,0.693824
36200,0.062022846
36201,0.062694825
36202,0.060410567
36203,0.064735234
36204,0.060828406
36205,0.05797271
36206,0.06911287
36207,0.058839984
36208,0.066496454
36209,0.27495435
36210,0.06671747
36211,0.066002645
36212,0.057693664
36213,0.06428914
36214,0.064029105
36215,0.2766124
36216,0.28021544
36217,0.26226106
36218,0.07251021
36219,0.06723869
36220,0.05508163
36221,0.06674692
36222,0.068105005
36223,0.27093488
36224,0.062342837
36225,0.664102
36226,0.062022846
36227,0.060469396
36228,0.070615806
36229,0.06702602
36230,0.07264789
36231,0.06578886
36232,0.060410567
36233,0.06681922
36234,0.06340168
36235,0.065741405
36236,0.06260897
36237,0.063692674
36238,0.29068705
36239,0.6393925
36240,0.08393889
36241,0.055701237
36242,0.067554414
36243,0.05713314
36244,0.058432717
36245,0.06525671
36246,0.061724193
36247,0.06305099
36248,0.07072847
36249,0.09795945
36250,0.06271477
36251,0.060149558
36252,0.06393664
36253,0.054570373
36254,0.06340405
36255,0.065415636
36256,0.063824356
36257,0.06714869
36258,0.07013544
36259,0.06289198
36260,0.058689505
36261,0.060579926
36262,0.066007756
36263,0.06639625
36264,0.2704534
36265,0.27183795
36266,0.27796793
36267,0.06898282
36268,0.06659275
36269,0.06002326
36270,0.06375954
36271,0.06280872
36272,0.061108973
36273,0.06765071
36274,0.062095445
36275,0.056657623
36276,0.0622071
36277,0.067280784
36278,0.07698827
36279,0.06595035
36280,0.06259675
36281,0.06599587
36282,0.06891934
36283,0.06329759
36284,0.29137674
36285,0.6007955
36286,0.06462162
36287,0.06955233
36288,0.06114571
36289,0.0603811
36290,0.061356872
36291,0.063556544
36292,0.066962875
36293,0.06305099
36294,0.06194549
36295,0.27756783
36296,0.05317534
36297,0.06169865
36298,0.06118796
36299,0.07337446
36300,0.06838038
36301,0.062995456
36302,0.072041266
36303,0.06294189
36304,0.6155205
36305,0.06396398
36306,0.06329759
36307,0.06595035
36308,0.55477834
36309,0.0680338
36310,0.07251021
36311,0.06279321
36312,0.06818508
36313,0.28065845
36314,0.5163709
36315,0.06398288
36316,0.064796574
36317,0.06437866
36318,0.05334324
36319,0.059432805
36320,0.06981373
36321,0.063824356
36322,0.28021544
36323,0.063128866
36324,0.06543114
36325,0.0652854
36326,0.062039394
36327,0.059132114
36328,0.06068465
36329,0.06539682
36330,0.0577815
36331,0.06349136
36332,0.27871862
36333,0.06439993
36334,0.057165597
36335,0.06671747
36336,0.06413816
36337,0.065828346
36338,0.059432905
36339,0.06454281
36340,0.06421436
36341,0.06451955
36342,0.56411546
36343,0.061865576
36344,0.061108973
36345,0.27839914
36346,0.06349136
36347,0.05691223
36348,0.07454986
36349,0.064796574
36350,0.05334324
36351,0.06092285
36352,0.26510337
36353,0.44396126
36354,0.0645815
36355,0.06623113
36356,0.05904144
36357,0.27558455
36358,0.070566066
36359,0.07322163
36360,0.565238
36361,0.06829622
36362,0.06539682
36363,0.06879918
36364,0.064453416
36365,0.2746728
36366,0.6011121
36367,0.06330008
36368,0.5669351
36369,0.06346723
36370,0.058916956
36371,0.06556019
36372,0.05688122
36373,0.059119336
36374,0.06470956
36375,0.058148447
36376,0.06848126
36377,0.6279888
36378,0.04209719
36379,0.07264789
36380,0.28752655
36381,0.060273215
36382,0.05597648
36383,0.27756783
36384,0.06550292
36385,0.0714564
36386,0.28105628
36387,0.28564176
36388,0.06198148
36389,0.59097904
36390,0.6142416
36391,0.5814847
36392,0.06205393
36393,0.2924182
36394,0.06737187
36395,0.06340405
36396,0.07162243
36397,0.06483403
36398,0.061229303
36399,0.06445518
36400,0.05587511
36401,0.06426584
36402,0.062978886
36403,0.0668933
36404,0.06651545
36405,0.066727996
36406,0.06410921
36407,0.06641872
36408,0.07013544
36409,0.06791663
36410,0.06214239
36411,0.27688143
36412,0.06177029
36413,0.6451598
36414,0.6054825
36415,0.61455566
36416,0.063365534
36417,0.062396128
36418,0.05807364
36419,0.57389915
36420,0.07077828
36421,0.06389887
36422,0.06518994
36423,0.057406195
36424,0.06357484
36425,0.06763995
36426,0.08875737
36427,0.061446805
36428,0.6531061
36429,0.06374153
36430,0.066834114
36431,0.06829622
36432,0.06083328
36433,0.061188925
36434,0.063133635
36435,0.71024257
36436,0.06588165
36437,0.066653475
36438,0.062096354
36439,0.06462162
36440,0.6229821
36441,0.6451598
36442,0.50557894
36443,0.06470956
36444,0.06323681
36445,0.06526796
36446,0.0708819
36447,0.63920385
36448,0.06634694
36449,0.2797127
36450,0.066653475
36451,0.060273215
36452,0.06416867
36453,0.06271477
36454,0.060828406
36455,0.06291275
36456,0.06573237
36457,0.6292455
36458,0.6082389
36459,0.06570916
36460,0.06358208
36461,0.06507352
36462,0.06068465
36463,0.062039394
36464,0.06302048
36465,0.060273215
36466,0.06151727
36467,0.0629666
36468,0.06702602
36469,0.062342837
36470,0.06297044
36471,0.63533026
36472,0.5685266
36473,0.7263009
36474,0.06017389
36475,0.06550292
36476,0.27042603
36477,0.84010035
36478,0.065828346
36479,0.0645815
36480,0.06279321
36481,0.06639625
36482,0.0646473
36483,0.5635269
36484,0.73743856
36485,0.063365534
36486,0.06366947
36487,0.062995456
36488,0.06007113
36489,0.06911287
36490,0.2622909
36491,0.064029105
36492,0.063165605
36493,0.067482345
36494,0.063387126
36495,0.06442986
36496,0.05797271
36497,0.62154835
36498,0.65606046
36499,0.06442986
36500,0.06686314
36501,0.06526796
36502,0.062815554
36503,0.06616932
36504,0.062314395
36505,0.061781038
36506,0.064959146
36507,0.08455759
36508,0.05952669
36509,0.064277194
36510,0.6290174
36511,0.6566143
36512,0.0645815
36513,0.0634159
36514,0.0652854
36515,0.05691223
36516,0.06591836
36517,0.79049486
36518,0.06523856
36519,0.06891934
36520,0.06223715
36521,0.05952669
36522,0.05317534
36523,0.7477782
36524,0.27871862
36525,0.27021816
36526,0.060719863
36527,0.59030145
36528,0.28626916
36529,0.067378506
36530,0.06368118
36531,0.06595035
36532,0.06118796
36533,0.063615195
36534,0.6137423
36535,0.061127365
36536,0.06305387
36537,0.060952514
36538,0.06692626
36539,0.06115193
36540,0.65567875
36541,0.27040786
36542,0.6362273
36543,0.57134455
36544,0.060661744
36545,0.06467759
36546,0.27975875
36547,0.063972086
36548,0.063611135
36549,0.062995456
36550,0.06951953
36551,0.60979426
36552,0.2780412
36553,0.064950176
36554,0.6280609
36555,0.5528039
36556,0.06634694
36557,0.05846963
36558,0.063128866
36559,0.06016508
36560,0.0714564
36561,0.069642834
36562,0.062342837
36563,0.06335484
36564,0.062584415
36565,0.0633916
36566,0.05317534
36567,0.57839406
36568,0.6524148
36569,0.5905104
36570,0.29200348
36571,0.5711343
36572,0.065097116
36573,0.054570373
36574,0.06338238
36575,0.06568874
36576,0.2925984
36577,0.0563284
36578,0.06312193
36579,0.067039065
36580,0.06737187
36581,0.059821874
36582,0.06514459
36583,0.065415636
36584,0.06304969
36585,0.062978886
36586,0.05969966
36587,0.06642532
36588,0.063611135
36589,0.06832429
36590,0.07072847
36591,0.059432805
36592,0.6524148
36593,0.27017218
36594,0.6355582
36595,0.6093402
36596,0.5800161
36597,0.28583452
36598,0.06363577
36599,0.06818508
36600,0.07295156
36601,0.058232322
36602,0.055691022
36603,0.060410567
36604,0.06148076
36605,0.6024554
36606,0.06642532
36607,0.05865509
36608,0.06411922
36609,0.063611135
36610,0.27103972
36611,0.06737187
36612,0.059094805
36613,0.05670733
36614,0.06522697
36615,0.0634159
36616,0.0675035
36617,0.06340405
36618,0.06487521
36619,0.06913541
36620,0.58221257
36621,0.61184174
36622,0.2821711
36623,0.60389006
36624,0.2799527
36625,0.2805295
36626,0.05508163
36627,0.06623113
36628,0.06755322
36629,0.06123144
36630,0.0603811
36631,0.05709086
36632,0.05587511
36633,0.05991451
36634,0.706146
36635,0.062095445
36636,0.5762526
36637,0.06297093
36638,0.06459833
36639,0.06259675
36640,0.065690435
36641,0.27040786
36642,0.06573237
36643,0.05508163
36644,0.067934565
36645,0.067276105
36646,0.07454986
36647,0.66385895
36648,0.57134455
36649,0.60345036
36650,0.6647234
36651,0.79049486
36652,0.062140167
36653,0.06397526
36654,0.07337446
36655,0.058432717
36656,0.06698772
36657,0.060135774
36658,0.063128866
36659,0.0677934
36660,0.062342837
36661,0.2802202
36662,0.063142926
36663,0.06569632
36664,0.8487277
36665,0.07077828
36666,0.05746451
36667,0.06307073
36668,0.06484307
36669,0.26945537
36670,0.061553504
36671,0.275006
36672,0.06642532
36673,0.06375954
36674,0.066508256
36675,0.060883082
36676,0.061231963
36677,0.06642532
36678,0.06327558
36679,0.066177644
36680,0.060613226
36681,0.06832429
36682,0.06326321
36683,0.06393664
36684,0.064654
36685,0.26770222
36686,0.061583593
36687,0.061865576
36688,0.06686314
36689,0.06951789
36690,0.055790648
36691,0.07433381
36692,0.2660223
36693,0.6545207
36694,0.06484307
36695,0.060950577
36696,0.060034357
36697,0.061446805
36698,0.0645815
36699,0.064017296
36700,0.065973595
36701,0.062408864
36702,0.30419686
36703,0.066707216
36704,0.066496454
36705,0.058465283
36706,0.06705563
36707,0.06138354
36708,0.065372884
36709,0.066653475
36710,0.061719056
36711,0.067280784
36712,0.57154715
36713,0.064029105
36714,0.06428934
36715,0.06442986
36716,0.06686314
36717,0.0642292
36718,0.6386236
36719,0.058232322
36720,0.06297044
36721,0.065415636
36722,0.26428095
36723,0.07251021
36724,0.0648399
36725,0.054099847
36726,0.06765071
36727,0.6918451
36728,0.06861141
36729,0.06470956
36730,0.06147156
36731,0.060871538
36732,0.05597648
36733,0.062039394
36734,0.06445518
36735,0.06523856
36736,0.07433381
36737,0.06612596
36738,0.07433381
36739,0.06483403
36740,0.05991451
36741,0.060798652
36742,0.06297228
36743,0.3056724
36744,0.06696411
36745,0.26766688
36746,0.06522697
36747,0.05713314
36748,0.06260897
36749,0.06484307
36750,0.0577815
36751,0.27083668
36752,0.28922912
36753,0.0648709
36754,0.061344046
36755,0.060587946
36756,0.5032169
36757,0.60002995
36758,0.09031762
36759,0.061188925
36760,0.06324679
36761,0.063824356
36762,0.072248414
36763,0.05719814
36764,0.061382838
36765,0.054688945
36766,0.06375954
36767,0.608117
36768,0.06151727
36769,0.061090417
36770,0.05317534
36771,0.06138354
36772,0.06345165
36773,0.06517312
36774,0.6647234
36775,0.05973419
36776,0.27042603
36777,0.063082986
36778,0.060613226
36779,0.06329759
36780,0.061759003
36781,0.060013812
36782,0.06485245
36783,0.059155855
36784,0.06340168
36785,0.07025353
36786,0.06147156
36787,0.061553504
36788,0.07176743
36789,0.05994155
36790,0.066121474
36791,0.06126269
36792,0.06507352
36793,0.0611619
36794,0.06432791
36795,0.05813113
36796,0.07791969
36797,0.06375954
36798,0.7817717
36799,0.060883403
36800,0.07070056
36801,0.062109794
36802,0.064029105
36803,0.06829622
36804,0.066734895
36805,0.06353502
36806,0.5446835
36807,0.06595035
36808,0.063915566
36809,0.06009364
36810,0.05991451
36811,0.06150307
36812,0.2799925
36813,0.06532544
36814,0.06848126
36815,0.06816717
36816,0.291845
36817,0.07311541
36818,0.067280784
36819,0.06447795
36820,0.06254103
36821,0.063972086
36822,0.27787888
36823,0.05973419
36824,0.066653475
36825,0.0680338
36826,0.06315507
36827,0.06543114
36828,0.066002645
36829,0.0659136
36830,0.06308357
36831,0.06002326
36832,0.07101779
36833,0.0697716
36834,0.062503204
36835,0.27495435
36836,0.0668933
36837,0.05399129
36838,0.08886265
36839,0.06279321
36840,0.06485245
36841,0.06174478
36842,0.059509475
36843,0.07080049
36844,0.061719056
36845,0.06136453
36846,0.058856837
36847,0.05904144
36848,0.2705671
36849,0.061356872
36850,0.2601156
36851,0.064735234
36852,0.06470956
36853,0.06686441
36854,0.06591836
36855,0.057391606
36856,0.063128866
36857,0.05587511
36858,0.06335484
36859,0.06879918
36860,0.07641217
36861,0.059445675
36862,0.05810945
36863,0.06570916
36864,0.057406195
36865,0.060135774
36866,0.065372884
36867,0.061724193
36868,0.06671747
36869,0.060273215
36870,0.06214239
36871,0.058659587
36872,0.063611135
36873,0.2718488
36874,0.054817338
36875,0.06009364
36876,0.0648399
36877,0.06329759
36878,0.054817338
36879,0.06346723
36880,0.0540974
36881,0.06264346
36882,0.06327233
36883,0.06595035
36884,0.06092285
36885,0.06040172
36886,0.060828406
36887,0.06325183
36888,0.067101404
36889,0.0622071
36890,0.06375954
36891,0.061696183
36892,0.06315507
36893,0.060950577
36894,0.066799946
36895,0.071407594
36896,0.0647475
36897,0.06546664
36898,0.06674692
36899,0.061759003
36900,0.062584415
36901,0.059131846
36902,0.07136575
36903,0.0652854
36904,0.0585918
36905,0.06682004
36906,0.612023
36907,0.06297093
36908,0.2805295
36909,0.06416867
36910,0.063513614
36911,0.0601642
36912,0.062322013
36913,0.065963075
36914,0.05968726
36915,0.062019452
36916,0.063590355
36917,0.060121577
36918,0.05426295
36919,0.07244761
36920,0.064433135
36921,0.6338451
36922,0.06444648
36923,0.079893105
36924,0.06421498
36925,0.27406982
36926,0.3082072
36927,0.06274882
36928,0.06336377
36929,0.062360022
36930,0.58307165
36931,0.079893105
36932,0.6297017
36933,0.06397392
36934,0.06957696
36935,0.058312006
36936,0.07015092
36937,0.06528816
36938,0.06667605
36939,0.6124155
36940,0.06226045
36941,0.6047268
36942,0.27061996
36943,0.05859893
36944,0.28537503
36945,0.0730642
36946,0.06510472
36947,0.062312525
36948,0.063778095
36949,0.061398264
36950,0.28014982
36951,0.67084664
36952,0.6139103
36953,0.059170812
36954,0.061398264
36955,0.06213486
36956,0.05759669
36957,0.05171917
36958,0.06917661
36959,0.063059695
36960,0.05999391
36961,0.6055603
36962,0.062225383
36963,0.27025422
36964,0.7162993
36965,0.06863494
36966,0.57965696
36967,0.060033135
36968,0.060246278
36969,0.061256945
36970,0.06256588
36971,0.052129142
36972,0.061031293
36973,0.061794467
36974,0.06081454
36975,0.05563691
36976,0.061828937
36977,0.06263781
36978,0.058417447
36979,0.06332783
36980,0.2761882
36981,0.064772174
36982,0.0709194
36983,0.06404226
36984,0.061614636
36985,0.06542694
36986,0.064597055
36987,0.06275182
36988,0.06615459
36989,0.068900034
36990,0.26555791
36991,0.05838571
36992,0.06003746
36993,0.07015092
36994,0.05730247
36995,0.5770344
36996,0.272517
36997,0.058160648
36998,0.06631654
36999,0.6723068
37000,0.7023146
37001,0.061979502
37002,0.060033135
37003,0.061614636
37004,0.05441053
37005,0.058417447
37006,0.06560783
37007,0.06863319
37008,0.0601642
37009,0.06416796
37010,0.2800942
37011,0.6286902
37012,0.27406982
37013,0.061031293
37014,0.06404226
37015,0.0609758
37016,0.26472276
37017,0.06283971
37018,0.058529083
37019,0.06147677
37020,0.2840952
37021,0.46676403
37022,0.063790694
37023,0.057413977
37024,0.07310622
37025,0.06940707
37026,0.059678923
37027,0.062220544
37028,0.06096899
37029,0.06304613
37030,0.06468207
37031,0.068008035
37032,0.06457046
37033,0.06318816
37034,0.06265005
37035,0.062412776
37036,0.06125224
37037,0.058420774
37038,0.061979502
37039,0.278484
37040,0.062450875
37041,0.059319403
37042,0.06175044
37043,0.06412972
37044,0.05666832
37045,0.06301776
37046,0.06201751
37047,0.06066359
37048,0.06275305
37049,0.065967
37050,0.6170724
37051,0.62414616
37052,0.060777992
37053,0.062640466
37054,0.03987343
37055,0.064597055
37056,0.059519865
37057,0.06126432
37058,0.06475965
37059,0.06531117
37060,0.06540049
37061,0.069383115
37062,0.06523083
37063,0.060743902
37064,0.06183577
37065,0.055822264
37066,0.06215548
37067,0.06125224
37068,0.06583739
37069,0.060924813
37070,0.2717015
37071,0.28135952
37072,0.0554511
37073,0.06923837
37074,0.06144118
37075,0.05896702
37076,0.06404226
37077,0.27358168
37078,0.061427277
37079,0.63996273
37080,0.056893773
37081,0.06215196
37082,0.06360165
37083,0.061870307
37084,0.062017526
37085,0.06330967
37086,0.066073745
37087,0.066073745
37088,0.06823688
37089,0.06528525
37090,0.06517193
37091,0.057276685
37092,0.061687365
37093,0.068441376
37094,0.053374767
37095,0.2739365
37096,0.72299147
37097,0.064260155
37098,0.059678923
37099,0.06314856
37100,0.07310622
37101,0.07059929
37102,0.07101534
37103,0.06256795
37104,0.061269708
37105,0.0633824
37106,0.05408224
37107,0.062562816
37108,0.05588497
37109,0.060739238
37110,0.062308844
37111,0.06667428
37112,0.061031293
37113,0.06409027
37114,0.06081074
37115,0.0692303
37116,0.057916794
37117,0.06738475
37118,0.27826595
37119,0.27315047
37120,0.06283046
37121,0.05846616
37122,0.06517193
37123,0.061453346
37124,0.062866785
37125,0.06274882
37126,0.05901931
37127,0.061787218
37128,0.058351234
37129,0.054707143
37130,0.05241306
37131,0.06131467
37132,0.06369693
37133,0.056868825
37134,0.062441207
37135,0.06061805
37136,0.06283046
37137,0.06352532
37138,0.06522712
37139,0.0582895
37140,0.06213486
37141,0.6459826
37142,0.067386575
37143,0.07074918
37144,0.06134822
37145,0.06278973
37146,0.06224314
37147,0.06987622
37148,0.05426295
37149,0.059730574
37150,0.06517193
37151,0.057399135
37152,0.2757528
37153,0.06265005
37154,0.062853746
37155,0.062225383
37156,0.061357524
37157,0.062245
37158,0.07153572
37159,0.05899369
37160,0.064408824
37161,0.5969996
37162,0.06262619
37163,0.06201751
37164,0.076633155
37165,0.62076855
37166,0.064025894
37167,0.059561662
37168,0.060578
37169,0.27764946
37170,0.72299147
37171,0.06585957
37172,0.06066359
37173,0.062044535
37174,0.062716655
37175,0.06585957
37176,0.06458622
37177,0.068018824
37178,0.27610433
37179,0.067637466
37180,0.062732585
37181,0.067279786
37182,0.06314856
37183,0.061563823
37184,0.061453346
37185,0.061614636
37186,0.064445935
37187,0.05884974
37188,0.28562692
37189,0.05694253
37190,0.05528484
37191,0.06660292
37192,0.059147578
37193,0.062412776
37194,0.061941735
37195,0.06586368
37196,0.06540049
37197,0.06247459
37198,0.6959993
37199,0.055397455
37200,0.062562816
37201,0.6313522
37202,0.06610098
37203,0.062017526
37204,0.058623657
37205,0.059343487
37206,0.06283971
37207,0.068984926
37208,0.27384228
37209,0.66370285
37210,0.066265255
37211,0.06369693
37212,0.05528484
37213,0.06243955
37214,0.056868825
37215,0.056739096
37216,0.7010048
37217,0.06280331
37218,0.06542694
37219,0.058529083
37220,0.066696234
37221,0.06257493
37222,0.2717015
37223,0.59799176
37224,0.06304276
37225,0.67084664
37226,0.06224314
37227,0.062480886
37228,0.06684415
37229,0.06445794
37230,0.05563691
37231,0.06301776
37232,0.059567988
37233,0.06247459
37234,0.557393
37235,0.06683738
37236,0.061448503
37237,0.2769559
37238,0.06489386
37239,0.066696234
37240,0.30791542
37241,0.278484
37242,0.06531992
37243,0.26028973
37244,0.06332783
37245,0.058089692
37246,0.63135064
37247,0.63436574
37248,0.27342385
37249,0.061005093
37250,0.06914894
37251,0.061555143
37252,0.0584028
37253,0.065967
37254,0.06203395
37255,0.061787218
37256,0.061448503
37257,0.06482953
37258,0.06280331
37259,0.06451543
37260,0.06813346
37261,0.061632626
37262,0.06602447
37263,0.062220544
37264,0.06252602
37265,0.06247459
37266,0.061041895
37267,0.2656804
37268,0.06251444
37269,0.6363493
37270,0.66495526
37271,0.61487746
37272,0.06528525
37273,0.061453346
37274,0.06444648
37275,0.06360552
37276,0.5658261
37277,0.06528481
37278,0.064772174
37279,0.05399971
37280,0.053675674
37281,0.12141013
37282,0.06689234
37283,0.06535977
37284,0.062273648
37285,0.6496515
37286,0.06081454
37287,0.0685392
37288,0.28537503
37289,0.067637466
37290,0.064064376
37291,0.06409027
37292,0.26686066
37293,0.06602447
37294,0.0693058
37295,0.062640466
37296,0.062226318
37297,0.6400189
37298,0.5771732
37299,0.6633517
37300,0.05813388
37301,0.061547156
37302,0.06213775
37303,0.061448503
37304,0.61247426
37305,0.064445935
37306,0.26427373
37307,0.061794467
37308,0.052129142
37309,0.05474216
37310,0.06416796
37311,0.06478827
37312,0.05860653
37313,0.06412972
37314,0.5942795
37315,0.72007936
37316,0.06419749
37317,0.06120385
37318,0.059561662
37319,0.061547156
37320,0.061417937
37321,0.06316112
37322,0.06476716
37323,0.0989051
37324,0.062562816
37325,0.059519865
37326,0.061979502
37327,0.061632626
37328,0.5537196
37329,0.53620607
37330,0.55292773
37331,0.0692059
37332,0.4800033
37333,0.646439
37334,0.06125224
37335,0.06111158
37336,0.062605694
37337,0.062732585
37338,0.06615715
37339,0.06283936
37340,0.066073745
37341,0.5771255
37342,0.5865101
37343,0.06215548
37344,0.058968324
37345,0.061143592
37346,0.061979502
37347,0.060811974
37348,0.06061184
37349,0.062716655
37350,0.061622493
37351,0.060829118
37352,0.058312006
37353,0.05999472
37354,0.06400989
37355,0.6139103
37356,0.66531587
37357,0.061555143
37358,0.06061184
37359,0.05884974
37360,0.061979502
37361,0.06213486
37362,0.05901931
37363,0.061787218
37364,0.067386575
37365,0.06940707
37366,0.060231227
37367,0.06585957
37368,0.06856865
37369,0.27378875
37370,0.5861207
37371,0.069068395
37372,0.060132585
37373,0.05759669
37374,0.06304276
37375,0.060735136
37376,0.6627024
37377,0.063607976
37378,0.06522712
37379,0.06263781
37380,0.06322502
37381,0.2733698
37382,0.56158966
37383,0.26785824
37384,0.06307672
37385,0.5488397
37386,0.27764946
37387,0.053588256
37388,0.06270016
37389,0.06280331
37390,0.064812966
37391,0.6304926
37392,0.059561662
37393,0.060844555
37394,0.06528848
37395,0.06335344
37396,0.06213486
37397,0.63385344
37398,0.31657395
37399,0.2763821
37400,0.2800942
37401,0.06066359
37402,0.06025221
37403,0.26959416
37404,0.059275515
37405,0.06352532
37406,0.062225383
37407,0.05846616
37408,0.07235905
37409,0.591719
37410,0.6601592
37411,0.07036156
37412,0.6100938
37413,0.27384228
37414,0.059678923
37415,0.070286974
37416,0.061023783
37417,0.06301776
37418,0.06522712
37419,0.05428548
37420,0.06283971
37421,0.067920595
37422,0.06275305
37423,0.6201104
37424,0.6205164
37425,0.6134694
37426,0.277616
37427,0.46169692
37428,0.062293727
37429,0.07083902
37430,0.06387471
37431,0.06061805
37432,0.063590355
37433,0.26090395
37434,0.060578
37435,0.060014486
37436,0.060540665
37437,0.07059929
37438,0.059442904
37439,0.06275305
37440,0.06371196
37441,0.060014486
37442,0.06721519
37443,0.06694287
37444,0.062226318
37445,0.05759669
37446,0.062024742
37447,0.059319403
37448,0.64050746
37449,0.065987974
37450,0.6403186
37451,0.6637341
37452,0.61676633
37453,0.30791542
37454,0.06364525
37455,0.06221374
37456,0.062790826
37457,0.062866785
37458,0.05454965
37459,0.059844863
37460,0.5350984
37461,0.057863254
37462,0.05222935
37463,0.061195843
37464,0.27853173
37465,0.06917661
37466,0.06352532
37467,0.060743902
37468,0.06322502
37469,0.06081074
37470,0.06091249
37471,0.070286974
37472,0.06283046
37473,0.60205317
37474,0.554379
37475,0.26224053
37476,0.7490768
37477,0.6173337
37478,0.276857
37479,0.06419656
37480,0.06332783
37481,0.05528484
37482,0.06432296
37483,0.06280331
37484,0.064433135
37485,0.06457046
37486,0.06061805
37487,0.6846093
37488,0.27632967
37489,0.30234918
37490,0.078400195
37491,0.0601642
37492,0.058089692
37493,0.07030509
37494,0.27245265
37495,0.0644187
37496,0.07310622
37497,0.061787218
37498,0.06136229
37499,0.6076993
37500,0.6201289
37501,0.62031376
37502,0.599767
37503,0.26224053
37504,0.062790826
37505,0.06542694
37506,0.06940707
37507,0.06061184
37508,0.06147677
37509,0.052744076
37510,0.062562816
37511,0.062293075
37512,0.061564684
37513,0.062066987
37514,0.056497697
37515,0.05441053
37516,0.056393225
37517,0.6034516
37518,0.059669502
37519,0.062640466
37520,0.06677186
37521,0.27067873
37522,0.07036156
37523,0.07036611
37524,0.06211259
37525,0.0692059
37526,0.06923837
37527,0.06457046
37528,0.06863494
37529,0.06498398
37530,0.27802002
37531,0.06367396
37532,0.052385032
37533,0.06147677
37534,0.06221374
37535,0.06227335
37536,0.07310622
37537,0.061918397
37538,0.06471629
37539,0.16324764
37540,0.06247459
37541,0.068332806
37542,0.6201289
37543,0.590698
37544,0.06895273
37545,0.059745643
37546,0.06391027
37547,0.07310622
37548,0.06364525
37549,0.058968324
37550,0.058390584
37551,0.06175044
37552,0.06517193
37553,0.06738475
37554,0.06856865
37555,0.05571467
37556,0.06583739
37557,0.06738235
37558,0.062605694
37559,0.06247635
37560,0.6378191
37561,0.06615459
37562,0.06609547
37563,0.06003746
37564,0.06667428
37565,0.068984926
37566,0.6455896
37567,0.061417937
37568,0.06369693
37569,0.068441376
37570,0.27378875
37571,0.067944236
37572,0.064772174
37573,0.2828041
37574,0.06509381
37575,0.055822264
37576,0.06522712
37577,0.27358168
37578,0.064812966
37579,0.062024742
37580,0.062225383
37581,0.06038681
37582,0.0733691
37583,0.06489386
37584,0.063790694
37585,0.058160648
37586,0.06257493
37587,0.06790588
37588,0.060198538
37589,0.064597055
37590,0.06914894
37591,0.26263505
37592,0.059730574
37593,0.276857
37594,0.058985863
37595,0.05495055
37596,0.064025894
37597,0.062605694
37598,0.067279786
37599,0.06304671
37600,0.5395302
37601,0.27983302
37602,0.06275305
37603,0.06419656
37604,0.06151354
37605,0.060155988
37606,0.589622
37607,0.5416942
37608,0.05569261
37609,0.06276331
37610,0.06274882
37611,0.058968324
37612,0.06912638
37613,0.05474216
37614,0.06549335
37615,0.06201751
37616,0.6439168
37617,0.060811974
37618,0.054177746
37619,0.068900034
37620,0.056833737
37621,0.061614636
37622,0.060164433
37623,0.61221266
37624,0.06183577
37625,0.26515242
37626,0.06779417
37627,0.060578
37628,0.065987974
37629,0.06482953
37630,0.06280331
37631,0.062790826
37632,0.06703339
37633,0.05884515
37634,0.06766177
37635,0.058298305
37636,0.06878309
37637,0.056706224
37638,0.061448503
37639,0.06257493
37640,0.06549335
37641,0.06006316
37642,0.06158756
37643,0.07030509
37644,0.06031224
37645,0.06083989
37646,0.5840044
37647,0.04968652
37648,0.06352532
37649,0.065594636
37650,0.0601642
37651,0.05972841
37652,0.06307672
37653,0.06360552
37654,0.26731205
37655,0.056899123
37656,0.06274882
37657,0.07803944
37658,0.05666503
37659,0.62407047
37660,0.06684415
37661,0.06902855
37662,0.0709194
37663,0.059745643
37664,0.060844555
37665,0.2747952
37666,0.06673917
37667,0.062066987
37668,0.06002674
37669,0.05495055
37670,0.06215548
37671,0.06263781
37672,0.06916261
37673,0.05588497
37674,0.0573597
37675,0.27049935
37676,0.06322502
37677,0.059455432
37678,0.06398648
37679,0.06468207
37680,0.0603511
37681,0.06286696
37682,0.27061352
37683,0.064445935
37684,0.061398264
37685,0.05838571
37686,0.06026667
37687,0.05241306
37688,0.06173431
37689,0.058312006
37690,0.062229592
37691,0.05859893
37692,0.058298305
37693,0.067637466
37694,0.06111158
37695,0.06450959
37696,0.6513088
37697,0.058288343
37698,0.06481197
37699,0.062164325
37700,0.063665666
37701,0.056027688
37702,0.061048657
37703,0.06352532
37704,0.05569261
37705,0.06510472
37706,0.06061184
37707,0.058467884
37708,0.06421498
37709,0.06311801
37710,0.06684932
37711,0.06575651
37712,0.05968726
37713,0.06489116
37714,0.06140665
37715,0.06144118
37716,0.061563823
37717,0.063284196
37718,0.06275975
37719,0.06279682
37720,0.05730247
37721,0.061794467
37722,0.27282524
37723,0.05846616
37724,0.061269708
37725,0.06247459
37726,0.06385502
37727,0.06766177
37728,0.06318816
37729,0.059669502
37730,0.06201751
37731,0.058417447
37732,0.07036611
37733,0.0822272
37734,0.07090366
37735,0.058420774
37736,0.0680995
37737,0.059319403
37738,0.06227335
37739,0.05968726
37740,0.06563853
37741,0.05666832
37742,0.27014711
37743,0.06272056
37744,0.061614636
37745,0.05896702
37746,0.078400195
37747,0.052385032
37748,0.058417447
37749,0.061979502
37750,0.06615715
37751,0.062293075
37752,0.058529083
37753,0.31285593
37754,0.062066987
37755,0.07015092
37756,0.060010966
37757,0.06053179
37758,0.06701593
37759,0.059119307
37760,0.055403065
37761,0.07194454
37762,0.06257246
37763,0.059017934
37764,0.05924426
37765,0.06723053
37766,0.06362981
37767,0.051956978
37768,0.06534848
37769,0.060362905
37770,0.7196765
37771,0.057086162
37772,0.058113135
37773,0.060652733
37774,0.05797678
37775,0.061450414
37776,0.07095396
37777,0.2761612
37778,0.057544075
37779,0.63089526
37780,0.05651477
37781,0.05901642
37782,0.061450414
37783,0.06961939
37784,0.069858156
37785,0.06551889
37786,0.6636406
37787,0.0630053
37788,0.064230174
37789,0.28351372
37790,0.060514983
37791,0.06242745
37792,0.06078804
37793,0.060431015
37794,0.06341371
37795,0.05813068
37796,0.59031945
37797,0.6736683
37798,0.055716168
37799,0.05802076
37800,0.06613337
37801,0.062333874
37802,0.062394902
37803,0.06256899
37804,0.060143624
37805,0.06568583
37806,0.059017934
37807,0.062988654
37808,0.67003185
37809,0.06799544
37810,0.28118655
37811,0.63250625
37812,0.2685041
37813,0.06180944
37814,0.66908485
37815,0.058331195
37816,0.06830071
37817,0.06799544
37818,0.06242745
37819,0.06663135
37820,0.06568583
37821,0.060690176
37822,0.058331195
37823,0.05887959
37824,0.063457355
37825,0.06282835
37826,0.062164936
37827,0.65370506
37828,0.058889378
37829,0.07469795
37830,0.057616584
37831,0.065720126
37832,0.053805992
37833,0.0597146
37834,0.06024554
37835,0.056896884
37836,0.057830334
37837,0.06330268
37838,0.26899397
37839,0.059606176
37840,0.063639864
37841,0.0707941
37842,0.66319335
37843,0.64779943
37844,0.061541177
37845,0.57284766
37846,0.6667288
37847,0.064689845
37848,0.062145896
37849,0.060644355
37850,0.06263645
37851,0.06625304
37852,0.062047504
37853,0.06310086
37854,0.06138652
37855,0.6622597
37856,0.2847958
37857,0.05969618
37858,0.06498522
37859,0.06250542
37860,0.2725434
37861,0.060291268
37862,0.065519474
37863,0.06038781
37864,0.27967954
37865,0.06559859
37866,0.2769687
37867,0.6676579
37868,0.05883431
37869,0.05890057
37870,0.06305763
37871,0.06680856
37872,0.06392887
37873,0.062302586
37874,0.06047134
37875,0.06759746
37876,0.06248386
37877,0.05887959
37878,0.05733551
37879,0.062132988
37880,0.059595432
37881,0.060532276
37882,0.28107005
37883,0.06306887
37884,0.06310086
37885,0.061472166
37886,0.05856365
37887,0.0568426
37888,0.06680856
37889,0.06261793
37890,0.062000584
37891,0.06122813
37892,0.054365795
37893,0.059961427
37894,0.6106256
37895,0.67403054
37896,0.06506112
37897,0.06977912
37898,0.06551889
37899,0.064152956
37900,0.05956297
37901,0.060569637
37902,0.057830334
37903,0.06315034
37904,0.062764324
37905,0.062333874
37906,0.05813068
37907,0.07328547
37908,0.06322728
37909,0.06553214
37910,0.06041927
37911,0.2672769
37912,0.062666796
37913,0.06471711
37914,0.063639864
37915,0.062145896
37916,0.060726926
37917,0.06814114
37918,0.29486907
37919,0.063264936
37920,0.55276555
37921,0.0657378
37922,0.060380515
37923,0.06239312
37924,0.061969005
37925,0.06458077
37926,0.106503785
37927,0.08223846
37928,0.06648616
37929,0.059556067
37930,0.059734464
37931,0.060641266
37932,0.061821926
37933,0.07095396
37934,0.06902111
37935,0.06759746
37936,0.067128174
37937,0.060690176
37938,0.057812344
37939,0.6538865
37940,0.0668388
37941,0.060521774
37942,0.05848744
37943,0.06231757
37944,0.06777808
37945,0.061217353
37946,0.07105629
37947,0.06644331
37948,0.055490736
37949,0.062277567
37950,0.0694495
37951,0.05854142
37952,0.06433761
37953,0.06254803
37954,0.06754686
37955,0.06498522
37956,0.07563076
37957,0.076567955
37958,0.05693213
37959,0.06197375
37960,0.06047056
37961,0.06315237
37962,0.05898011
37963,0.058331195
37964,0.27409214
37965,0.26990816
37966,0.062381823
37967,0.06446049
37968,0.060340382
37969,0.060521774
37970,0.062333874
37971,0.054484524
37972,0.06518732
37973,0.06752549
37974,0.06786142
37975,0.06347647
37976,0.0641491
37977,0.061526686
37978,0.06568583
37979,0.07649015
37980,0.05368748
37981,0.06770856
37982,0.05887959
37983,0.06399425
37984,0.057544075
37985,0.27283797
37986,0.06770856
37987,0.066278584
37988,0.65155125
37989,0.061088923
37990,0.06569218
37991,0.058329787
37992,0.058947306
37993,0.06933386
37994,0.0653626
37995,0.06481543
37996,0.06256899
37997,0.059809484
37998,0.28720304
37999,0.059734464
38000,0.061461557
38001,0.05854142
38002,0.061165407
38003,0.061547756
38004,0.05234815
38005,0.061165407
38006,0.06701593
38007,0.058585063
38008,0.63895
38009,0.06261793
38010,0.064750455
38011,0.06315237
38012,0.61303544
38013,0.06379303
38014,0.06372037
38015,0.06754686
38016,0.06284876
38017,0.2689516
38018,0.63095117
38019,0.058113135
38020,0.062407788
38021,0.06184394
38022,0.060641266
38023,0.06362531
38024,0.07487454
38025,0.05980261
38026,0.072909534
38027,0.06368274
38028,0.06933386
38029,0.062817656
38030,0.057108253
38031,0.06157385
38032,0.061046064
38033,0.06282835
38034,0.06569218
38035,0.058645956
38036,0.27374086
38037,0.06347647
38038,0.0625729
38039,0.058962207
38040,0.06504192
38041,0.27465522
38042,0.05976665
38043,0.06194256
38044,0.06830071
38045,0.06527286
38046,0.640921
38047,0.05854142
38048,0.060652733
38049,0.6393924
38050,0.063239485
38051,0.05969618
38052,0.054467984
38053,0.06105348
38054,0.060291268
38055,0.043876946
38056,0.27402437
38057,0.58211875
38058,0.05854142
38059,0.076914966
38060,0.061165836
38061,0.06511114
38062,0.063239485
38063,0.0597146
38064,0.6371566
38065,0.05651477
38066,0.060276564
38067,0.06262686
38068,0.06865323
38069,0.06047609
38070,0.6079618
38071,0.066709824
38072,0.6335582
38073,0.059734464
38074,0.062394902
38075,0.06295058
38076,0.06342978
38077,0.06180944
38078,0.058645956
38079,0.05652087
38080,0.6995911
38081,0.06644331
38082,0.058394022
38083,0.28832975
38084,0.06261582
38085,0.06510604
38086,0.26940563
38087,0.2734018
38088,0.06138652
38089,0.0630527
38090,0.06315034
38091,0.0598505
38092,0.7626204
38093,0.6509591
38094,0.29063413
38095,0.062666796
38096,0.059573468
38097,0.05368748
38098,0.057452533
38099,0.06568583
38100,0.060419828
38101,0.06209488
38102,0.06096402
38103,0.06253676
38104,0.06399425
38105,0.06785784
38106,0.07331591
38107,0.06957805
38108,0.051732853
38109,0.06263645
38110,0.061326463
38111,0.059320476
38112,0.064689845
38113,0.07105629
38114,0.06253676
38115,0.5140801
38116,0.5443356
38117,0.6024032
38118,0.060873553
38119,0.06343355
38120,0.061351277
38121,0.073267475
38122,0.70606273
38123,0.054561455
38124,0.06480646
38125,0.060174506
38126,0.059813634
38127,0.06078804
38128,0.062145896
38129,0.05901642
38130,0.06568583
38131,0.65232885
38132,0.054467984
38133,0.06295058
38134,0.06261793
38135,0.0625729
38136,0.061450414
38137,0.05924426
38138,0.26707888
38139,0.05854142
38140,0.06122813
38141,0.061461557
38142,0.06172777
38143,0.6417678
38144,0.7111002
38145,0.6184241
38146,0.06625586
38147,0.05836357
38148,0.6663489
38149,0.06532248
38150,0.27766898
38151,0.060143624
38152,0.06664602
38153,0.054561455
38154,0.06623894
38155,0.061814573
38156,0.05693213
38157,0.060833342
38158,0.6157199
38159,0.6394592
38160,0.06799544
38161,0.06625304
38162,0.06446049
38163,0.05856365
38164,0.060715664
38165,0.06392705
38166,0.06417921
38167,0.077066444
38168,0.059982643
38169,0.06323761
38170,0.060529042
38171,0.062127333
38172,0.059893887
38173,0.7037144
38174,0.67636055
38175,0.6488909
38176,0.06315646
38177,0.2884023
38178,0.6429442
38179,0.06379303
38180,0.06047609
38181,0.05913041
38182,0.05890057
38183,0.06931139
38184,0.48657322
38185,0.67003185
38186,0.0660539
38187,0.061205532
38188,0.06030969
38189,0.053759072
38190,0.0630053
38191,0.057650305
38192,0.06701593
38193,0.07022374
38194,0.06931139
38195,0.061283253
38196,0.05234815
38197,0.06342978
38198,0.060431015
38199,0.6329445
38200,0.27465522
38201,0.054467984
38202,0.051956978
38203,0.058962207
38204,0.06461899
38205,0.06504192
38206,0.058331195
38207,0.07050676
38208,0.062381823
38209,0.06239312
38210,0.063264936
38211,0.061450414
38212,0.05797678
38213,0.06599047
38214,0.29486907
38215,0.5978418
38216,0.054484524
38217,0.2708736
38218,0.07736983
38219,0.063639864
38220,0.06038781
38221,0.57390165
38222,0.0694495
38223,0.06471711
38224,0.057993885
38225,0.06407402
38226,0.7045317
38227,0.6046465
38228,0.26606125
38229,0.06361231
38230,0.59031945
38231,0.27933392
38232,0.06902111
38233,0.2712491
38234,0.06220634
38235,0.06701593
38236,0.6172585
38237,0.057296604
38238,0.06626745
38239,0.062189016
38240,0.06821674
38241,0.06100609
38242,0.6018417
38243,0.2672769
38244,0.665012
38245,0.28430358
38246,0.05813068
38247,0.063639864
38248,0.28720304
38249,0.06074602
38250,0.064869985
38251,0.059959784
38252,0.060380515
38253,0.6653214
38254,0.28107005
38255,0.06287907
38256,0.66924393
38257,0.2685758
38258,0.07738293
38259,0.05802076
38260,0.054365795
38261,0.064230174
38262,0.058645956
38263,0.06480646
38264,0.061217353
38265,0.061067536
38266,0.0669571
38267,0.7079583
38268,0.705307
38269,0.5925653
38270,0.27119568
38271,0.6615839
38272,0.05853442
38273,0.054982886
38274,0.07069726
38275,0.07649015
38276,0.06236719
38277,0.2808698
38278,0.062333874
38279,0.062764324
38280,0.07859443
38281,0.060419828
38282,0.06213275
38283,0.056409486
38284,0.063170396
38285,0.06568583
38286,0.060278475
38287,0.06758291
38288,0.05913041
38289,0.05802076
38290,0.061547756
38291,0.06315034
38292,0.06576452
38293,0.28381568
38294,0.26899397
38295,0.6209727
38296,0.63642967
38297,0.64421505
38298,0.2857763
38299,0.05902944
38300,0.06288199
38301,0.0598505
38302,0.06530288
38303,0.062488634
38304,0.06254803
38305,0.63205177
38306,0.056434307
38307,0.06569218
38308,0.05856365
38309,0.058113135
38310,0.853574
38311,0.057452533
38312,0.07563076
38313,0.13206485
38314,0.064911716
38315,0.06710362
38316,0.06347647
38317,0.056178577
38318,0.06189123
38319,0.6803037
38320,0.63934904
38321,0.28299707
38322,0.5995907
38323,0.5668631
38324,0.2815203
38325,0.059364602
38326,0.06701593
38327,0.063639864
38328,0.06078804
38329,0.06291089
38330,0.0707941
38331,0.058139414
38332,0.06550578
38333,0.65122646
38334,0.28888392
38335,0.27587837
38336,0.06220634
38337,0.27374086
38338,0.06439517
38339,0.06633865
38340,0.06345635
38341,0.06580752
38342,0.063170396
38343,0.06176056
38344,0.06261611
38345,0.64230335
38346,0.64495397
38347,0.6326263
38348,0.58058494
38349,0.29063413
38350,0.06576452
38351,0.06339724
38352,0.06330268
38353,0.054369524
38354,0.06030969
38355,0.059961427
38356,0.064017855
38357,0.059632573
38358,0.06570741
38359,0.28381568
38360,0.06599047
38361,0.06828897
38362,0.27283797
38363,0.062047504
38364,0.059573468
38365,0.061410893
38366,0.060730495
38367,0.27824917
38368,0.062688045
38369,0.06509466
38370,0.06187309
38371,0.06185201
38372,0.05368276
38373,0.06352108
38374,0.061205532
38375,0.06250624
38376,0.05887959
38377,0.2772172
38378,0.06347647
38379,0.06616158
38380,0.066385
38381,0.061949868
38382,0.059595432
38383,0.06439517
38384,0.06184394
38385,0.062145896
38386,0.0568426
38387,0.060882688
38388,0.06338743
38389,0.058929935
38390,0.07328547
38391,0.26606125
38392,0.63383937
38393,0.061088797
38394,0.059961427
38395,0.069858156
38396,0.052086174
38397,0.06417921
38398,0.060873553
38399,0.0657378
38400,0.059982643
38401,0.055050544
38402,0.06189123
38403,0.060120262
38404,0.057812344
38405,0.06758291
38406,0.06200432
38407,0.62654
38408,0.06250624
38409,0.06393142
38410,0.060822163
38411,0.06439517
38412,0.07446115
38413,0.71850985
38414,0.068433404
38415,0.059332486
38416,0.27597162
38417,0.06322206
38418,0.07013227
38419,0.06361231
38420,0.06304052
38421,0.28135484
38422,0.06323761
38423,0.06511114
38424,0.06498522
38425,0.061283253
38426,0.062394902
38427,0.059809484
38428,0.05890057
38429,0.27341315
38430,0.06774149
38431,0.060529042
38432,0.06284876
38433,0.06262686
38434,0.06532753
38435,0.24921225
38436,0.05828841
38437,0.062058482
38438,0.064689845
38439,0.05901642
38440,0.06701593
38441,0.05890057
38442,0.52531886
38443,0.61513984
38444,0.06108684
38445,0.059556067
38446,0.05856365
38447,0.05999527
38448,0.5936947
38449,0.6281227
38450,0.06362981
38451,0.059597984
38452,0.06392887
38453,0.059496243
38454,0.06047056
38455,0.05733551
38456,0.06288199
38457,0.061083596
38458,0.05813068
38459,0.7091728
38460,0.061088797
38461,0.05828841
38462,0.06328101
38463,0.057993885
38464,0.062333874
38465,0.06145428
38466,0.06828897
38467,0.63310534
38468,0.06400571
38469,0.27178943
38470,0.059597984
38471,0.06865323
38472,0.06369688
38473,0.059009414
38474,0.06318883
38475,0.058329787
38476,0.07050676
38477,0.06403523
38478,0.06616158
38479,0.060278475
38480,0.06064775
38481,0.062141
38482,0.06464687
38483,0.06830071
38484,0.06053179
38485,0.063152544
38486,0.06064775
38487,0.061541177
38488,0.06559859
38489,0.061046064
38490,0.5975557
38491,0.06304225
38492,0.06461686
38493,0.06744172
38494,0.064125076
38495,0.06297056
38496,0.061526686
38497,0.055716168
38498,0.27465522
38499,0.06535497
38500,0.05912786
38501,0.061180037
38502,0.06537789
38503,0.6545881
38504,0.07101748
38505,0.06499305
38506,0.057453867
38507,0.06977912
38508,0.6318727
38509,0.0688261
38510,0.060824372
38511,0.057453867
38512,0.06696841
38513,0.06840588
38514,0.055490736
38515,0.06752549
38516,0.06741792
38517,0.05913041
38518,0.2678635
38519,0.059632573
38520,0.063639864
38521,0.061969005
38522,0.076567955
38523,0.06648616
38524,0.060641266
38525,0.06200432
38526,0.064476006
38527,0.26973572
38528,0.0665381
38529,0.06125782
38530,0.06551889
38531,0.07063151
38532,0.055711944
38533,0.06518802
38534,0.06909339
38535,0.062083576
38536,0.05826169
38537,0.069632925
38538,0.06759746
38539,0.06752549
38540,0.28278837
38541,0.064651996
38542,0.06464687
38543,0.063427754
38544,0.06361231
38545,0.07069726
38546,0.063242055
38547,0.056101948
38548,0.05813068
38549,0.06909339
38550,0.06024058
38551,0.05854142
38552,0.056934778
38553,0.057453867
38554,0.06403523
38555,0.058707662
38556,0.06774149
38557,0.060143624
38558,0.06521278
38559,0.2678635
38560,0.06345635
38561,0.061217353
38562,0.062132988
38563,0.06403523
38564,0.06537789
38565,0.06074602
38566,0.072257385
38567,0.05234815
38568,0.061088923
38569,0.06078804
38570,0.060744453
38571,0.15581644
38572,0.06770856
38573,0.06262733
38574,0.066709824
38575,0.06648616
38576,0.07069349
38577,0.05659419
38578,0.07273441
38579,0.06754686
38580,0.0611679
38581,0.058947306
38582,0.058331195
38583,0.066385
38584,0.05809382
38585,0.06187309
38586,0.061283253
38587,0.07095396
38588,0.06498522
38589,0.0629216
38590,0.06284876
38591,0.06588171
38592,0.057483967
38593,0.05513239
38594,0.05772525
38595,0.06253538
38596,0.059286825
38597,0.062257692
38598,0.062489398
38599,0.06851573
38600,0.06426595
38601,0.06661165
38602,0.058991186
38603,0.65923005
38604,0.06926275
38605,0.058658067
38606,0.26533252
38607,0.27724582
38608,0.06180403
38609,0.06154992
38610,0.26033005
38611,0.06274094
38612,0.648478
38613,0.063292064
38614,0.27603427
38615,0.06456542
38616,0.062005512
38617,0.057743195
38618,0.058763035
38619,0.057012442
38620,0.6244268
38621,0.27524105
38622,0.056774326
38623,0.6244627
38624,0.07017759
38625,0.067999855
38626,0.06113853
38627,0.058667496
38628,0.07082019
38629,0.7485673
38630,0.67595035
38631,0.04861534
38632,0.05493837
38633,0.28268465
38634,0.060345553
38635,0.062795006
38636,0.057134494
38637,0.06278873
38638,0.06826886
38639,0.06731136
38640,0.6507035
38641,0.27337843
38642,0.27618164
38643,0.6538041
38644,0.06217686
38645,0.065469846
38646,0.59362626
38647,0.05681806
38648,0.059375554
38649,0.064291164
38650,0.06488635
38651,0.06372332
38652,0.065408856
38653,0.056309015
38654,0.054599956
38655,0.06715037
38656,0.06234604
38657,0.063875444
38658,0.63702697
38659,0.064861506
38660,0.06278873
38661,0.06573682
38662,0.05961663
38663,0.05799158
38664,0.07473181
38665,0.060180247
38666,0.27496228
38667,0.061623722
38668,0.05958084
38669,0.062795006
38670,0.059669238
38671,0.63012505
38672,0.064393505
38673,0.059293114
38674,0.7878236
38675,0.67643267
38676,0.059626754
38677,0.05856318
38678,0.05924672
38679,0.048533577
38680,0.06322994
38681,0.06143833
38682,0.0634558
38683,0.2757046
38684,0.67338294
38685,0.27510136
38686,0.067317575
38687,0.063758954
38688,0.06253538
38689,0.27336657
38690,0.06869804
38691,0.05923914
38692,0.061369196
38693,0.064291164
38694,0.0633506
38695,0.28114897
38696,0.5945099
38697,0.05721081
38698,0.069685705
38699,0.05887022
38700,0.09753963
38701,0.06087308
38702,0.058814995
38703,0.046291776
38704,0.059591357
38705,0.05971106
38706,0.06298051
38707,0.060091782
38708,0.0587837
38709,0.05426552
38710,0.05653767
38711,0.27168056
38712,0.06217686
38713,0.068424135
38714,0.07750286
38715,0.058090232
38716,0.0564593
38717,0.059039075
38718,0.06514678
38719,0.06253538
38720,0.056696676
38721,0.06894989
38722,0.058991186
38723,0.65742165
38724,0.63410866
38725,0.060186464
38726,0.038729444
38727,0.054557636
38728,0.05470134
38729,0.060741134
38730,0.058730174
38731,0.061175566
38732,0.06456542
38733,0.062014636
38734,0.059358098
38735,0.05491077
38736,0.061712794
38737,0.0561484
38738,0.060436886
38739,0.05928263
38740,0.27944568
38741,0.28083014
38742,0.05856318
38743,0.065948375
38744,0.059503164
38745,0.064393505
38746,0.06841983
38747,0.065062344
38748,0.25641784
38749,0.060481686
38750,0.6926101
38751,0.057535246
38752,0.059626754
38753,0.06044752
38754,0.07953663
38755,0.06591207
38756,0.051658623
38757,0.065408856
38758,0.060826674
38759,0.05855131
38760,0.06636668
38761,0.06511388
38762,0.061020702
38763,0.06405189
38764,0.07082019
38765,0.06718064
38766,0.64406747
38767,0.06560181
38768,0.06029688
38769,0.05787895
38770,0.066338256
38771,0.058401093
38772,0.057483967
38773,0.06601666
38774,0.06582609
38775,0.06014281
38776,0.060319185
38777,0.055762466
38778,0.05772525
38779,0.060277134
38780,0.069981866
38781,0.06338163
38782,0.057340853
38783,0.064874716
38784,0.059781343
38785,0.064705625
38786,0.065948375
38787,0.05520751
38788,0.06107298
38789,0.061175566
38790,0.06298431
38791,0.064393505
38792,0.27321133
38793,0.27473462
38794,0.059039075
38795,0.0642893
38796,0.060469463
38797,0.06234604
38798,0.06189704
38799,0.06319029
38800,0.058998473
38801,0.06598275
38802,0.057474606
38803,0.06112953
38804,0.058229025
38805,0.06546088
38806,0.047441572
38807,0.060792636
38808,0.27050608
38809,0.0564952
38810,0.059661187
38811,0.2835691
38812,0.060374424
38813,0.07474412
38814,0.06510637
38815,0.07263816
38816,0.059198096
38817,0.053719714
38818,0.07049533
38819,0.06138677
38820,0.057346884
38821,0.28701213
38822,0.06661165
38823,0.0682881
38824,0.058759164
38825,0.065948375
38826,0.07010248
38827,0.062616885
38828,0.060741134
38829,0.65490985
38830,0.06711058
38831,0.062324006
38832,0.06176086
38833,0.60456526
38834,0.057993066
38835,0.057950217
38836,0.05961663
38837,0.060180247
38838,0.060373716
38839,0.6785958
38840,0.06378234
38841,0.060563195
38842,0.05858615
38843,0.06489082
38844,0.061815728
38845,0.06322994
38846,0.047471333
38847,0.06431796
38848,0.06037403
38849,0.065469846
38850,0.06154992
38851,0.06107298
38852,0.07076952
38853,0.059005603
38854,0.057950217
38855,0.057474606
38856,0.060252905
38857,0.2804309
38858,0.06666539
38859,0.06879754
38860,0.059661187
38861,0.062257692
38862,0.060741134
38863,0.06378234
38864,0.062450565
38865,0.06247287
38866,0.05954709
38867,0.05961663
38868,0.666737
38869,0.06598376
38870,0.054710347
38871,0.5236763
38872,0.07033271
38873,0.06588171
38874,0.06338163
38875,0.05787895
38876,0.057012442
38877,0.662901
38878,0.2605727
38879,0.06384527
38880,0.07018961
38881,0.056610845
38882,0.05701619
38883,0.05469554
38884,0.062616885
38885,0.8052366
38886,0.067999855
38887,0.05179932
38888,0.06463172
38889,0.059626754
38890,0.27371907
38891,0.6558975
38892,0.2756947
38893,0.06437837
38894,0.27523094
38895,0.060436886
38896,0.05680223
38897,0.076300055
38898,0.0642893
38899,0.06344323
38900,0.06712099
38901,0.060345553
38902,0.6420595
38903,0.05586757
38904,0.057993066
38905,0.28572062
38906,0.06170711
38907,0.058640905
38908,0.6601353
38909,0.069685705
38910,0.05491077
38911,0.06711058
38912,0.06154992
38913,0.057343304
38914,0.5098309
38915,0.28203306
38916,0.25969857
38917,0.062257692
38918,0.058229025
38919,0.06007534
38920,0.052201107
38921,0.0564593
38922,0.06850468
38923,0.062368993
38924,0.057769705
38925,0.062832855
38926,0.060165137
38927,0.07473181
38928,0.064030744
38929,0.05861301
38930,0.05681806
38931,0.06298431
38932,0.05830419
38933,0.06762333
38934,0.26847866
38935,0.056774624
38936,0.063875444
38937,0.7761083
38938,0.78551835
38939,0.6457513
38940,0.06463172
38941,0.06411499
38942,0.5540403
38943,0.05799158
38944,0.0633506
38945,0.06544084
38946,0.05961663
38947,0.06386583
38948,0.056019973
38949,0.59389937
38950,0.0615637
38951,0.060165137
38952,0.06334565
38953,0.06272524
38954,0.068155415
38955,0.06692451
38956,0.27791223
38957,0.06490313
38958,0.19172697
38959,0.06291334
38960,0.060345553
38961,0.63179743
38962,0.54341274
38963,0.6339728
38964,0.061926298
38965,0.06278873
38966,0.64391357
38967,0.063875444
38968,0.28319967
38969,0.06420578
38970,0.06869804
38971,0.06290744
38972,0.06821764
38973,0.05611798
38974,0.07263816
38975,0.060916696
38976,0.6660718
38977,0.6393493
38978,0.06463172
38979,0.06575234
38980,0.05681806
38981,0.06298431
38982,0.07070296
38983,0.06183787
38984,0.060469463
38985,0.06573682
38986,0.05901051
38987,0.06869804
38988,0.062466014
38989,0.056478653
38990,0.6520133
38991,0.6603185
38992,0.66616654
38993,0.059329838
38994,0.0634455
38995,0.27375716
38996,0.06384953
38997,0.76649934
38998,0.068035804
38999,0.059622463
39000,0.05743623
39001,0.067317575
39002,0.07076952
39003,0.66878855
39004,0.46342796
39005,0.06598275
39006,0.058759164
39007,0.0735627
39008,0.06666539
39009,0.057219636
39010,0.2748278
39011,0.058147445
39012,0.060792636
39013,0.060007356
39014,0.06490313
39015,0.06334565
39016,0.064358525
39017,0.057825457
39018,0.28701213
39019,0.27354982
39020,0.05680223
39021,0.061197232
39022,0.059626754
39023,0.07473181
39024,0.061856143
39025,0.054035068
39026,0.07076952
39027,0.06294083
39028,0.060632486
39029,0.6726044
39030,0.6957187
39031,0.060339116
39032,0.055677384
39033,0.277833
39034,0.060410675
39035,0.059188653
39036,0.6478311
39037,0.060865488
39038,0.06597646
39039,0.062368993
39040,0.060916696
39041,0.058114704
39042,0.63012505
39043,0.2765983
39044,0.0587837
39045,0.06143833
39046,0.6558975
39047,0.06546088
39048,0.27496228
39049,0.058147445
39050,0.066078484
39051,0.05858615
39052,0.27724582
39053,0.06300021
39054,0.06712099
39055,0.06112953
39056,0.05845689
39057,0.06489521
39058,0.59389937
39059,0.3166239
39060,0.2767314
39061,0.2944813
39062,0.06661098
39063,0.058881037
39064,0.25641784
39065,0.056557525
39066,0.06546088
39067,0.059976544
39068,0.06644291
39069,0.6481047
39070,0.29682887
39071,0.05955518
39072,0.82519025
39073,0.28168193
39074,0.04861534
39075,0.061051615
39076,0.056610845
39077,0.056602005
39078,0.060373716
39079,0.06511388
39080,0.06334565
39081,0.06598376
39082,0.060610175
39083,0.6722815
39084,0.60528004
39085,0.69258475
39086,0.66469187
39087,0.70227957
39088,0.062014636
39089,0.05463437
39090,0.057283394
39091,0.07370905
39092,0.05648523
39093,0.27921373
39094,0.06275169
39095,0.06338163
39096,0.07070296
39097,0.060826674
39098,0.0611535
39099,0.0633506
39100,0.05858615
39101,0.054640856
39102,0.06228852
39103,0.062240932
39104,0.06394148
39105,0.06217686
39106,0.057578165
39107,0.06372332
39108,0.73976934
39109,0.27724582
39110,0.63218445
39111,0.67465186
39112,0.7878236
39113,0.27978042
39114,0.066078484
39115,0.058759164
39116,0.061331484
39117,0.0646005
39118,0.05912474
39119,0.05653767
39120,0.6793341
39121,0.06372332
39122,0.06113853
39123,0.06437837
39124,0.059671994
39125,0.64834577
39126,0.054747522
39127,0.066251874
39128,0.06417848
39129,0.06151612
39130,0.061937388
39131,0.059358098
39132,0.059293114
39133,0.060011357
39134,0.060252905
39135,0.45110306
39136,0.7021931
39137,0.64196885
39138,0.66095114
39139,0.6607494
39140,0.30565077
39141,0.061447877
39142,0.05999059
39143,0.06588171
39144,0.060358793
39145,0.05845689
39146,0.06841983
39147,0.06176966
39148,0.547461
39149,0.06699775
39150,0.300337
39151,0.055762466
39152,0.058090232
39153,0.06338163
39154,0.068896435
39155,0.06111647
39156,0.06138677
39157,0.054035068
39158,0.054913707
39159,0.06691348
39160,0.060165137
39161,0.6604878
39162,0.6433928
39163,0.64571804
39164,0.6008053
39165,0.300337
39166,0.04861534
39167,0.05470134
39168,0.06176966
39169,0.06269721
39170,0.06183787
39171,0.065087214
39172,0.058381967
39173,0.06247184
39174,0.06014943
39175,0.06879754
39176,0.074677736
39177,0.062021032
39178,0.29319
39179,0.06111647
39180,0.056696676
39181,0.2783427
39182,0.05469554
39183,0.051292676
39184,0.06439701
39185,0.060610175
39186,0.06327156
39187,0.06514678
39188,0.05540253
39189,0.061352693
39190,0.065469846
39191,0.062087733
39192,0.06850468
39193,0.062132336
39194,0.06566657
39195,0.044605058
39196,0.047471333
39197,0.06169574
39198,0.067317575
39199,0.06480306
39200,0.056408778
39201,0.06417848
39202,0.2744824
39203,0.6373243
39204,0.06278873
39205,0.05867141
39206,0.061933752
39207,0.052907303
39208,0.06349521
39209,0.06112953
39210,0.06509612
39211,0.06294083
39212,0.061661836
39213,0.059657373
39214,0.057769705
39215,0.06817964
39216,0.17156959
39217,0.07076952
39218,0.06102588
39219,0.7509889
39220,0.0587837
39221,0.056405563
39222,0.05830419
39223,0.067164354
39224,0.06360652
39225,0.70655006
39226,0.057505656
39227,0.060469463
39228,0.27662468
39229,0.066049926
39230,0.056478653
39231,0.06249007
39232,0.056121785
39233,0.058759164
39234,0.26847866
39235,0.060657423
39236,0.05774769
39237,0.061175566
39238,0.06673862
39239,0.064325966
39240,0.06435273
39241,0.08462703
39242,0.82519025
39243,0.059198096
39244,0.05520751
39245,0.05578098
39246,0.060374424
39247,0.052907303
39248,0.054454926
39249,0.057012442
39250,0.2827543
39251,0.061255373
39252,0.068520434
39253,0.058881037
39254,0.066049926
39255,0.064559035
39256,0.28516582
39257,0.69866043
39258,0.047441572
39259,0.060481686
39260,0.66256887
39261,0.65190357
39262,0.056192182
39263,0.06137043
39264,0.057283394
39265,0.060345553
39266,0.06601666
39267,0.054245245
39268,0.06308787
39269,0.05701619
39270,0.05858615
39271,0.74778026
39272,0.061712794
39273,0.061255373
39274,0.062239565
39275,0.06217686
39276,0.052907303
39277,0.69006807
39278,0.058658067
39279,0.06644291
39280,0.05897484
39281,0.06044752
39282,0.061342962
39283,0.059591357
39284,0.068520434
39285,0.0784466
39286,0.06715037
39287,0.062324006
39288,0.06338476
39289,0.055845127
39290,0.059086863
39291,0.056019973
39292,0.060410675
39293,0.059735905
39294,0.059400097
39295,0.06420578
39296,0.059591357
39297,0.066338256
39298,0.06417848
39299,0.062376015
39300,0.63202024
39301,0.0611535
39302,0.061432548
39303,0.060339116
39304,0.0646005
39305,0.06731136
39306,0.06054667
39307,0.062401377
39308,0.06113853
39309,0.24972059
39310,0.06869804
39311,0.05842985
39312,0.059400097
39313,0.05856318
39314,0.05648523
39315,0.06560181
39316,0.06661098
39317,0.059688997
39318,0.6637529
39319,0.059019964
39320,0.061173715
39321,0.06217686
39322,0.057219636
39323,0.057915967
39324,0.06841983
39325,0.06439701
39326,0.038729444
39327,0.06298431
39328,0.06217686
39329,0.28981346
39330,0.061854135
39331,0.07010248
39332,0.08228506
39333,0.057306238
39334,0.06150317
39335,0.07049533
39336,0.27375495
39337,0.057483967
39338,0.06417848
39339,0.06439701
39340,0.057134494
39341,0.062466014
39342,0.06154992
39343,0.05653767
39344,0.064824216
39345,0.09122065
39346,0.054557636
39347,0.057859804
39348,0.038729444
39349,0.05886151
39350,0.27620503
39351,0.06514678
39352,0.059503164
39353,0.060319185
39354,0.062795006
39355,0.061937388
39356,0.057993066
39357,0.06143833
39358,0.06348546
39359,0.0646005
39360,0.038729444
39361,0.06535075
39362,0.06672324
39363,0.062795006
39364,0.062641025
39365,0.057012442
39366,0.06016007
39367,0.056408778
39368,0.05995945
39369,0.06226972
39370,0.062617555
39371,0.73821634
39372,0.06321377
39373,0.06463172
39374,0.06472367
39375,0.058828358
39376,0.064291164
39377,0.059358098
39378,0.057948183
39379,0.06480306
39380,0.054395523
39381,0.060771395
39382,0.06985359
39383,0.060165137
39384,0.07057698
39385,0.05342747
39386,0.05718536
39387,0.06350897
39388,0.06007534
39389,0.0611535
39390,0.061238132
39391,0.0634558
39392,0.06275169
39393,0.06014943
39394,0.064704575
39395,0.065087214
39396,0.059448645
39397,0.06582609
39398,0.057219636
39399,0.06138452
39400,0.27285275
39401,0.28572062
39402,0.059724938
39403,0.059375554
39404,0.054640856
39405,0.057578165
39406,0.06620265
39407,0.05545616
39408,0.060990386
39409,0.060804464
39410,0.061523356
39411,0.060071647
39412,0.05942333
39413,0.05698081
39414,0.061389294
39415,0.056000188
39416,0.05698081
39417,0.060505223
39418,0.0643814
39419,0.27240327
39420,0.06396618
39421,0.057857957
39422,0.06377733
39423,0.05632581
39424,0.28251466
39425,0.059684183
39426,0.06340869
39427,0.2753206
39428,0.060026802
39429,0.27462232
39430,0.29921898
39431,0.056504108
39432,0.06476825
39433,0.061340425
39434,0.068103164
39435,0.056000188
39436,0.06451134
39437,0.05942333
39438,0.66400766
39439,0.052629292
39440,0.06734354
39441,0.27793366
39442,0.056081586
39443,0.058317963
39444,0.061389294
39445,0.061989307
39446,0.05950185
39447,0.6615649
39448,0.6161056
39449,0.0621573
39450,0.05837125
39451,0.06343204
39452,0.28083485
39453,0.05481791
39454,0.0636524
39455,0.062665604
39456,0.05492249
39457,0.06382987
39458,0.7948995
39459,0.06495628
39460,0.28696302
39461,0.66774374
39462,0.2825031
39463,0.061015975
39464,0.67677975
39465,0.06488599
39466,0.05935473
39467,0.056785572
39468,0.057641305
39469,0.070476696
39470,0.05906016
39471,0.05950185
39472,0.06137746
39473,0.061133813
39474,0.05005493
39475,0.6078477
39476,0.057233196
39477,0.06586571
39478,0.084826715
39479,0.06557086
39480,0.06137746
39481,0.057034098
39482,0.057250567
39483,0.058392316
39484,0.060289763
39485,0.056281354
39486,0.060353182
39487,0.057857957
39488,0.058222692
39489,0.6624856
39490,0.06506202
39491,0.27463928
39492,0.6537785
39493,0.6591337
39494,0.062412817
39495,0.05788356
39496,0.05788356
39497,0.06308107
39498,0.06176215
39499,0.0550187
39500,0.056856107
39501,0.064543374
39502,0.064203024
39503,0.69386584
39504,0.06159342
39505,0.27186656
39506,0.056081586
39507,0.058870077
39508,0.27841732
39509,0.057034098
39510,0.063466765
39511,0.06675941
39512,0.052415963
39513,0.68032604
39514,0.061600186
39515,0.061270934
39516,0.054480117
39517,0.060439613
39518,0.051134136
39519,0.05935473
39520,0.05721572
39521,0.057455197
39522,0.06451134
39523,0.062586635
39524,0.06158723
39525,0.062412817
39526,0.052601002
39527,0.05492249
39528,0.05906016
39529,0.06008712
39530,0.058346312
39531,0.05406762
39532,0.060048442
39533,0.06518022
39534,0.05624881
39535,0.06419959
39536,0.0676267
39537,0.06183704
39538,0.060797773
39539,0.06064565
39540,0.062433757
39541,0.46308053
39542,0.70131314
39543,0.05496285
39544,0.063702166
39545,0.06178938
39546,0.06175072
39547,0.06328423
39548,0.06315077
39549,0.047404833
39550,0.0643814
39551,0.0636524
39552,0.068075895
39553,0.06215823
39554,0.06532185
39555,0.058346312
39556,0.061015975
39557,0.27617216
39558,0.6471603
39559,0.2753206
39560,0.06513517
39561,0.05942333
39562,0.06441262
39563,0.06462698
39564,0.054956265
39565,0.0588582
39566,0.63909644
39567,0.05968091
39568,0.7045145
39569,0.057748783
39570,0.06037339
39571,0.061942864
39572,0.06277209
39573,0.0647902
39574,0.059592176
39575,0.059273694
39576,0.065000385
39577,0.061249766
39578,0.05822643
39579,0.05516297
39580,0.06308107
39581,0.055803068
39582,0.0485786
39583,0.059633173
39584,0.06029922
39585,0.27519193
39586,0.49170256
39587,0.062412817
39588,0.05423381
39589,0.052873224
39590,0.053438187
39591,0.05271401
39592,0.06364748
39593,0.06042112
39594,0.062636256
39595,0.060372043
39596,0.061037473
39597,0.061477777
39598,0.05750735
39599,0.053987313
39600,0.05869551
39601,0.059592176
39602,0.056276575
39603,0.2520942
39604,0.06073952
39605,0.066294596
39606,0.06502602
39607,0.06849319
39608,0.062665604
39609,0.27449965
39610,0.2610757
39611,0.069246836
39612,0.06985071
39613,0.068103164
39614,0.0564232
39615,0.05882639
39616,0.06055477
39617,0.055108942
39618,0.06375289
39619,0.055108942
39620,0.061498117
39621,0.06514793
39622,0.059870593
39623,0.0601919
39624,0.06425957
39625,0.060442396
39626,0.06369502
39627,0.28263152
39628,0.057591453
39629,0.055875
39630,0.2727902
39631,0.057146896
39632,0.062665604
39633,0.06481355
39634,0.063974366
39635,0.06985071
39636,0.05730403
39637,0.05902329
39638,0.058236796
39639,0.27163252
39640,0.06101584
39641,0.060350005
39642,0.06189684
39643,0.062014725
39644,0.05496285
39645,0.0588582
39646,0.055447154
39647,0.8373181
39648,0.064566165
39649,0.061015975
39650,0.057048626
39651,0.67410195
39652,0.056209885
39653,0.060071647
39654,0.06595766
39655,0.060381643
39656,0.27672672
39657,0.93793154
39658,0.057641305
39659,0.058029085
39660,0.055803068
39661,0.059069075
39662,0.05873659
39663,0.2692754
39664,0.05632581
39665,0.06586907
39666,0.058095295
39667,0.085723504
39668,0.050324824
39669,0.06315077
39670,0.06853997
39671,0.06399777
39672,0.062265567
39673,0.06978962
39674,0.2731979
39675,0.06435426
39676,0.06419959
39677,0.059870593
39678,0.05902842
39679,0.27096623
39680,0.062494993
39681,0.06007122
39682,0.064721435
39683,0.05751095
39684,0.932903
39685,0.059759438
39686,0.056981478
39687,0.7066765
39688,0.06555333
39689,0.060735572
39690,0.06849417
39691,0.0565654
39692,0.060194712
39693,0.49742165
39694,0.26935694
39695,0.06898779
39696,0.05721572
39697,0.06402504
39698,0.056479897
39699,0.06579539
39700,0.058888867
39701,0.2711011
39702,0.06398672
39703,0.05620725
39704,0.06364748
39705,0.06328101
39706,0.0621395
39707,0.59508014
39708,0.06251212
39709,0.26262775
39710,0.060505223
39711,0.06025187
39712,0.059748005
39713,0.059514415
39714,0.06251212
39715,0.06032237
39716,0.056902453
39717,0.6806241
39718,0.0640921
39719,0.058870077
39720,0.2710983
39721,0.06814799
39722,0.06601051
39723,0.26601133
39724,0.05964494
39725,0.06293702
39726,0.05902842
39727,0.04745747
39728,0.065106295
39729,0.6761729
39730,0.62011
39731,0.27252132
39732,0.0930785
39733,0.06575522
39734,0.060213562
39735,0.076466724
39736,0.06688925
39737,0.060289763
39738,0.059059665
39739,0.063974366
39740,0.06472916
39741,0.052107118
39742,0.06375289
39743,0.057641305
39744,0.059043497
39745,0.056997523
39746,0.06477022
39747,0.06210147
39748,0.05698081
39749,0.056899518
39750,0.047682382
39751,0.06577673
39752,0.0537405
39753,0.62044466
39754,0.65024686
39755,0.47458473
39756,0.05832155
39757,0.062636256
39758,0.058512736
39759,0.6759706
39760,0.053887736
39761,0.057857957
39762,0.052415963
39763,0.056382168
39764,0.048077587
39765,0.66950214
39766,0.056053475
39767,0.064203024
39768,0.06754884
39769,0.06101584
39770,0.07549271
39771,0.050388135
39772,0.6023423
39773,0.061015975
39774,0.06838241
39775,0.063974366
39776,0.076466724
39777,0.60182947
39778,0.66976815
39779,0.6139943
39780,0.06133172
39781,0.06751492
39782,0.05531182
39783,0.7326959
39784,0.060054
39785,0.058774035
39786,0.05821222
39787,0.05624881
39788,0.062971115
39789,0.054657903
39790,0.06772218
39791,0.062387645
39792,0.06675941
39793,0.5672083
39794,0.5494836
39795,0.05993071
39796,0.060027737
39797,0.051134136
39798,0.06104309
39799,0.06425957
39800,0.069992945
39801,0.06510315
39802,0.060552865
39803,0.06297335
39804,0.062988795
39805,0.061617527
39806,0.058064036
39807,0.61783487
39808,0.66089034
39809,0.66774374
39810,0.06024868
39811,0.060381643
39812,0.06331112
39813,0.67505705
39814,0.06328101
39815,0.063836865
39816,0.06137746
39817,0.06297284
39818,0.067041844
39819,0.061389294
39820,0.66572046
39821,0.65024686
39822,0.06251212
39823,0.0551088
39824,0.07509737
39825,0.0613665
39826,0.06337567
39827,0.052751843
39828,0.06157066
39829,0.048075546
39830,0.05724495
39831,0.060978133
39832,0.058317963
39833,0.28149778
39834,0.2752449
39835,0.06325907
39836,0.06064565
39837,0.063466765
39838,0.062521815
39839,0.054465637
39840,0.069784
39841,0.060505223
39842,0.059701987
39843,0.0562226
39844,0.059625693
39845,0.06514793
39846,0.05698081
39847,0.27154475
39848,0.68933475
39849,0.06519009
39850,0.060350005
39851,0.06073952
39852,0.06251667
39853,0.06488599
39854,0.48017788
39855,0.056997523
39856,0.06377733
39857,0.063702166
39858,0.06734354
39859,0.28068933
39860,0.6336438
39861,0.11108567
39862,0.05721572
39863,0.68773687
39864,0.06488599
39865,0.060990386
39866,0.2768454
39867,0.047229484
39868,0.060023136
39869,0.65779775
39870,0.062334742
39871,0.06391904
39872,0.06925351
39873,0.058222692
39874,0.05501383
39875,0.6119428
39876,0.28083485
39877,0.27846313
39878,0.2819422
39879,0.059684183
39880,0.056053475
39881,0.2751705
39882,0.0550187
39883,0.05968091
39884,0.06419768
39885,0.05492249
39886,0.5740665
39887,0.2816879
39888,0.5740665
39889,0.25841388
39890,0.05996168
39891,0.06308107
39892,0.06481355
39893,0.061133813
39894,0.05624881
39895,0.051134136
39896,0.06697127
39897,0.062412817
39898,0.06129195
39899,0.27619696
39900,0.6665748
39901,0.60597855
39902,0.47925213
39903,0.27583244
39904,0.66770166
39905,0.06431763
39906,0.05974307
39907,0.061406516
39908,0.05904355
39909,0.26460013
39910,0.062030397
39911,0.06282784
39912,0.05822643
39913,0.05821222
39914,0.059786238
39915,0.06242124
39916,0.056479897
39917,0.056902453
39918,0.06279356
39919,0.060471058
39920,0.06985071
39921,0.056000188
39922,0.2736169
39923,0.2778948
39924,0.51538247
39925,0.63676655
39926,0.6319025
39927,0.27519193
39928,0.06325907
39929,0.05897401
39930,0.05913223
39931,0.061573453
39932,0.055363152
39933,0.060382325
39934,0.80863386
39935,0.056676134
39936,0.06406934
39937,0.067469865
39938,0.066846326
39939,0.7117816
39940,0.060054
39941,0.058738194
39942,0.06282784
39943,0.06451134
39944,0.07443889
39945,0.05722074
39946,0.05902329
39947,0.0678043
39948,0.06586907
39949,0.6285243
39950,0.7223427
39951,0.6023423
39952,0.65734136
39953,0.62869775
39954,0.26935694
39955,0.05624881
39956,0.06138646
39957,0.05406762
39958,0.05531182
39959,0.06025187
39960,0.06159342
39961,0.05503782
39962,0.6003374
39963,0.05634561
39964,0.27743313
39965,0.06101584
39966,0.06328101
39967,0.06290364
39968,0.06168248
39969,0.061723668
39970,0.06242124
39971,0.06340869
39972,0.060453154
39973,0.060990386
39974,0.6426527
39975,0.6878661
39976,0.6652599
39977,0.7036301
39978,0.2625205
39979,0.062433757
39980,0.05698081
39981,0.0647902
39982,0.060978133
39983,0.06268412
39984,0.06104309
39985,0.0676267
39986,0.059043497
39987,0.05545616
39988,0.066846326
39989,0.2927014
39990,0.24768467
39991,0.05822643
39992,0.06175072
39993,0.06176215
39994,0.06720897
39995,0.06498244
39996,0.057641305
39997,0.05406762
39998,0.06127891
39999,0.06837395
40000,0.062014725
40001,0.057857957
40002,0.061915707
40003,0.061256547
40004,0.048077587
40005,0.048077587
40006,0.056622062
40007,0.06337567
40008,0.057233196
40009,0.056798603
40010,0.06417559
40011,0.05698081
40012,0.054657903
40013,0.06249677
40014,0.29068387
40015,0.6313534
40016,0.055096895
40017,0.069784
40018,0.05906016
40019,0.06215823
40020,0.060370494
40021,0.06476825
40022,0.05904355
40023,0.052415963
40024,0.06354752
40025,0.05198695
40026,0.059633173
40027,0.060656022
40028,0.5903202
40029,0.05906016
40030,0.052751843
40031,0.0621395
40032,0.063974366
40033,0.0651569
40034,0.6276652
40035,0.055875
40036,0.06159342
40037,0.06157066
40038,0.062586635
40039,0.056856107
40040,0.26708627
40041,0.061249766
40042,0.30496317
40043,0.06575522
40044,0.059273694
40045,0.06213121
40046,0.06387409
40047,0.061220765
40048,0.059817664
40049,0.060975138
40050,0.27189207
40051,0.056906912
40052,0.06325907
40053,0.061930187
40054,0.05079516
40055,0.05698081
40056,0.2750385
40057,0.06470304
40058,0.059772998
40059,0.06772218
40060,0.057298873
40061,0.060875308
40062,0.06042023
40063,0.053568624
40064,0.06481355
40065,0.28322533
40066,0.26601133
40067,0.060071647
40068,0.056000188
40069,0.057561476
40070,0.06393167
40071,0.6078477
40072,0.6439311
40073,0.0696059
40074,0.05406762
40075,0.055096895
40076,0.06387409
40077,0.06157066
40078,0.05687085
40079,0.060522806
40080,0.067041844
40081,0.060580324
40082,0.6792591
40083,0.062494993
40084,0.059061438
40085,0.06354752
40086,0.061098695
40087,0.06197823
40088,0.061498117
40089,0.5551059
40090,0.05964486
40091,0.059633173
40092,0.059043497
40093,0.056729063
40094,0.06822135
40095,0.06565333
40096,0.05821222
40097,0.05565599
40098,0.069279075
40099,0.059140675
40100,0.06176215
40101,0.062265567
40102,0.06449524
40103,0.061249766
40104,0.07502159
40105,0.057034098
40106,0.057455197
40107,0.061723668
40108,0.05892108
40109,0.052107118
40110,0.06137746
40111,0.058512736
40112,0.056000188
40113,0.06132357
40114,0.742947
40115,0.056583684
40116,0.06462698
40117,0.063836865
40118,0.054657903
40119,0.07701379
40120,0.27240327
40121,0.06293702
40122,0.068972476
40123,0.054657903
40124,0.059625693
40125,0.050324824
40126,0.072998576
40127,0.7471087
40128,0.06425957
40129,0.050388135
40130,0.056479897
40131,0.06455082
40132,0.065304
40133,0.06387409
40134,0.048292123
40135,0.06467807
40136,0.062593795
40137,0.055834875
40138,0.060758464
40139,0.07115288
40140,0.06105103
40141,0.06419768
40142,0.068972476
40143,0.0485786
40144,0.055906285
40145,0.062494993
40146,0.05874585
40147,0.058029085
40148,0.054465637
40149,0.059712883
40150,0.054331
40151,0.061310507
40152,0.0637886
40153,0.060289763
40154,0.06628039
40155,0.05922869
40156,0.058392316
40157,0.060442396
40158,0.06792959
40159,0.05565599
40160,0.058512736
40161,0.2816729
40162,0.062265567
40163,0.066070944
40164,0.059514415
40165,0.06189684
40166,0.057455197
40167,0.058932357
40168,0.064203024
40169,0.06608651
40170,0.061033603
40171,0.050388135
40172,0.062151235
40173,0.06382987
40174,0.06575522
40175,0.06029922
40176,0.062988795
40177,0.06595766
40178,0.06417559
40179,0.65949744
40180,0.06481355
40181,0.06502913
40182,0.06185878
40183,0.060039572
40184,0.0681509
40185,0.060978133
40186,0.057857957
40187,0.06328423
40188,0.058876894
40189,0.058976427
40190,0.067272335
40191,0.060430206
40192,0.06396618
40193,0.0678043
40194,0.05904355
40195,0.0681509
40196,0.049274433
40197,0.060048442
40198,0.06008712
40199,0.06073952
40200,0.06068313
40201,0.049274433
40202,0.059247263
40203,0.06297284
40204,0.06418871
40205,0.059817664
40206,0.06229077
40207,0.062412817
40208,0.06837395
40209,0.27489963
40210,0.07509737
40211,0.05771699
40212,0.06257723
40213,0.05667872
40214,0.060410578
40215,0.06251425
40216,0.0637015
40217,0.055591557
40218,0.057293933
40219,0.056976814
40220,0.057016816
40221,0.056469552
40222,0.0552799
40223,0.057756443
40224,0.063097335
40225,0.058768254
40226,0.05540463
40227,0.06371348
40228,0.2758678
40229,0.059553284
40230,0.27975222
40231,0.0588742
40232,0.05816792
40233,0.059034117
40234,0.061481103
40235,0.5456606
40236,0.050505888
40237,0.046798293
40238,0.063690774
40239,0.056358427
40240,0.05168564
40241,0.051495645
40242,0.05672899
40243,0.67634577
40244,0.06681727
40245,0.06425043
40246,0.06257723
40247,0.059497416
40248,0.22766949
40249,0.056024443
40250,0.05997179
40251,0.05970421
40252,0.055303488
40253,0.6084859
40254,0.674213
40255,0.06306354
40256,0.064181834
40257,0.06048245
40258,0.25493112
40259,0.065093815
40260,0.06031445
40261,0.051495645
40262,0.06358726
40263,0.66546506
40264,0.0657406
40265,0.05955878
40266,0.78053415
40267,0.28498104
40268,0.06006039
40269,0.74687403
40270,0.071206525
40271,0.059431784
40272,0.0607296
40273,0.06696506
40274,0.061997473
40275,0.05468702
40276,0.06430393
40277,0.06361491
40278,0.06858338
40279,0.056237936
40280,0.66196996
40281,0.06306566
40282,0.06497738
40283,0.065253794
40284,0.06909521
40285,0.06722
40286,0.06204297
40287,0.06078374
40288,0.05996911
40289,0.062052034
40290,0.2780263
40291,0.27913985
40292,0.06496944
40293,0.5281376
40294,0.71991706
40295,0.056295045
40296,0.06012695
40297,0.062002614
40298,0.058678895
40299,0.05966393
40300,0.06275348
40301,0.063320935
40302,0.060534824
40303,0.061545063
40304,0.056874577
40305,0.058072202
40306,0.6456933
40307,0.062319335
40308,0.057144787
40309,0.05997179
40310,0.6394191
40311,0.055972565
40312,0.063786775
40313,0.06146241
40314,0.053916853
40315,0.061898287
40316,0.74541914
40317,0.058491874
40318,0.066671975
40319,0.06767523
40320,0.064168684
40321,0.063439526
40322,0.062440906
40323,0.06124136
40324,0.06036998
40325,0.058606964
40326,0.053301867
40327,0.06810913
40328,0.061958246
40329,0.06176722
40330,0.05806306
40331,0.061068192
40332,0.05471877
40333,0.06204297
40334,0.061652232
40335,0.06058979
40336,0.058002662
40337,0.064181834
40338,0.060217723
40339,0.06397092
40340,0.060377523
40341,0.07096934
40342,0.7212686
40343,0.6677988
40344,0.057250477
40345,0.056116108
40346,0.054118656
40347,0.06536685
40348,0.054118656
40349,0.05325305
40350,0.06481499
40351,0.057293933
40352,0.26958022
40353,0.06460527
40354,0.059269875
40355,0.06154061
40356,0.071206525
40357,0.09924816
40358,0.06589689
40359,0.2872749
40360,0.27356902
40361,0.059667747
40362,0.062092658
40363,0.05638628
40364,0.056548588
40365,0.0646337
40366,0.27910638
40367,0.059094053
40368,0.6494343
40369,0.058011316
40370,0.057668537
40371,0.05800269
40372,0.05653119
40373,0.064181834
40374,0.06162655
40375,0.05928078
40376,0.059432983
40377,0.12864192
40378,0.27874774
40379,0.65381694
40380,0.06472085
40381,0.06075808
40382,0.05771301
40383,0.05552802
40384,0.053580396
40385,0.06810913
40386,0.05994614
40387,0.06036998
40388,0.06440647
40389,0.054185253
40390,0.07057462
40391,0.059864156
40392,0.056116108
40393,0.061068192
40394,0.0607296
40395,0.0483397
40396,0.06131944
40397,0.058591742
40398,0.060217723
40399,0.06279522
40400,0.06164387
40401,0.06961614
40402,0.056548588
40403,0.27060878
40404,0.059416205
40405,0.0631441
40406,0.05787958
40407,0.05711438
40408,0.0555961
40409,0.06472085
40410,0.06392261
40411,0.06637776
40412,0.056358427
40413,0.060001153
40414,0.055095237
40415,0.06481499
40416,0.059094053
40417,0.060534824
40418,0.054398917
40419,0.063116424
40420,0.06239334
40421,0.052424535
40422,0.056346245
40423,0.75091034
40424,0.06275348
40425,0.054993447
40426,0.06373957
40427,0.06430393
40428,0.046798293
40429,0.06807699
40430,0.061545063
40431,0.06897402
40432,0.2708664
40433,0.056548588
40434,0.065212384
40435,0.052244797
40436,0.06078374
40437,0.09369108
40438,0.062311113
40439,0.2793416
40440,0.052922327
40441,0.0672516
40442,0.056116108
40443,0.6394191
40444,0.06381518
40445,0.05899903
40446,0.06475677
40447,0.061958246
40448,0.06066666
40449,0.27178225
40450,0.061726425
40451,0.06441613
40452,0.06373957
40453,0.07002668
40454,0.056933254
40455,0.2784598
40456,0.07002668
40457,0.06710455
40458,0.060218055
40459,0.0640799
40460,0.062185064
40461,0.059078135
40462,0.05614619
40463,0.060228154
40464,0.058011316
40465,0.0576069
40466,0.06421484
40467,0.056019392
40468,0.28217468
40469,0.06512255
40470,0.059921347
40471,0.07897539
40472,0.0738766
40473,0.27345818
40474,0.06397092
40475,0.05970858
40476,0.06187725
40477,0.06810913
40478,0.5999683
40479,0.064898804
40480,0.058939323
40481,0.7498085
40482,0.06239334
40483,0.057144787
40484,0.05909165
40485,0.27125356
40486,0.27315515
40487,0.0622348
40488,0.06036998
40489,0.05210237
40490,0.06154061
40491,0.06530455
40492,0.059029844
40493,0.3036087
40494,0.05690356
40495,0.059952337
40496,0.0588742
40497,0.056116108
40498,0.0569442
40499,0.636565
40500,0.07000843
40501,0.27381575
40502,0.055102874
40503,0.065212384
40504,0.055194
40505,0.065093815
40506,0.013438565
40507,0.06176722
40508,0.05606168
40509,0.64493746
40510,0.06531853
40511,0.05909385
40512,0.06765012
40513,0.05730972
40514,0.06394576
40515,0.26192805
40516,0.0675385
40517,0.063690774
40518,0.06394576
40519,0.058663376
40520,0.055197924
40521,0.783407
40522,0.65150374
40523,0.27345818
40524,0.060894743
40525,0.060659513
40526,0.05332082
40527,0.06383349
40528,0.06029669
40529,0.06320397
40530,0.054097235
40531,0.06068678
40532,0.06291594
40533,0.06370326
40534,0.071206525
40535,0.059449773
40536,0.057106722
40537,0.05407772
40538,0.05909385
40539,0.07099967
40540,0.0631441
40541,0.060897734
40542,0.2884456
40543,0.058091696
40544,0.5923039
40545,0.5636325
40546,0.6624229
40547,0.06189898
40548,0.063277535
40549,0.6292361
40550,0.061726425
40551,0.06638144
40552,0.055017095
40553,0.06187725
40554,0.04698048
40555,0.05468702
40556,0.060228154
40557,0.60955817
40558,0.06164387
40559,0.060250305
40560,0.061377615
40561,0.055983603
40562,0.058939323
40563,0.057798985
40564,0.058835395
40565,0.060250305
40566,0.05864915
40567,0.059269875
40568,0.06022331
40569,0.6186199
40570,0.56568545
40571,0.6352078
40572,0.059949256
40573,0.06239334
40574,0.05653119
40575,0.644151
40576,0.053329602
40577,0.2778527
40578,0.06159785
40579,0.06275348
40580,0.06536685
40581,0.0573225
40582,0.061083853
40583,0.064160734
40584,0.66525006
40585,0.68136954
40586,0.06531853
40587,0.06163764
40588,0.0622348
40589,0.06282259
40590,0.05711438
40591,0.06214051
40592,0.060410578
40593,0.061047923
40594,0.055197924
40595,0.062571116
40596,0.06307074
40597,0.059452757
40598,0.056358427
40599,0.7412491
40600,0.7227225
40601,0.6640577
40602,0.06444986
40603,0.057405386
40604,0.06826565
40605,0.6969985
40606,0.06164387
40607,0.06146241
40608,0.063720606
40609,0.05838748
40610,0.063690774
40611,0.7208376
40612,0.7202313
40613,0.06348407
40614,0.08361435
40615,0.06746786
40616,0.06048245
40617,0.054746624
40618,0.059311498
40619,0.059643805
40620,0.060964987
40621,0.057027187
40622,0.06826565
40623,0.061616443
40624,0.056548588
40625,0.28211275
40626,0.05948007
40627,0.05704837
40628,0.06358726
40629,0.05948007
40630,0.055102874
40631,0.060318172
40632,0.060176853
40633,0.067161515
40634,0.0591012
40635,0.12379518
40636,0.067161515
40637,0.06349612
40638,0.05806306
40639,0.07851619
40640,0.2750896
40641,0.62982523
40642,0.062559426
40643,0.26011115
40644,0.06810913
40645,0.0631441
40646,0.06162655
40647,0.801068
40648,0.056933254
40649,0.05976485
40650,0.057533093
40651,0.06481499
40652,0.06647123
40653,0.27193308
40654,0.554591
40655,0.05490083
40656,0.06000495
40657,0.66525006
40658,0.06373957
40659,0.05904354
40660,0.06638144
40661,0.27139285
40662,0.06033921
40663,0.056841947
40664,0.6677988
40665,0.07059398
40666,0.07057462
40667,0.059432983
40668,0.06068678
40669,0.06145004
40670,0.5650503
40671,0.49483803
40672,0.2784598
40673,0.27833655
40674,0.061083853
40675,0.058492083
40676,0.26718858
40677,0.057176948
40678,0.060478143
40679,0.06153599
40680,0.7144581
40681,0.27833655
40682,0.06638144
40683,0.64603645
40684,0.2713787
40685,0.065253794
40686,0.05388239
40687,0.052244797
40688,0.064181834
40689,0.062319335
40690,0.05667872
40691,0.056874577
40692,0.05690356
40693,0.0631441
40694,0.054993447
40695,0.60765046
40696,0.625238
40697,0.2712682
40698,0.28035703
40699,0.6403245
40700,0.065688394
40701,0.05388239
40702,0.060053036
40703,0.062386956
40704,0.08036987
40705,0.26268175
40706,0.0555961
40707,0.06038211
40708,0.060294986
40709,0.05760728
40710,0.07851619
40711,0.058987733
40712,0.06286765
40713,0.05653119
40714,0.061898287
40715,0.051495645
40716,0.063413255
40717,0.05711438
40718,0.06306566
40719,0.057809766
40720,0.0646337
40721,0.27345818
40722,0.06060732
40723,0.6117365
40724,0.7541054
40725,0.7387124
40726,0.27931225
40727,0.057405386
40728,0.059113313
40729,0.056874577
40730,0.05643227
40731,0.06481499
40732,0.68553305
40733,0.05634519
40734,0.06282259
40735,0.06010559
40736,0.0606067
40737,0.29583728
40738,0.056237936
40739,0.06291594
40740,0.0571359
40741,0.063439526
40742,0.05683172
40743,0.056833085
40744,0.059658214
40745,0.69915956
40746,0.46116182
40747,0.5672326
40748,0.5289789
40749,0.2755175
40750,0.28108045
40751,0.055095237
40752,0.057994753
40753,0.066137485
40754,0.060478143
40755,0.06291594
40756,0.061313357
40757,0.667715
40758,0.05388239
40759,0.26628414
40760,0.0591012
40761,0.060268294
40762,0.05508504
40763,0.05742763
40764,0.22485761
40765,0.062386956
40766,0.07000843
40767,0.05471877
40768,0.061083853
40769,0.6542636
40770,0.66761374
40771,0.5612559
40772,0.6999696
40773,0.059076767
40774,0.06058979
40775,0.08036987
40776,0.07897539
40777,0.058138087
40778,0.061997473
40779,0.059416205
40780,0.06010559
40781,0.05165159
40782,0.055591557
40783,0.06326672
40784,0.05997179
40785,0.0680379
40786,0.06016544
40787,0.26628414
40788,0.06306566
40789,0.06137749
40790,0.060967676
40791,0.06373957
40792,0.052392744
40793,0.05969752
40794,0.060987666
40795,0.060549747
40796,0.061068192
40797,0.062216688
40798,0.057668537
40799,0.062001303
40800,0.064160734
40801,0.057816297
40802,0.06106464
40803,0.062052034
40804,0.05909385
40805,0.061616443
40806,0.06589689
40807,0.0666987
40808,0.061083853
40809,0.056024443
40810,0.055591557
40811,0.06781221
40812,0.06430393
40813,0.2766103
40814,0.64232194
40815,0.066628315
40816,0.06258405
40817,0.06497738
40818,0.055070948
40819,0.060318172
40820,0.066087715
40821,0.06016544
40822,0.060228154
40823,0.0738766
40824,0.059034117
40825,0.06295548
40826,0.059222113
40827,0.061068192
40828,0.646849
40829,0.062001303
40830,0.057816297
40831,0.060478143
40832,0.06320397
40833,0.060268294
40834,0.27773684
40835,0.27925634
40836,0.062001303
40837,0.27054623
40838,0.06583292
40839,0.059601307
40840,0.0607296
40841,0.2713787
40842,0.0588742
40843,0.052378222
40844,0.058314264
40845,0.06075808
40846,0.06481499
40847,0.058939323
40848,0.06266037
40849,0.06197636
40850,0.06530455
40851,0.05800322
40852,0.059381835
40853,0.05490083
40854,0.06765012
40855,0.062268563
40856,0.05711438
40857,0.26428387
40858,0.060613234
40859,0.27276582
40860,0.06764653
40861,0.059452757
40862,0.0615408
40863,0.05210237
40864,0.27821997
40865,0.060053036
40866,0.26285988
40867,0.058663376
40868,0.06655249
40869,0.062275376
40870,0.064528376
40871,0.6315033
40872,0.6400655
40873,0.057626333
40874,0.061481103
40875,0.06375899
40876,0.064168684
40877,0.061313357
40878,0.05627508
40879,0.058072202
40880,0.059669603
40881,0.066087715
40882,0.6313954
40883,0.05427821
40884,0.051778376
40885,0.065044485
40886,0.067561366
40887,0.065093815
40888,0.067834966
40889,0.062092658
40890,0.27792338
40891,0.0550044
40892,0.0588742
40893,0.21190928
40894,0.052291
40895,0.05954504
40896,0.05997179
40897,0.058011316
40898,0.06146241
40899,0.05806306
40900,0.06829527
40901,0.05336011
40902,0.058617506
40903,0.27287838
40904,0.06017343
40905,0.06807699
40906,0.062407304
40907,0.062559426
40908,0.06722
40909,0.055972565
40910,0.065212384
40911,0.059601307
40912,0.6045125
40913,0.05771699
40914,0.058366176
40915,0.060967676
40916,0.07554096
40917,0.07059398
40918,0.054993447
40919,0.054097235
40920,0.06282259
40921,0.26364225
40922,0.06768169
40923,0.061938033
40924,0.060217723
40925,0.06137749
40926,0.058342446
40927,0.067161515
40928,0.059667747
40929,0.06425043
40930,0.27751622
40931,0.059601307
40932,0.0607296
40933,0.060987666
40934,0.051951516
40935,0.06075808
40936,0.058134843
40937,0.0672516
40938,0.07096934
40939,0.054820195
40940,0.09924816
40941,0.06423932
40942,0.054827124
40943,0.055387158
40944,0.065452114
40945,0.060104858
40946,0.063205495
40947,0.06284554
40948,0.05806306
40949,0.061786104
40950,0.06069772
40951,0.062386956
40952,0.06306566
40953,0.0579086
40954,0.06481499
40955,0.061213672
40956,0.05165159
40957,0.06017665
40958,0.2708664
40959,0.059431784
40960,0.05796489
40961,0.06068678
40962,0.056682177
40963,0.09924816
40964,0.06647123
40965,0.06733722
40966,0.05667872
40967,0.053458624
40968,0.057293933
40969,0.060218055
40970,0.050804168
40971,0.06048245
40972,0.0607296
40973,0.06358726
40974,0.2754824
40975,0.059449773
40976,0.05918217
40977,0.054744907
40978,0.06802982
40979,0.060071748
40980,0.057994224
40981,0.06285891
40982,0.062386956
40983,0.065093815
40984,0.06286765
40985,0.059094053
40986,0.062113814
40987,0.06398091
40988,0.06640366
40989,0.05899903
40990,0.06631595
40991,0.08036987
40992,0.060136158
40993,0.056957506
40994,0.06746786
40995,0.052340984
40996,0.060559694
40997,0.05847066
40998,0.27925634
40999,0.2884456
41000,0.06384331
41001,0.06038451
41002,0.06902282
41003,0.064053014
41004,0.057016145
41005,0.055617716
41006,0.058165077
41007,0.05642785
41008,0.06744327
41009,0.06438337
41010,0.055694446
41011,0.056536794
41012,0.059727896
41013,0.062061366
41014,0.0621802
41015,0.06067339
41016,0.059003863
41017,0.055507883
41018,0.05291008
41019,0.061687358
41020,0.059337694
41021,0.06099785
41022,0.16017589
41023,0.7103385
41024,0.058931522
41025,0.27341396
41026,0.06844577
41027,0.0604352
41028,0.05843997
41029,0.058377825
41030,0.05682723
41031,0.6930747
41032,0.67278475
41033,0.05531791
41034,0.047938775
41035,0.0643707
41036,0.062040113
41037,0.06068798
41038,0.061627395
41039,0.05779868
41040,0.06234875
41041,0.06230188
41042,0.27568847
41043,0.05746495
41044,0.06348505
41045,0.7983334
41046,0.27609283
41047,0.6606871
41048,0.05704773
41049,0.061559416
41050,0.061095554
41051,0.06946072
41052,0.059109826
41053,0.060974486
41054,0.049131032
41055,0.063843966
41056,0.05845891
41057,0.07768855
41058,0.05884167
41059,0.2821786
41060,0.05843997
41061,0.058583148
41062,0.059176795
41063,0.06206337
41064,0.05580758
41065,0.059003863
41066,0.06027864
41067,0.0566589
41068,0.062040113
41069,0.06038451
41070,0.06226878
41071,0.060545348
41072,0.0617729
41073,0.66561973
41074,0.54098415
41075,0.062061366
41076,0.052582175
41077,0.06226878
41078,0.060516253
41079,0.054472603
41080,0.06146278
41081,0.059938803
41082,0.6946738
41083,0.051369946
41084,0.060355853
41085,0.06255485
41086,0.05764766
41087,0.06476702
41088,0.06589097
41089,0.05223802
41090,0.06286387
41091,0.06038812
41092,0.07768855
41093,0.6640994
41094,0.06562414
41095,0.059572056
41096,0.05779148
41097,0.060507167
41098,0.057380456
41099,0.05789385
41100,0.06099785
41101,0.058289535
41102,0.06819505
41103,0.058414895
41104,0.054707166
41105,0.045834705
41106,0.06082075
41107,0.05872598
41108,0.06773886
41109,0.05711744
41110,0.060254492
41111,0.060516253
41112,0.06067519
41113,0.055889774
41114,0.059578657
41115,0.065497085
41116,0.06160799
41117,0.058190107
41118,0.05353013
41119,0.06611651
41120,0.7058853
41121,0.70997894
41122,0.05914381
41123,0.0604352
41124,0.05812804
41125,0.056243107
41126,0.05565476
41127,0.057380456
41128,0.09563718
41129,0.057424
41130,0.24832392
41131,0.053873554
41132,0.061664607
41133,0.06423593
41134,0.05580758
41135,0.05655852
41136,0.05848245
41137,0.27953508
41138,0.2687539
41139,0.0654521
41140,0.06704924
41141,0.08685707
41142,0.060516253
41143,0.06068102
41144,0.65463865
41145,0.06368943
41146,0.79385287
41147,0.05823127
41148,0.05882334
41149,0.054707166
41150,0.057460353
41151,0.044977672
41152,0.0582827
41153,0.06440582
41154,0.055477813
41155,0.058331676
41156,0.058931522
41157,0.054392617
41158,0.060606986
41159,0.05355071
41160,0.6026787
41161,0.057199694
41162,0.05887226
41163,0.062041797
41164,0.05769316
41165,0.0603729
41166,0.06930076
41167,0.060642373
41168,0.063030094
41169,0.05742587
41170,0.05974295
41171,0.058210574
41172,0.059337694
41173,0.053130932
41174,0.060135428
41175,0.062156957
41176,0.05355071
41177,0.05175593
41178,0.06616722
41179,0.05823127
41180,0.065001324
41181,0.05565476
41182,0.05802064
41183,0.27272716
41184,0.06001498
41185,0.26574537
41186,0.05853826
41187,0.060254492
41188,0.06555933
41189,0.06723589
41190,0.047938775
41191,0.067523815
41192,0.055914313
41193,0.06946072
41194,0.06177381
41195,0.066548444
41196,0.06635845
41197,0.052987475
41198,0.05722281
41199,0.063030094
41200,0.06616722
41201,0.06555933
41202,0.056615602
41203,0.788351
41204,0.060516253
41205,0.06334247
41206,0.061702713
41207,0.06067519
41208,0.06067339
41209,0.057099987
41210,0.05067253
41211,0.06286387
41212,0.26758048
41213,0.067091465
41214,0.058331676
41215,0.062645115
41216,0.057144318
41217,0.061626576
41218,0.060637113
41219,0.06723589
41220,0.060576856
41221,0.059007313
41222,0.059578657
41223,0.64539915
41224,0.055761512
41225,0.09563718
41226,0.05887226
41227,0.06453555
41228,0.055617716
41229,0.27742118
41230,0.062061366
41231,0.062738575
41232,0.05887226
41233,0.05723491
41234,0.058557224
41235,0.060522236
41236,0.059964065
41237,0.27895072
41238,0.08930983
41239,0.059962332
41240,0.061684255
41241,0.05353013
41242,0.053856608
41243,0.060420945
41244,0.06580412
41245,0.05820807
41246,0.056319974
41247,0.061392684
41248,0.057721183
41249,0.061010767
41250,0.059003863
41251,0.054472603
41252,0.27302516
41253,0.064813755
41254,0.05746495
41255,0.060459625
41256,0.05886203
41257,0.6640994
41258,0.2764532
41259,0.6848507
41260,0.059651118
41261,0.06082075
41262,0.06800981
41263,0.05974295
41264,0.062317256
41265,0.69775444
41266,0.28900123
41267,0.05704773
41268,0.05901524
41269,0.062211614
41270,0.059554476
41271,0.060277034
41272,0.05914923
41273,0.28985202
41274,0.0585394
41275,0.055124465
41276,0.059938803
41277,0.061679702
41278,0.053552154
41279,0.7321516
41280,0.08271743
41281,0.7470108
41282,0.06287185
41283,0.059120953
41284,0.05003185
41285,0.052582175
41286,0.060522236
41287,0.06287535
41288,0.055768237
41289,0.6511808
41290,0.05642785
41291,0.067788914
41292,0.064500175
41293,0.068323
41294,0.066644244
41295,0.28544205
41296,0.062405523
41297,0.060348216
41298,0.2726316
41299,0.063218586
41300,0.06038451
41301,0.6341912
41302,0.7029806
41303,0.24780889
41304,0.057016145
41305,0.27324876
41306,0.053873554
41307,0.058241155
41308,0.051892724
41309,0.07535257
41310,0.06972262
41311,0.06844577
41312,0.06234875
41313,0.060382538
41314,0.06270328
41315,0.06477503
41316,0.058931522
41317,0.05897045
41318,0.059143797
41319,0.65433276
41320,0.057862874
41321,0.055694446
41322,0.62449336
41323,0.69248646
41324,0.63958704
41325,0.057424
41326,0.64558256
41327,0.06206396
41328,0.059044573
41329,0.05655852
41330,0.055021092
41331,0.055021092
41332,0.058165077
41333,0.6557965
41334,0.059003863
41335,0.060225535
41336,0.064490184
41337,0.06159179
41338,0.061640896
41339,0.056541577
41340,0.058560666
41341,0.05788257
41342,0.06018187
41343,0.057662264
41344,0.059600685
41345,0.05528725
41346,0.6607967
41347,0.61716014
41348,0.6598638
41349,0.05951424
41350,0.06616722
41351,0.06286387
41352,0.6613008
41353,0.063390106
41354,0.27643728
41355,0.05897045
41356,0.05769316
41357,0.07026616
41358,0.06902282
41359,0.06238854
41360,0.06160799
41361,0.058088828
41362,0.64219546
41363,0.67675257
41364,0.059328463
41365,0.061430767
41366,0.068323
41367,0.05909434
41368,0.057920955
41369,0.062317256
41370,0.05286516
41371,0.055380177
41372,0.057099987
41373,0.062738575
41374,0.058557224
41375,0.057517853
41376,0.060055055
41377,0.6373477
41378,0.6748845
41379,0.6279264
41380,0.05216701
41381,0.06159179
41382,0.67869824
41383,0.06562246
41384,0.06362031
41385,0.06373728
41386,0.06392294
41387,0.05247164
41388,0.67071795
41389,0.6422674
41390,0.055275053
41391,0.06403853
41392,0.06001498
41393,0.059919544
41394,0.056704335
41395,0.06637712
41396,0.059292626
41397,0.06758323
41398,0.058023706
41399,0.06146278
41400,0.059554476
41401,0.059497576
41402,0.29274106
41403,0.28152433
41404,0.06433932
41405,0.060457643
41406,0.05853826
41407,0.05430822
41408,0.2726316
41409,0.14111795
41410,0.05000208
41411,0.055212315
41412,0.05216701
41413,0.05565476
41414,0.061679702
41415,0.06574347
41416,0.27953508
41417,0.64219546
41418,0.051892724
41419,0.074155964
41420,0.063390106
41421,0.069242254
41422,0.057721183
41423,0.68643045
41424,0.059539467
41425,0.060974486
41426,0.05445242
41427,0.057121158
41428,0.27970284
41429,0.5775658
41430,0.29887
41431,0.06141348
41432,0.6934499
41433,0.064987
41434,0.05150395
41435,0.053856608
41436,0.060495436
41437,0.055520386
41438,0.06525176
41439,0.6557965
41440,0.07348805
41441,0.057500113
41442,0.06423983
41443,0.059035245
41444,0.058076296
41445,0.6117078
41446,0.27121386
41447,0.27643728
41448,0.27895072
41449,0.06094188
41450,0.06141348
41451,0.26758048
41452,0.055380177
41453,0.05794719
41454,0.063153505
41455,0.05855859
41456,0.74606
41457,0.2734368
41458,0.06574347
41459,0.2713853
41460,0.69853497
41461,0.060868517
41462,0.059676915
41463,0.058110986
41464,0.067091465
41465,0.06403987
41466,0.06126505
41467,0.054918397
41468,0.059973806
41469,0.058310878
41470,0.6820121
41471,0.52653563
41472,0.63753605
41473,0.055071253
41474,0.68197304
41475,0.05351529
41476,0.059328463
41477,0.05545757
41478,0.06082075
41479,0.05789385
41480,0.2803467
41481,0.059919544
41482,0.063153505
41483,0.05355071
41484,0.05858062
41485,0.053576574
41486,0.05910635
41487,0.05583094
41488,0.059120953
41489,0.04784583
41490,0.060507167
41491,0.05978058
41492,0.060516253
41493,0.061392684
41494,0.058864113
41495,0.058076296
41496,0.058165077
41497,0.28402108
41498,0.061679702
41499,0.7130625
41500,0.6977333
41501,0.6836374
41502,0.06355982
41503,0.05978058
41504,0.05764766
41505,0.06027864
41506,0.06253274
41507,0.06819505
41508,0.66613704
41509,0.06267227
41510,0.05626591
41511,0.059634063
41512,0.27908033
41513,0.05672326
41514,0.06392294
41515,0.06159179
41516,0.033984344
41517,0.054678313
41518,0.062099863
41519,0.06027225
41520,0.5436728
41521,0.6606871
41522,0.28174567
41523,0.64405507
41524,0.26778862
41525,0.27288553
41526,0.06011164
41527,0.045834705
41528,0.06403987
41529,0.067523815
41530,0.058367517
41531,0.058076296
41532,0.060382538
41533,0.6242856
41534,0.058940742
41535,0.68052953
41536,0.054392617
41537,0.05355071
41538,0.13620725
41539,0.06423983
41540,0.06272218
41541,0.056541577
41542,0.045834705
41543,0.06428235
41544,0.6503781
41545,0.8289497
41546,0.7097976
41547,0.7826834
41548,0.05884167
41549,0.063153505
41550,0.05882334
41551,0.05355071
41552,0.057862874
41553,0.061467968
41554,0.05599392
41555,0.067632675
41556,0.058252744
41557,0.058414895
41558,0.057918508
41559,0.061095554
41560,0.30558184
41561,0.05175593
41562,0.056704335
41563,0.05327323
41564,0.057858225
41565,0.067632675
41566,0.069563836
41567,0.2733442
41568,0.058931522
41569,0.04737611
41570,0.06068102
41571,0.061275713
41572,0.06950687
41573,0.06194771
41574,0.059554476
41575,0.06001498
41576,0.061766725
41577,0.061879314
41578,0.059750907
41579,0.05445242
41580,0.05829529
41581,0.055507883
41582,0.06372069
41583,0.058560666
41584,0.059572056
41585,0.065826304
41586,0.060299937
41587,0.056467596
41588,0.27121386
41589,0.64562845
41590,0.06108951
41591,0.058414895
41592,0.06141348
41593,0.045834705
41594,0.05892483
41595,0.06194771
41596,0.062405523
41597,0.06756236
41598,0.05858062
41599,0.06296009
41600,0.058210574
41601,0.05817935
41602,0.06082075
41603,0.059919544
41604,0.78025556
41605,0.061640896
41606,0.061926197
41607,0.055906292
41608,0.058190107
41609,0.06180355
41610,0.7472751
41611,0.27765626
41612,0.061362043
41613,0.27185333
41614,0.055617716
41615,0.060062397
41616,0.05583094
41617,0.059109826
41618,0.058828954
41619,0.052659284
41620,0.06143554
41621,0.05808003
41622,0.059876688
41623,0.056891873
41624,0.0514195
41625,0.063600965
41626,0.05985812
41627,0.053502787
41628,0.069552734
41629,0.2797424
41630,0.05882334
41631,0.05892483
41632,0.07768855
41633,0.06348505
41634,0.058076296
41635,0.2814763
41636,0.062678345
41637,0.25273103
41638,0.064053014
41639,0.051546507
41640,0.061679702
41641,0.061122153
41642,0.061627395
41643,0.7249011
41644,0.29258034
41645,0.064407
41646,0.058241155
41647,0.056536794
41648,0.058828954
41649,0.27970105
41650,0.6757797
41651,0.06287535
41652,0.06230188
41653,0.059329733
41654,0.05882334
41655,0.0603729
41656,0.06160799
41657,0.052893486
41658,0.06403853
41659,0.047938775
41660,0.8236334
41661,0.059328463
41662,0.06175794
41663,0.057424
41664,0.06082075
41665,0.28243694
41666,0.05169948
41667,0.28626165
41668,0.057121158
41669,0.06027864
41670,0.05909434
41671,0.061430767
41672,0.055904064
41673,0.047938775
41674,0.0664393
41675,0.06160799
41676,0.04737611
41677,0.05746495
41678,0.26395735
41679,0.06287185
41680,0.06305699
41681,0.058173012
41682,0.06194771
41683,0.05823127
41684,0.06239681
41685,0.05642785
41686,0.79385287
41687,0.06175794
41688,0.0620578
41689,0.04969969
41690,0.06194771
41691,0.069242254
41692,0.060055055
41693,0.069552734
41694,0.06902282
41695,0.27643728
41696,0.056694545
41697,0.05705409
41698,0.05951424
41699,0.06420809
41700,0.057099987
41701,0.06068102
41702,0.28282082
41703,0.06482848
41704,0.060522236
41705,0.27545825
41706,0.058367517
41707,0.05829529
41708,0.052893486
41709,0.06392294
41710,0.059385724
41711,0.060507167
41712,0.067632675
41713,0.05952229
41714,0.07348805
41715,0.06194771
41716,0.27788302
41717,0.060254805
41718,0.060055055
41719,0.060420945
41720,0.05175593
41721,0.07729202
41722,0.059750907
41723,0.057099987
41724,0.05622556
41725,0.05175593
41726,0.06373728
41727,0.05352075
41728,0.064407
41729,0.2743468
41730,0.048203323
41731,0.06013166
41732,0.05705409
41733,0.057121158
41734,0.058210574
41735,0.057121158
41736,0.054769084
41737,0.058606666
41738,0.05000208
41739,0.06175794
41740,0.05071444
41741,0.055617716
41742,0.048597258
41743,0.055098094
41744,0.061010767
41745,0.05656261
41746,0.06453555
41747,0.057809595
41748,0.27266905
41749,0.069563836
41750,0.06241609
41751,0.05794719
41752,0.06253274
41753,0.05779868
41754,0.050844774
41755,0.06469249
41756,0.06943278
41757,0.06082075
41758,0.058147192
41759,0.05445242
41760,0.059919544
41761,0.06844577
41762,0.055021092
41763,0.05621972
41764,0.05675254
41765,0.06580412
41766,0.057199694
41767,0.05583094
41768,0.06637712
41769,0.057016145
41770,0.049131032
41771,0.052582175
41772,0.062317256
41773,0.2826678
41774,0.06278659
41775,0.058210574
41776,0.054769084
41777,0.047938775
